canonical_smiles,inchi_key,label,molecule_chembl_id
CCOc1ccccc1OCC1CNCCO1,YWPHCCPCQOJSGZ-UHFFFAOYSA-N,1,CHEMBL306700
Cc1ccc(/C=N/NC(=O)c2cc3cc([N+](=O)[O-])ccc3s2)o1,LNKFZWNGFUATGR-LZYBPNLTSA-N,0,CHEMBL485519
CC(=O)O.CCNC(=O)[C@@H]1CCCN1C(=O)[C@H](CCCNC(=N)N)NC(=O)[C@H](CC(C)C)NC(=O)[C@@H](Cc1cn(Cc2ccccc2)cn1)NC(=O)[C@H](Cc1ccc(O)cc1)NC(=O)[C@H](CO)NC(=O)[C@H](Cc1c[nH]c2ccccc12)NC(=O)[C@H](Cc1cnc[nH]1)NC(=O)[C@@H]1CCC(=O)N1,OWAUGAMNPZHEOJ-YKZVIGSYSA-N,1,CHEMBL1200509
Cc1cc2c(cc1C)-c1oc(CNc3ccc(CN4CCOCC4)cc3)c(C)c1C(=O)C2=O,RUEULZNGJZLPLJ-UHFFFAOYSA-N,0,CHEMBL4171658
CN1CCCCC1CCN1c2ccc(Br)cc2Sc2cc(Br)ccc21.Cl,XZKCKZLJVQITEO-UHFFFAOYSA-N,1,CHEMBL4791959
COCCc1sc(S(=O)(=O)NC(=O)Nc2cc(C(F)(F)F)c(F)c(N)n2)cc1C,AUTWHHYCTNKYNS-UHFFFAOYSA-N,0,CHEMBL1778454
Cl.Cl.O=C1c2c(O)ccc(O)c2C(=O)c2c(NCCNCCO)ccc(NCCNCCO)c21,ZAHQPTJLOCWVPG-UHFFFAOYSA-N,1,CHEMBL1417019
COc1ccc(-c2nccc3c4ccccc4n(CCCCOc4ccc5c6ccnc(C)c6n(CCCc6ccccc6)c5c4)c23)cc1.Cl,URVYAXDYHABEIN-UHFFFAOYSA-N,0,CHEMBL4177326
CC(C)=CCC/C(C)=C/CC/C(C)=C/Cc1cc(O)cc(Sc2ccccc2C(=O)O)c1O,DATLCQIAVKGFHT-JAGDBARYSA-N,0,CHEMBL3945723
O=C(CNS(=O)(=O)c1ccccc1C(=O)NCc1ccccc1)Nc1ccc(O)cc1,JZWWDTIBYWFKGK-UHFFFAOYSA-N,1,CHEMBL4778557
Cc1ccc2nc(-c3ccc(F)cc3)c(CC(=O)N(C)C)n2c1,RBCUOKGPVVSZPC-UHFFFAOYSA-N,0,CHEMBL3971200
CC[C@]1(O)C[C@@H]2CN(CCc3c([nH]c4ccccc34)[C@@](C(=O)OC)(c3cc4c(cc3OC)N(C)[C@H]3[C@@](O)(C(N)=O)[C@H](O)[C@]5(CC)C=CCN6CC[C@]43[C@@H]65)C2)C1,HHJUWIANJFBDHT-ZVTSDNJWSA-N,1,CHEMBL238071
CO[C@@]1(NC(=O)C(C(=O)[O-])c2ccc(O)cc2)C(=O)N2C(C(=O)[O-])=C(CSc3nnnn3C)CO[C@@H]21.[Na+].[Na+],GRIXGZQULWMCLU-HUTAOCTPSA-L,1,CHEMBL1200357
CC1(C)C[C@@H]1C(=O)N/C(=C\CCCCSC[C@H](N)C(=O)O)C(=O)O.C[C@@H](O)[C@H]1C(=O)N2C(C(=O)O)=C(SCC/N=C\N)C[C@H]12,NCCJWSXETVVUHK-ZYSAIPPVSA-N,1,CHEMBL1628401
N=C(CCl)NCCC[C@H](NC(=O)c1cc([N+](=O)[O-])c2nonc2c1)C(=O)NCc1cccc(B(O)O)c1,QVQLUTLQWGEXFG-HNNXBMFYSA-N,0,CHEMBL5630336
Cn1c(=O)c2c(nc3n2CCCN3Cc2ccccc2Br)n(C)c1=O,VPAPPHOZFDSBAJ-UHFFFAOYSA-N,1,CHEMBL4535750
CCN1CCN(C(=O)N[C@@H](C(=O)N[C@]2(OC)C(=O)N3C(C(=O)O)=C(CSc4nnnn4C)CS[C@@H]32)[C@H](C)O)C(=O)C1=O,SMSRCGPDNDCXFR-CYWZMYCQSA-N,1,CHEMBL1908372
Cc1c(Cl)cccc1Nc1ccccc1C(=O)O,YEZNLOUZAIOMLT-UHFFFAOYSA-N,1,CHEMBL121626
CO[C@@H]1C(C=O)=CC[C@@H]2C3=C(C(C)C)CC[C@]3(C)CC[C@@]2(C)[C@H]1O,CSMSQWRDDWOVOS-QNDFHXLGSA-N,0,CHEMBL3770046
COc1ccc(C2C(Cl)C(=O)N2C2=C(Cl)C(=O)c3ccccc3C2=O)cc1,JKWDTWJMTFDQHA-UHFFFAOYSA-N,0,CHEMBL5558772
NCCCNc1ccc2c3c(nn2CCNCCO)-c2c(O)ccc(O)c2C(=O)c13,QEWPVAOWLNMLRI-UHFFFAOYSA-N,1,CHEMBL203666
CC(=O)[C@@]1(O)CC[C@H]2[C@@H]3CCC4=CC(=O)CC[C@]4(C)[C@H]3CC[C@@]21C,DBPWSSGDRRHUNT-CEGNMAFCSA-N,1,CHEMBL1062
CCN1CCC[C@H]1CNC(=O)c1c(OC)ccc(Br)c1OC,GUJRSXAPGDDABA-NSHDSACASA-N,1,CHEMBL22242
Fc1ccc(Nc2nn3c(COc4ccc(-c5ccccc5)cc4)nnc3s2)cc1,BNQHPEOBDFTZPG-UHFFFAOYSA-N,0,CHEMBL523442
CN1CC[C@@H]2Nc3ccccc3[C@@H]2C1.Cl.Cl,UYOQLRWPQRXCPG-HFXMYSAISA-N,1,CHEMBL3137679
O=C1NC(=O)C(=Cc2ccc(OC3CCN(C(=O)c4ccc(C(F)(F)F)c(F)c4)CC3)cc2)C(=O)N1,NJLIYLJDWPGKIF-UHFFFAOYSA-N,0,CHEMBL2180057
CC(=O)C1=C(O)C=C2Oc3c(C(C)=O)c(O)c(C)c(O)c3[C@@]2(C)C1=O,WEYVVCKOOFYHRW-SFHVURJKSA-N,0,CHEMBL367881
CN(C)C(=O)Oc1cc(OC(=O)N(C)C)cc(C(O)CNC(C)(C)C)c1,ANZXOIAKUNOVQU-UHFFFAOYSA-N,1,CHEMBL521589
CCN(CC)CCOc1ccc(/C(=C(/Cl)c2ccccc2)c2ccccc2)cc1.O=C(O)CC(O)(CC(=O)O)C(=O)O,PYTMYKVIJXPNBD-BTKVJIOYSA-N,1,CHEMBL1200667
C=CC(=O)NCCCn1c(=O)c(-c2c(Cl)c(OC)cc(OC)c2Cl)cc2cnc(Nc3c(C)cccc3NC(=O)C=C)cc21,ZWQWTVLDLQPTSW-UHFFFAOYSA-N,0,CHEMBL5633060
Fc1ccc(C(c2ccc(F)cc2)N2CCN(C/C=C/c3ccccc3)CC2)cc1,SMANXXCATUTDDT-QPJJXVBHSA-N,1,CHEMBL30008
CN1CCN(C(=S)Nc2ccc(Nc3ccc([N+](=O)[O-])cc3)cc2)CC1,UFLRJROFPAGRPN-UHFFFAOYSA-N,1,CHEMBL469328
CC1(C)CCSc2ccc(C#Cc3ccc(C(=O)O)cn3)cc21,IQIBKLWBVJPOQO-UHFFFAOYSA-N,1,CHEMBL1201375
CN1C[C@H](CC#N)C[C@@H]2c3cccc4[nH]c(Cl)c(c34)C[C@H]21,JKAHWGPTNVUTNB-IXPVHAAZSA-N,1,CHEMBL80937
CO/N=C(\C(=O)N[C@@H]1C(=O)N2C(C(=O)O)=C(C)CS[C@H]12)c1csc(N)n1,MQLRYUCJDNBWMV-GHXIOONMSA-N,1,CHEMBL2103764
CO/N=C(\C(=O)N[C@@H]1C(=O)N2C(C(=O)O)=C(CSc3nnnn3C)CS[C@H]12)c1csc(N)n1,HJJDBAOLQAWBMH-YCRCPZNHSA-N,1,CHEMBL1201224
Cc1c(C)c2c(c(C)c1O)CCC(C)(C(=O)O)O2,GLEVLJDDWXEYCO-UHFFFAOYSA-N,0,CHEMBL153
O=C(O)CCNC(=O)c1ccc(/N=N/c2ccc(O)c(C(=O)O)c2)cc1,IPOKCKJONYRRHP-FMQUCBEESA-N,1,CHEMBL1201346
C=CCn1cc(-c2nc3ccccc3nc2Cl)c2cc(OC)ccc21,TWKHLQXFLAYHCA-UHFFFAOYSA-N,0,CHEMBL4468513
O=[N+]([O-])O[C@@H]1CO[C@H]2[C@@H]1OC[C@H]2O,YWXYYJSYQOXTPL-KVTDHHQDSA-N,1,CHEMBL4076736
Cc1ncc([N+](=O)[O-])n1CC(O)CCl,IPWKIXLWTCNBKN-UHFFFAOYSA-N,1,CHEMBL1449676
CN(C)CCOC1=Cc2ccccc2Sc2ccc(Cl)cc21,HDOZVRUNCMBHFH-UHFFFAOYSA-N,1,CHEMBL285802
COCC1=C(C(=O)OC(C)OC(=O)OC(C)C)N2C(=O)[C@@H](NC(=O)/C(=N\OC)c3csc(N)n3)[C@H]2SC1,LTINZAODLRIQIX-FBXRGJNPSA-N,1,CHEMBL1201016
NNC(=O)c1cc2cc([N+](=O)[O-])ccc2s1,ABXPPZCMVGQVLA-UHFFFAOYSA-N,0,CHEMBL484279
c1ccc2c(CCC3CCNCC3)c[nH]c2c1,SADQVAVFGNTEOD-UHFFFAOYSA-N,1,CHEMBL276520
N[C@@H](CSCC(=O)O)C(=O)O,GBFLZEXEOZUWRN-VKHMYHEASA-N,1,CHEMBL396416
CSc1ccc(C(=O)/C=C/c2cc(C)c(OC(C)(C)C(=O)O)c(C)c2)cc1,AFLFKFHDSCQHOL-IZZDOVSWSA-N,1,CHEMBL3707395
Nc1cc([As]2[As](c3ccc(O)c(N)c3)[As](c3ccc(O)c(N)c3)[As](c3ccc(O)c(N)c3)[As]2c2ccc(O)c(N)c2)ccc1O.Nc1cc([As]2[As](c3ccc(O)c(N)c3)[As]2c2ccc(O)c(N)c2)ccc1O,SEXAQLWKUYOMRJ-UHFFFAOYSA-N,1,CHEMBL3137672
CC(C)N(CCC(C(N)=O)(c1ccccc1)c1ccccn1)C(C)C.O=P(O)(O)O,CGDDQFMPGMYYQP-UHFFFAOYSA-N,1,CHEMBL1201020
CN(C)CCC(c1ccc(Cl)cc1)c1ccccn1.O=C(O)/C=C\C(=O)O,DBAKFASWICGISY-BTJKTKAUSA-N,1,CHEMBL1659
COc1cc2c(c3oc(=O)c4c(c13)CCC4=O)[C@@H]1C=CO[C@@H]1O2,OQIQSTLJSLGHID-WNWIJWBNSA-N,1,CHEMBL1697694
O=C(NC(=S)Nc1nc2ccc([N+](=O)[O-])cc2s1)c1ccccc1,XYNJHGPUNXFIPS-UHFFFAOYSA-N,0,CHEMBL523409
CCn1c(=O)n(Cc2cnn(C)c2)c(=O)c2cc(S(=O)(=O)NC3(CF)CC3)ccc21,HUMXMXKZASBHLD-UHFFFAOYSA-N,1,CHEMBL4438105
CN(C)CCn1nnnc1SCC1=C(C(=O)O)N2C(=O)[C@@H](NC(=O)Cc3csc(N)n3)[C@H]2SC1.Cl.Cl,BWRRTAXZCKVRON-DGPOFWGLSA-N,1,CHEMBL4303232
Cc1ccc2nc(NC(=S)NC(=O)c3ccc(Cl)cc3)sc2c1,ZLETXBGTZFIOPO-UHFFFAOYSA-N,0,CHEMBL497199
N=C(N)NCCC[C@@H](NC(=O)[C@@H]1CCCN1C(=O)[C@@H]1CSSCCC(=O)N[C@@H](Cc2ccc(O)cc2)C(=O)N[C@@H](Cc2ccccc2)C(=O)N[C@@H](CCC(N)=O)C(=O)N[C@@H](CC(N)=O)C(=O)N1)C(=O)NCC(N)=O,NFLWUMRGJYTJIN-PNIOQBSNSA-N,1,CHEMBL1429
O=C(Nc1nc2ccc(Cl)cc2s1)NN1C(=O)C(Cl)C1c1ccc(Cl)cc1Cl,HLULTZRXKIQNBX-UHFFFAOYSA-N,1,CHEMBL4569177
O=C(O)Cc1ccccc1Oc1ccc(Cl)cc1Cl,IDKAXRLETRCXKS-UHFFFAOYSA-N,1,CHEMBL15677
Sc1ncnc2[nH]ncc12,PYAOPMWCFSVFOT-UHFFFAOYSA-N,1,CHEMBL119423
CSCC[C@@H]1NC(=O)[C@H](CCC(N)=O)NC(=O)[C@H](Cc2cnc[nH]2)NC(=O)[C@H](CC(=O)O)NC(=O)[C@H]([C@@H](C)O)NC(=O)[C@H]([C@@H](C)O)NC(=O)[C@H](Cc2ccccc2)NC(=O)[C@@H]2CSSC[C@@H]3NC(=O)[C@H](CCCCN)NC(=O)CNC(=O)[C@H](CCCNC(=N)N)NC(=O)CNC(=O)[C@H](CCCCN)NC(=O)CNC(=O)CNC(=O)[C@@H]4CSSC[C@H](NC(=O)[C@H](CCC(N)=O)NC(=O)[C@@H]5CCCN5C(=O)CNC(=O)[C@H](Cc5ccc(O)cc5)NC3=O)C(=O)N[C@@H](CC(C)C)C(=O)N[C@H](C(=O)N[C@@H](CCCNC(=N)N)C(N)=O)CSSC[C@H](NC(=O)[C@H](CCCCN)NC(=O)[C@H](CCCNC(=N)N)NC(=O)[C@H](C)NC1=O)C(=O)N[C@@H](CC(=O)O)C(=O)N[C@@H](CC(=O)O)C(=O)N[C@@H](CSSC[C@H](NC(=O)[C@@H](N)CCSC)C(=O)N[C@@H](CCSC)C(=O)N1CCC[C@H]1C(=O)N2)C(=O)N4,WSMFIEQHZGVFEC-GQIQPHNSSA-N,1,CHEMBL4283817
Cc1cn([C@@H]2O[C@@]3(COP(O)(=S)O[C@H]4[C@H]5OC[C@]4(COP(O)(=S)O[C@@H]4[C@H](O)[C@@H](COP(O)(=S)O[C@H]6[C@@H](O)[C@H](n7cnc8c(=O)[nH]c(N)nc87)O[C@@H]6COP(O)(=S)O[C@H]6[C@@H](O)[C@H](n7ccc(N)nc7=O)O[C@@H]6COP(O)(=S)O[C@H]6[C@@H](O)[C@H](n7ccc(N)nc7=O)O[C@@H]6COP(O)(=S)O[C@H]6C[C@H](n7cc(C)c(=O)[nH]c7=O)O[C@@H]6COP(O)(=S)O[C@H]6[C@@H](O)[C@H](n7ccc(N)nc7=O)O[C@@H]6COP(O)(=S)O[C@H]6C[C@H](n7cc(C)c(=O)[nH]c7=O)O[C@@H]6COP(O)(=S)O[C@H]6[C@@H](O)[C@H](n7cnc8c(=O)[nH]c(N)nc87)O[C@@H]6COP(O)(=S)O[C@H]6[C@@H](O)[C@H](n7cnc8c(=O)[nH]c(N)nc87)O[C@@H]6COP(O)(=S)O[C@H]6[C@@H](O)[C@H](n7cnc8c(N)ncnc87)O[C@@H]6COP(O)(=S)O[C@H]6[C@H]7OC[C@]6(COP(O)(=S)O[C@H]6[C@H]8OC[C@]6(CO)O[C@H]8n6cc(C)c(=O)[nH]c6=O)O[C@H]7n6cc(C)c(=O)[nH]c6=O)O[C@H]4n4cnc6c(N)ncnc64)O[C@H]5n4cc(C)c(=O)[nH]c4=O)CO[C@@H]2[C@@H]3O)c(=O)nc1N,PQYZFGLAQVCFND-VLFSIVLRSA-N,0,CHEMBL529451
Cc1nn(-c2ccccc2)c2nc(-c3ccccc3)cc(C(=O)N/N=C/c3ccccc3O)c12,QZOUKHNSINHPRS-OGLMXYFKSA-N,0,CHEMBL4748961
O=C(O)COc1ccc(NCc2cccc(-c3ccccc3C(F)(F)F)c2)cc1F,YBZZWMVMQHZXIN-UHFFFAOYSA-N,1,CHEMBL4593950
COc1ccc(C(=O)NC(=S)Nc2nc3ccc(Cl)cc3s2)cc1,KBJHEEDUXZLEJQ-UHFFFAOYSA-N,0,CHEMBL449445
Cc1cn([C@@H]2O[C@@]3(CO)CO[C@@H]2[C@@H]3OP(O)(=S)OC[C@@]23CO[C@@H]([C@H](n4cc(C)c(=O)[nH]c4=O)O2)[C@@H]3OP(O)(=S)OC[C@@]23CO[C@@H]([C@H](n4cnc5c(=O)[nH]c(N)nc54)O2)[C@@H]3OP(O)(=S)OC[C@@]23CO[C@@H]([C@H](n4ccc(N)nc4=O)O2)[C@@H]3OP(O)(=S)OC[C@@]23CO[C@@H]([C@H](n4cc(C)c(=O)[nH]c4=O)O2)[C@@H]3OP(O)(=S)OC[C@@]23CO[C@@H]([C@H](n4cnc5ncnc(N)c54)O2)[C@@H]3OP(O)(=S)OC[C@@]23CO[C@@H]([C@H]([n+]4c[nH]c5nc(N)[nH]c(=O)c54)O2)[C@@H]3OP(O)(=S)OC[C@@]23CO[C@@H]([C@H](n4ccc(N)nc4=O)O2)[C@@H]3OP(O)(=S)OC[C@@]23CO[C@@H]([C@H](n4ccc(N)nc4=O)O2)[C@@H]3OP(O)(=S)OC[C@@]23CO[C@@H]([C@H](n4cc(C)c(=O)[nH]c4=O)O2)[C@@H]3OP(O)(=S)OC[C@@]23CO[C@@H]([C@H](n4ccc(N)nc4=O)O2)[C@@H]3OP(O)(=S)OC[C@@]23CO[C@@H]([C@H](n4cc(C)c(=O)[nH]c4=O)O2)[C@@H]3OP(O)(=S)OC[C@@]23CO[C@@H]([C@H]([n+]4c[nH]c5nc(N)[nH]c(=O)c54)O2)[C@@H]3OP(O)(=S)OC[C@@]23CO[C@@H]([C@H]([n+]4c[nH]c5nc(N)[nH]c(=O)c54)O2)[C@@H]3OP(O)(=S)OC[C@@]23CO[C@@H]([C@H](n4cnc5ncnc(N)c54)O2)[C@@H]3OP(O)(=S)OC[C@@]23CO[C@@H]([C@H](n4cc(C)c(=O)[nH]c4=O)O2)[C@@H]3OP(O)(=S)OC[C@@]23CO[C@@H]([C@H](n4cc(C)c(=O)[nH]c4=O)O2)[C@@H]3OP(O)(=S)OC[C@@]23CO[C@@H]([C@H](n4cc(C)c(=O)[nH]c4=O)O2)[C@@H]3O)c(=O)nc1N,LOQHDJDNZMTYNS-BIJQNEFVSA-Q,1,CHEMBL2367492
COc1cc(NCc2ccc3nc(N)nc(N)c3c2C)cc(OC)c1OC,NOYPYLRCIDNJJB-UHFFFAOYSA-N,1,CHEMBL119
CO/N=C(\C(=O)N[C@@H]1C(=O)N2C(C(=O)[O-])=C(C[n+]3ccc(N)n3CCO)CS[C@H]12)c1csc(N)n1,BHXLLRXDAYEMPP-SBGRAJFYSA-N,1,CHEMBL2105940
CC(C)(C)NCC(O)c1cc(O)cc(O)c1.O=S(=O)(O)O,MUPQZWGSBCWCAV-UHFFFAOYSA-N,1,CHEMBL1160544
COc1cc(/C=C/C(=O)O)ccc1O,KSEBMYQBYZTDHS-HWKANZROSA-N,1,CHEMBL32749
C#C[C@]1(O)CC[C@H]2[C@@H]3CCC4=CCCC[C@@H]4[C@H]3CC[C@@]21C,YNVGQYHLRCDXFQ-XGXHKTLJSA-N,1,CHEMBL2107431
CN(C)c1cc(NC(=O)CNC(C)(C)C)c(O)c2c1C[C@H]1C[C@H]3[C@H](N(C)C)C(O)=C(C(N)=O)C(=O)[C@@]3(O)C(O)=C1C2=O,FPZLLRFZJZRHSY-HJYUBDRYSA-N,1,CHEMBL376140
CN1[C@@H]2CC[C@H]1C[C@@H](OC(=O)[C@H](CO)c1ccccc1)C2.O=S(=O)(O)O,VJFQPODMEGSXHC-PGQIENJJSA-N,1,CHEMBL1697729
CN(C)[C@@H]1C(O)=C(C(N)=O)C(=O)[C@@]2(O)C(O)=C3C(=O)c4c(O)ccc(Cl)c4[C@@](C)(O)[C@H]3C[C@@H]12.Cl,CBHYYLPALVVVEY-MRFRVZCGSA-N,1,CHEMBL2146063
C=C1[C@@H]2CCC3[C@@](CC[C@@H]4[C@H](C(=O)O)C[C@@H](O[C@@H]5O[C@H](CO)[C@@H](OS(=O)(=O)[O-])[C@H](OS(=O)(=O)[O-])[C@H]5OC(=O)CC(C)C)C[C@@]34C)(C2)[C@@H]1O.[K+].[K+],IUCNQFHEWLYECJ-CXCSZTQTSA-L,1,CHEMBL499815
O=c1cc[nH]c(=S)[nH]1,ZEMGGZBWXRYJHK-UHFFFAOYSA-N,1,CHEMBL345768
C/N=C(/Cc1ccc2ccccc2c1)NC,NAHCWQNNENHGNH-UHFFFAOYSA-N,1,CHEMBL1192539
CNCCc1ccccn1.Cl.Cl,XVDFMHARQUBJRE-UHFFFAOYSA-N,1,CHEMBL1446813
COC(C)C1=C(C)c2cc3[nH]c(cc4nc(cc5[nH]c(cc1n2)c(C)c5CCC(=O)O)C(CCC(=O)O)=C4C)c(C)c3C(C)O,BEZGXBMGGVINBF-UHFFFAOYSA-N,0,CHEMBL3623244
NC(=O)CCC/N=C(\c1ccc(Cl)cc1)c1cc(F)ccc1O,IBALRBWGSVJPAP-HEHNFIMWSA-N,1,CHEMBL287631
Clc1cccc(C(c2ccc3[nH]cnc3c2)n2ccnc2)c1,UGFHIPBXIWJXNA-UHFFFAOYSA-N,1,CHEMBL389433
Clc1nccc(Nc2nnnn2Cc2ccccc2)n1,XRWQIKFCERFKOD-UHFFFAOYSA-N,1,CHEMBL5205086
O=C(O[C@@H]1C[C@@H]2C[C@H]3C[C@H](C1)N2CC3=O)c1c[nH]c2ccccc12,UKTAZPQNNNJVKR-KJGYPYNMSA-N,1,CHEMBL2368925
COc1cc2oc(=O)c(C)c(C)c2cc1OCCCN1CCN(c2ccccc2OC)CC1,FQELZLMTAPJJOL-UHFFFAOYSA-N,1,CHEMBL1963107
COc1cc(O)cc(O)c1C(=O)CC(C)C,CSDLKVWYPVAIKE-UHFFFAOYSA-N,1,CHEMBL3915949
Nc1nonc1-c1nc2ccccc2n1CC(=O)Nc1cccc([N+](=O)[O-])c1,NGOMNLMIXONWQJ-UHFFFAOYSA-N,0,CHEMBL5091958
Cc1ccccc1-c1cccc(CNc2ccc(OCC(=O)O)c(F)c2)c1,BTDJUKVOKKMSFU-UHFFFAOYSA-N,1,CHEMBL4460582
Cc1cc(O)c(C(=O)N[C@@H](C(=O)N[C@@H]2C(=O)N3C(C(=O)O)=C(CSc4nnnn4C)CS[C@H]23)c2ccc(O)cc2)cn1,PWAUCHMQEXVFJR-PMAPCBKXSA-N,1,CHEMBL1201204
Cl.Nc1c2c(nc3ccccc13)CCCC2.O,PXGRMZYJAOQPNZ-UHFFFAOYSA-N,1,CHEMBL1337960
CC(=O)OCC1=C(C(=O)O)N2C(=O)[C@@H](NC(=O)CC#N)[C@H]2SC1,RRYMAQUWDLIUPV-BXKDBHETSA-N,1,CHEMBL2110602
C=CCc1c(-c2cccc(NS(=O)(=O)c3cccs3)c2)oc(=O)c2cc(F)ccc12,VOVDTTBOHKOABC-UHFFFAOYSA-N,0,CHEMBL4854331
O=C(O)CCCc1ccccc1,OBKXEAXTFZPCHS-UHFFFAOYSA-N,1,CHEMBL1469
CC(C)(Oc1ccc(Cl)cc1)C(=O)NC(=O)NCN1CCOCC1,DDDQVDIPBFGVIG-UHFFFAOYSA-N,1,CHEMBL2107129
CCN1CCN(C(=O)N[C@@H](C(=O)N[C@@H]2C(=O)N3[C@@H]2SC(C)(C)[C@@H]3C(=O)O)c2ccccc2)C(=O)C1=O.C[C@]1(Cn2ccnn2)[C@H](C(=O)O)N2C(=O)C[C@H]2S1(=O)=O,LITBAYYWXZOHAW-XDZRHBBOSA-N,1,CHEMBL436129
COc1ccc2occ(CC3SC(=O)NC3=O)c(=O)c2c1,FTIWULLCPLATCL-UHFFFAOYSA-N,0,CHEMBL3299130
O=CN(O)CCCP(=O)(O)O,GJXWDTUCERCKIX-UHFFFAOYSA-N,1,CHEMBL203125
CO[C@H]1O[C@H](COS(=O)(=O)[O-])[C@@H](O[C@@H]2O[C@@H](C(=O)[O-])[C@@H](COC[C@H]3O[C@H](COS(=O)(=O)[O-])[C@@H](O[C@@H]4O[C@H](C(=O)[O-])[C@@H](COC[C@H]5O[C@H](COS(=O)(=O)[O-])[C@@H](O)[C@H](O)[C@H]5NS(=O)(=O)[O-])[C@H](O)[C@H]4O)[C@H](OS(=O)(=O)[O-])[C@H]3NS(=O)(=O)[O-])[C@H](O)[C@H]2OS(=O)(=O)[O-])[C@H](O)[C@H]1NS(=O)(=O)[O-].[Na+].[Na+].[Na+].[Na+].[Na+].[Na+].[Na+].[Na+].[Na+].[Na+],TXIFUDXAZRPJLS-CMHJJOLKSA-D,1,CHEMBL1276258
Cc1cn([C@@H]2O[C@]3(CO)CO[C@@H]2[C@@H]3OP(O)(=S)OC[C@]23CC([C@H](n4cc(C)c(=O)[nH]c4=O)O2)[C@@H]3OP(O)(=S)OC[C@H]2O[C@@H](n3cc(C)c(=O)[nH]c3=O)C[C@@H]2OP(O)(=S)OC[C@H]2O[C@@H](n3cnc4c(N)ncnc43)[C@H](O)[C@@H]2OP(O)(=S)OC[C@H]2O[C@@H](n3cnc4c(=O)[nH]c(N)nc43)[C@H](O)[C@@H]2OP(O)(=S)OC[C@H]2O[C@@H](n3ccc(N)nc3=O)[C@H](O)[C@@H]2OP(O)(=S)OC[C@H]2O[C@@H](n3cnc4c(N)ncnc43)[C@H](O)[C@@H]2OP(O)(=S)OC[C@H]2O[C@@H](n3ccc(N)nc3=O)[C@H](O)[C@@H]2OP(O)(=S)OC[C@H]2O[C@@H](n3cc(C)c(=O)[nH]c3=O)C[C@@H]2OP(O)(=S)OC[C@H]2O[C@@H](n3cnc4c(=O)[nH]c(N)nc43)[C@H](O)[C@@H]2OP(O)(=S)OC[C@H]2O[C@@H](n3cnc4c(=O)[nH]c(N)nc43)[C@H](O)[C@@H]2OP(O)(=S)OC[C@H]2O[C@@H](n3ccc(N)nc3=O)[C@H](O)[C@@H]2OP(O)(=S)OC[C@]23CO[C@@H]([C@H](n4cc(C)c(N)nc4=O)O2)[C@@H]3OP(O)(=S)OC[C@]23CC([C@H](n4cc(C)c(=O)[nH]c4=O)O2)[C@@H]3O)c(=O)nc1N,JXLKFRGVAKGKLT-AJDNJWQDSA-N,1,CHEMBL1093000
CC1(C)S[C@@H]2[C@H](NC(=O)C(C(=O)O)c3ccccc3)C(=O)N2[C@H]1C(=O)O,FPPNZSSZRUTDAP-UWFZAAFLSA-N,1,CHEMBL1214
Cc1cc(CC(=O)O)n(C)c1C(=O)c1ccc(Cl)cc1,ZXVNMYWKKDOREA-UHFFFAOYSA-N,1,CHEMBL19490
CCN1C(=O)NC(c2ccccc2)C1=O,SZQIFWWUIBRPBZ-UHFFFAOYSA-N,1,CHEMBL1095
CC(C(=O)[O-])c1cccc(Oc2ccccc2)c1.[Na+],WVKIYGXHDKTNFO-UHFFFAOYSA-M,1,CHEMBL138241
Cc1cn([C@H]2CC[C@@H](CO)O2)c(=O)[nH]c1=O,XKKCQTLDIPIRQD-JGVFFNPUSA-N,1,CHEMBL444314
COCCCOc1cc(C[C@@H](C[C@H](N)[C@@H](O)C[C@H](C(=O)NCC(C)(C)C(N)=O)C(C)C)C(C)C)ccc1OC,UXOWGYHJODZGMF-QORCZRPOSA-N,1,CHEMBL1639
COc1nc(-c2ccnc(NC(=O)C3CC3)c2)sc1C(=O)NCCCNc1c2c(nc3ccccc13)CCCC2,XYSJVXMQSXKJCN-UHFFFAOYSA-N,0,CHEMBL4278686
CCCCCNCC(N)=O,GJNNXIYZWIZFRH-UHFFFAOYSA-N,1,CHEMBL75838
C#C[C@]1(O)CC[C@H]2[C@@H]3CCc4cc(O)ccc4[C@H]3CC[C@@]21C,BFPYWIDHMRZLRN-SLHNCBLASA-N,1,CHEMBL691
c1ccc(C2(N3CCCCC3)CCCCC2)cc1,JTJMJGYZQZDUJJ-UHFFFAOYSA-N,1,CHEMBL275528
C[C@H]([C@](O)(Cn1cncn1)c1ccc(F)cc1F)S(C)(=O)=O,HFGZFHCWKKQGIS-NOZJJQNGSA-N,1,CHEMBL34139
CNCCON=c1c2ccccc2ccc2ccccc12,SEDQWOMFMIJKCU-UHFFFAOYSA-N,1,CHEMBL2107576
CCN(CC)CCS(=O)(=O)[C@@H]1CCN2C(=O)c3coc(n3)CC(=O)C[C@H](O)/C=C(C)/C=C/CNC(=O)/C=C/[C@@H](C)[C@@H](C(C)C)OC(=O)[C@@H]12.CC[C@H]1NC(=O)[C@@H](NC(=O)c2ncccc2O)[C@@H](C)OC(=O)[C@H](c2ccccc2)NC(=O)[C@@H]2CC(=O)[C@H](CS[C@@H]3CN4CCC3CC4)CN2C(=O)[C@H](Cc2ccc(N(C)C)cc2)N(C)C(=O)[C@@H]2CCCN2C1=O,PPKJUHVNTMYXOD-PZGPJMECSA-N,1,CHEMBL3137691
CCCCC(CC)COC(=O)CC(C(=O)OCC(CC)CCCC)S(=O)(=O)O,HNSDLXPSAYFUHK-UHFFFAOYSA-N,1,CHEMBL1477036
CNn1cc(C(=O)O)c(=O)c2cc(F)c(N3CCN(C)CC3)cc21,RUXPNBWPIRDVTH-UHFFFAOYSA-N,1,CHEMBL6231
CN1CCN(c2c(F)cc3c(=O)c(C(=O)O)cn(CCF)c3c2F)CC1,XBJBPGROQZJDOJ-UHFFFAOYSA-N,1,CHEMBL6273
CCOC(=O)OC(C)OC(=O)[C@@H]1N2C(=O)[C@@H](NC(=O)[C@H](N)c3ccccc3)[C@H]2SC1(C)C,PFOLLRNADZZWEX-FFGRCDKISA-N,1,CHEMBL1583
O=C(O)CCCOc1cccc(CCCCCCOc2cc(-c3ccncc3)cc(-c3ccncc3)c2)c1CCC(=O)O,HCBQJHASLYAXLH-UHFFFAOYSA-N,1,CHEMBL1099326
Cc1[nH]cnc1CSCCNc1nc(=O)c(Cc2ccc3c(c2)OCO3)c[nH]1,YTBDPHYVGACIPC-UHFFFAOYSA-N,1,CHEMBL2110657
CN1[C@@H]2CC[C@H]1C[C@@H](OC(=O)c1c[nH]c3ccccc13)C2,ZNRGQMMCGHDTEI-ITGUQSILSA-N,1,CHEMBL56564
CC(=O)N[C@H](Cc1ccc2ccccc2c1)C(=O)N[C@H](Cc1ccc(Cl)cc1)C(=O)N[C@H](Cc1cccnc1)C(=O)N[C@@H](CO)C(=O)N[C@@H](Cc1ccc(O)cc1)C(=O)N[C@H](CCCNC(N)=O)C(=O)N[C@@H](CC(C)C)C(=O)N[C@@H](CCCNC(=N)N)C(=O)N1CCC[C@H]1C(=O)N[C@H](C)C(N)=O,SBNPWPIBESPSIF-MHWMIDJBSA-N,1,CHEMBL1200490
CN(/N=N/c1ccc(Br)cc1)C(=O)NCCSc1ccc(O)cc1,BKVPVENZQLBBSA-FMQUCBEESA-N,0,CHEMBL4850739
COC(=O)C1=C(C)NC(C)=C(C(=O)O[C@H]2CCN(Cc3ccccc3)C2)[C@H]1c1cccc([N+](=O)[O-])c1,VXMOONUMYLCFJD-DHLKQENFSA-N,1,CHEMBL2103761
O=C(O)C1N=C(c2ccccc2)c2cc(Cl)ccc2NC1=O,XDDJGVMJFWAHJX-UHFFFAOYSA-N,1,CHEMBL1213252
Nc1nc(NCCCCN2CCN(c3cccc(Cl)c3Cl)CC2)nc(NCCc2c[nH]c3ccccc23)n1,XFPTZPCTBFZTJN-UHFFFAOYSA-N,0,CHEMBL5194614
CCn1cc(C(=O)O)c(=O)c2cc(F)c(N3CCN(C)CC3)cc21,FHFYDNQZQSQIAI-UHFFFAOYSA-N,1,CHEMBL267648
N=C(N)NCCCCCCC(=O)NC(O)C(=O)NCCCCNCCCN,IDINUJSAMVOPCM-UHFFFAOYSA-N,1,CHEMBL406117
Cl.Clc1cccc(Cl)c1NC1=NCCN1,ZNIFSRGNXRYGHF-UHFFFAOYSA-N,1,CHEMBL1705
O=C(N/N=C/c1c[nH]c2ccccc12)c1cc2cc([N+](=O)[O-])ccc2s1,SPNBOBWPSSWEDS-KEBDBYFISA-N,0,CHEMBL485518
CC(C)(C)NCc1cc(Nc2ccnc3cc(Cl)ccc23)ccc1F,OKGGBPZMSDNNFA-UHFFFAOYSA-N,1,CHEMBL453384
Cc1ccc(S(=O)(=O)NC(=O)NC2CCCCC2)cc1N,XXYTXQGCRQLRHA-UHFFFAOYSA-N,1,CHEMBL507419
CN1CCN(C2=Nc3cc(F)ccc3Cc3ccccc32)CC1,OBWGMKKHCLHVIE-UHFFFAOYSA-N,1,CHEMBL63756
CC(C)C[C@H](NC(=O)[C@@H](COC(C)(C)C)NC(=O)[C@H](Cc1ccc(O)cc1)NC(=O)[C@H](CO)NC(=O)[C@H](Cc1c[nH]c2ccccc12)NC(=O)[C@H](Cc1cnc[nH]1)NC(=O)[C@@H]1CCC(=O)N1)C(=O)N[C@@H](CCCNC(=N)N)C(=O)N1CCC[C@H]1C(=O)NNC(N)=O,BLCLNMBMMGCOAS-URPVMXJPSA-N,1,CHEMBL1201247
C[C@]12C=C[C@@]3(CC[C@@H]4[C@@](C)(CO)CCC[C@@]4(C)[C@@H]3CC1)C2,CIGQQQTZOIDQQR-BGSOWLKRSA-N,1,CHEMBL3589110
COC(=O)c1nc2cc(Cl)c3cccnc3c2o1,ZCRBUWNCWCWRGL-UHFFFAOYSA-N,1,CHEMBL23811
COc1cc(/N=C(\N)N2CCN(c3cnc(-c4cccc(Cl)c4Cl)c(N)n3)CC2)ccc1C#N,MZIJBZJSXSVRKO-UHFFFAOYSA-N,0,CHEMBL5428525
COCCCN1CCC(NC(=O)c2cc(Cl)c(N)c3c2OCC3)CC1,ZPMNHBXQOOVQJL-UHFFFAOYSA-N,1,CHEMBL117287
N#Cc1nc2c(nc1C#N)-c1cc(F)c(F)cc1C2=O,PZUSGRHVYDQLHR-UHFFFAOYSA-N,0,CHEMBL4573425
CCC(C)(C)NCC(O)COc1ccccc1C(=O)CCc1ccccc1,VDKMYSMWQCFYBQ-UHFFFAOYSA-N,1,CHEMBL441809
Cc1cc(NS(=O)(=O)c2ccc(N)cc2)nc(C)n1,YZMCKZRAOLZXAZ-UHFFFAOYSA-N,1,CHEMBL485696
COCCc1sc(S(=O)(=O)NC(=O)Nc2cc(C(F)(F)F)cc(C)n2)cc1C,KYLSBKSUZYJHCQ-UHFFFAOYSA-N,0,CHEMBL1778557
COc1ccc(S(=O)(=O)Nc2cc(C(=O)O)ccc2F)c2ccccc12,PRQVEVLBUCMWDD-UHFFFAOYSA-N,0,CHEMBL4295114
CO[C@H]1/C=C/O[C@@]2(C)Oc3c(C)c(O)c4c(O)c(c(/C=N/N5CCN(C6CCCC6)CC5)c(O)c4c3C2=O)NC(=O)/C(C)=C\C=C\[C@H](C)[C@H](O)[C@@H](C)[C@@H](O)[C@@H](C)[C@H](OC(C)=O)[C@@H]1C,WDZCUPBHRAEYDL-GZAUEHORSA-N,1,CHEMBL1660
CO[C@H]1O[C@H](COS(=O)(=O)[O-])[C@@H](O[C@@H]2O[C@@H](C(=O)[O-])[C@@H](O[C@H]3O[C@H](COS(=O)(=O)[O-])[C@@H](O[C@@H]4O[C@H](C(=O)[O-])[C@@H](O[C@H]5O[C@H](COS(=O)(=O)[O-])[C@@H](O)[C@H](O)[C@H]5NS(=O)(=O)[O-])[C@H](O)[C@H]4O)[C@H](OS(=O)(=O)[O-])[C@H]3NS(=O)(=O)[O-])[C@H](O)[C@H]2OS(=O)(=O)[O-])[C@H](O)[C@H]1NS(=O)(=O)[O-].[Na+].[Na+].[Na+].[Na+].[Na+].[Na+].[Na+].[Na+].[Na+].[Na+],XEKSTYNIJLDDAZ-JASSWCPGSA-D,1,CHEMBL1200644
C[C@H](C(=O)O)c1ccc2oc(-c3ccc(F)cc3)nc2c1,ARPYQKTVRGFPIS-VIFPVBQESA-N,1,CHEMBL1614641
CC(=O)[C@H]1CC[C@H]2[C@@H]3CC[C@@H]4C[C@H](O)CC[C@]4(C)[C@H]3CC[C@]12C,AURFZBICLPNKBZ-YZRLXODZSA-N,1,CHEMBL210952
CN[C@@H]1[C@@H](O)[C@@H](O[C@@H]2[C@@H](O)[C@H](O[C@H]3OC(CN)=CC[C@H]3N)[C@@H](N)C[C@H]2N)OC[C@]1(C)O,URWAJWIAIPFPJE-YFMIWBNJSA-N,1,CHEMBL221886
C[C@@]1(c2cc(NC(=O)c3ccc(C#N)cn3)ccc2F)C=CSC(N)=N1,VLLFGVHGKLDDLW-SFHVURJKSA-N,1,CHEMBL3916243
COc1cc(C(=S)N2CCOCC2)cc(OC)c1OC,MVOUIYUWRXPNKD-UHFFFAOYSA-N,1,CHEMBL1414826
COc1cc2cc(COCc3c(-c4ccc(F)cc4)nc(N(C)S(C)(=O)=O)nc3C(C)C)oc(=O)c2cc1OC,PRZOWIBPQONFFA-UHFFFAOYSA-N,0,CHEMBL4759850
O=C(CCCN1CCC(O)(c2ccc(Br)cc2)CC1)c1ccc(F)cc1,RKLNONIVDFXQRX-UHFFFAOYSA-N,1,CHEMBL28218
COc1ccc(CCN(C)CCCC(C#N)(c2cc(OC)c(OC)c(OC)c2)C(C)C)cc1OC,XQLWNAFCTODIRK-UHFFFAOYSA-N,1,CHEMBL51149
C=C1C(=O)[C@]23[C@H](OC(=O)/C=C/c4ccccc4)[C@H]1CC[C@H]2[C@]12C=CCC(C)(C)[C@H]1[C@H](O)[C@]3(O)OC2,CZGDVPSYIOJAFZ-GYORETASSA-N,0,CHEMBL4096510
CNc1ccc(C(=O)/C=C/c2cc(C)c(OC(C)(C)C(=O)OC(C)(C)C)c(C)c2)cc1,JMNQFYWMYKSSSA-NTEUORMPSA-N,0,CHEMBL5630731
Cl.O=C(O)c1cn(C2CC2)c2cc(N3CCNCC3)c(F)cc2c1=O,DIOIOSKKIYDRIQ-UHFFFAOYSA-N,1,CHEMBL1202
O=[N+]([O-])c1cc(Cl)cc(-c2cc(Cl)cc([N+](=O)[O-])c2O)c1O,XULACPAEUUWKFX-UHFFFAOYSA-N,1,CHEMBL2107116
C[S+](CC[C@H](N)C(=O)[O-])C[C@H]1O[C@@H](n2cnc3c(N)ncnc32)[C@H](O)[C@@H]1O,MEFKEPWMEQBLKI-AIRLBKTGSA-N,1,CHEMBL1088977
COCCO[C@@H]1[C@H](O)[C@@H](COP(O)(=S)O[C@H]2[C@@H](OCCOC)[C@H](n3cc(C)c(N)nc3=O)O[C@@H]2COP(O)(=S)O[C@H]2[C@@H](OCCOC)[C@H](n3cc(C)c(=O)[nH]c3=O)O[C@@H]2COP(O)(=S)O[C@H]2[C@@H](OCCOC)[C@H](n3cc(C)c(=O)[nH]c3=O)O[C@@H]2COP(O)(=S)O[C@H]2[C@@H](OCCOC)[C@H](n3cc(C)c(N)nc3=O)O[C@@H]2COP(O)(=S)O[C@H]2[C@@H](O)[C@H](n3cc(C)c(N)nc3=O)O[C@@H]2COP(O)(=S)O[C@H]2[C@@H](O)[C@H](n3cc(C)c(N)nc3=O)O[C@@H]2COP(O)(=S)O[C@H]2C[C@H](n3cc(C)c(=O)[nH]c3=O)O[C@@H]2COP(O)(=S)O[C@H]2[C@@H](O)[C@H](n3cnc4c(=O)[nH]c(N)nc43)O[C@@H]2COP(O)(=S)O[C@H]2[C@@H](O)[C@H](n3cnc4c(N)ncnc43)O[C@@H]2COP(O)(=S)O[C@@H]2[C@H](O)[C@@H](COP(O)(=S)O[C@H]3[C@@H](O)[C@H](n4cnc5c(=O)[nH]c(N)nc54)O[C@@H]3COP(O)(=S)O[C@H]3[C@@H](O)[C@H](n4cnc5c(=O)[nH]c(N)nc54)O[C@@H]3COP(O)(=S)O[C@H]3C[C@H](n4cc(C)c(=O)[nH]c4=O)O[C@@H]3COP(O)(=S)O[C@H]3C[C@H](n4cc(C)c(=O)[nH]c4=O)O[C@@H]3COP(O)(=S)O[C@H]3[C@@H](OCCOC)[C@H](n4cc(C)c(=O)[nH]c4=O)O[C@@H]3COP(O)(=S)O[C@H]3[C@@H](OCCOC)[C@H](n4cc(C)c(N)nc4=O)O[C@@H]3COP(O)(=S)O[C@H]3[C@@H](OCCOC)[C@H](n4ccc(N)nc4=O)O[C@@H]3COP(O)(=S)O[C@H]3[C@@H](OCCOC)[C@H](n4cc(C)c(N)nc4=O)O[C@@H]3COP(O)(=S)O[C@H]3[C@@H](OCCOC)[C@H](n4cc(C)c(N)nc4=O)O[C@@H]3CO)O[C@H]2n2cnc3c(N)ncnc32)O[C@H]1n1cc(C)c(N)nc1=O,BWYUBVXQDMCSAV-UYCUNOMCSA-N,0,CHEMBL527887
O=C1C(Cl)=C(Cl)C(=O)c2ccccc21,SVPKNMBRVBMTLB-UHFFFAOYSA-N,0,CHEMBL318782
CCn1cnc2c(-c3ccc(F)c(-c4cc5c(cc4OC)C(=O)N(C)C5)c3)cnnc21,XPSAGIQSESMIJK-UHFFFAOYSA-N,1,CHEMBL4545044
C[C@]12CC[C@H](OC(=O)[C@H](Cc3c[nH]c4ccccc34)NC(=O)[C@@H]3CCCN3C(=O)CNC(=O)OCc3ccccc3)C[C@H]1CC[C@@H]1[C@@H]2[C@H](O)C(=O)[C@]2(C)[C@@H](c3ccc(=O)oc3)CC[C@]12O,QGAOIYQJWPHBSD-OSUBEBGDSA-N,0,CHEMBL4097137
O=C(Nc1ccccc1-c1cn2c(CN3CCNCC3)csc2n1)c1cnc2ccccc2n1,IASPBORHOMBZMY-UHFFFAOYSA-N,0,CHEMBL257991
CC(C)Cc1ccc(C(C)c2nnc3sc(-c4ccc(Cl)cc4Cl)nn23)cc1,WYAFRUSXLQYNMU-UHFFFAOYSA-N,0,CHEMBL491844
CN[C@@H]1[C@@H](O)[C@@H](O[C@@H]2[C@@H](O)[C@H](O[C@H]3O[C@H](CN)[C@@H](O)[C@H](O)[C@H]3O)[C@@H](N)C[C@H]2NC(=O)[C@@H](O)CN)OC[C@]1(C)O,UDIIBEDMEYAVNG-ZKFPOVNWSA-N,1,CHEMBL272080
C[C@H](N)Cc1ccccc1.C[C@H](N)Cc1ccccc1.O=S(=O)(O)O,PYHRZPFZZDCOPH-QXGOIDDHSA-N,1,CHEMBL3544971
O=C1NC(=O)/C(=C/c2cc3ccccc3s2)S1,UFYVKAIXDMFURB-POHAHGRESA-N,0,CHEMBL4166399
O=[N+]([O-])OCCCNCCCCNc1c2c(nc3ccccc13)CCCC2,NJRCJWGDCROWEJ-UHFFFAOYSA-N,0,CHEMBL407320
NC(CO)(CO)CO.O=C(c1ccccc1)c1ccc2n1CCC2C(=O)O,BWHLPLXXIDYSNW-UHFFFAOYSA-N,1,CHEMBL1201124
Cc1cccc(N2CC(CO)OC2=O)c1,MXUNKHLAEDCYJL-UHFFFAOYSA-N,1,CHEMBL18116
CCC1NC(=O)c2cc(S(N)(=O)=O)c(Cl)cc2N1,AGMMTXLNIQSRCG-UHFFFAOYSA-N,1,CHEMBL1532
O=c1cc(-c2ccccc2)oc2cc(OCCCN3CCN(CCCNc4c5c(nc6ccccc46)CCCC5)CC3)cc(O)c12,VBAJECZQEAYMJO-UHFFFAOYSA-N,1,CHEMBL2436703
CCOC(=O)C1=C(C)NC2=C(C(=O)CCC2)C1c1cc(C(C)CC)c2oc(=O)c(C(=O)OC)cc2c1,JJAFWZKNGVFHDU-UHFFFAOYSA-N,0,CHEMBL2313150
C=C1CC[C@@]2(O)[C@H]3Cc4ccc(O)c5c4[C@@]2(CCN3CC2CC2)[C@H]1O5.Cl,GYWMRGWFQPSQLK-OPHZJPRHSA-N,1,CHEMBL1201152
CC(C)CN(C[C@@H](OP(=O)(O)O)[C@H](Cc1ccccc1)NC(=O)O[C@H]1CCOC1)S(=O)(=O)c1ccc(N)cc1,MLBVMOWEQCZNCC-OEMFJLHTSA-N,1,CHEMBL1664
O=C1NCCN1CCN1CCC(c2cn(-c3ccc(F)cc3)c3ccc(Cl)cc23)CC1,GZKLJWGUPQBVJQ-UHFFFAOYSA-N,1,CHEMBL12713
Fc1ccc2scc(-c3ccc(F)c(CNCCCNc4ccnc5cc(Cl)ccc45)c3)c2c1,GGRTVBHQZYLMHL-UHFFFAOYSA-N,0,CHEMBL4545723
COC(=O)C1=C(C)NC(C)=C(C(=O)OCCN(C)Cc2ccccc2)C1c1cccc([N+](=O)[O-])c1.Cl,AIKVCUNQWYTVTO-UHFFFAOYSA-N,1,CHEMBL1200326
O=C1CN=C(c2ccccc2)c2c(sc3c2CCCC3)N1,AIZFEOPQVZBNGH-UHFFFAOYSA-N,1,CHEMBL1521495
CC1=CCC[C@H]2[C@](C)(Cc3cc(O)cc(Sc4ccccc4C(=O)O)c3O)[C@@H](C)CC[C@]12C,PXYOTUPOITWOPU-JWNPUDRZSA-N,1,CHEMBL238756
Nc1nc(F)nc2c1ncn2[C@@H]1O[C@H](CO)[C@@H](O)[C@@H]1O,HBUBKKRHXORPQB-FJFJXFQQSA-N,1,CHEMBL1568
COc1ccc(COC(Cn2ccnc2)c2ccc(Cl)cc2Cl)cc1,KHOYJMNYQSPWLL-UHFFFAOYSA-N,0,CHEMBL4228284
COc1cc(OC)c(CN[C@@H](CO)C(=O)O)c(OC)c1,NMZHCXSFHMFKNQ-JTQLQIEISA-N,0,CHEMBL3908316
Cn1c(=O)c2c(nc3n2CCCCN3Cc2ccc(Cl)c(Cl)c2)n(C)c1=O,FCUKFDGGKFWZJB-UHFFFAOYSA-N,1,CHEMBL4569183
O=C(O)c1ccccc1O.O=C(O)c1ccccc1O.O=C(O)c1ccccc1O,BEDPUVIQNLDFRT-UHFFFAOYSA-N,1,CHEMBL3137698
Clc1ccc2c(NCCNCCNc3ccnc4cc(Cl)ccc34)ccnc2c1,HRUWSRXSOBVXEI-UHFFFAOYSA-N,0,CHEMBL46524
O=C1C(Cl)=C(N2C(=O)C(Cl)C2c2ccc(Cl)cc2)C(=O)c2ccccc21,COYJCBXJGPKMHX-UHFFFAOYSA-N,0,CHEMBL5555020
Cl[C@H]1[C@H](Cl)[C@@H](Cl)[C@H](Cl)[C@@H](Cl)[C@@H]1Cl,JLYXXMFPNIAWKQ-CDRYSYESSA-N,1,CHEMBL389022
O=C(CO)[C@@H](O)[C@H](O)[C@H](O)CO,BJHIKXHVCXFQLS-UYFOZJQFSA-N,1,CHEMBL1232863
COc1cc(/C=C/C(=O)NCCCNc2c3c(nc4ccccc24)CCCC3)ccc1OCCCO[N+](=O)[O-],DDOBXWSLLJYUGD-FYWRMAATSA-N,0,CHEMBL2171314
Cc1ccsc1C(=CCCN1CCC[C@@H](C(=O)O)C1)c1sccc1C,PBJUNZJWGZTSKL-MRXNPFEDSA-N,1,CHEMBL1027
O=C(NC(=S)Nc1nc2ccc(Br)cc2s1)c1ccccc1Cl,NLBJCEAALVDHNE-UHFFFAOYSA-N,0,CHEMBL496166
COc1cc2c(cc1OC)/C(=C/COCc1c(-c3ccc(F)cc3)nc(N(C)S(C)(=O)=O)nc1C(C)C)OC2=O,QPDRWVMTBQDYLF-JJFYIABZSA-N,0,CHEMBL4756388
CC1(N)CCN(c2cnc(-c3cccc(Cl)c3Cl)c(N)n2)CC1,YGUFCDOEKKVKJK-UHFFFAOYSA-N,1,CHEMBL4060033
Cn1nnnc1SCC1=C(C(=O)[O-])N2C(=O)[C@@H](NC(=O)[C@H](O)c3ccccc3)[C@H]2SC1.[Na+],OJMNTWPPFNMOCJ-CFOLLTDRSA-M,1,CHEMBL1360024
COc1cc(/C=C/C(=O)NCCCNc2c3c(nc4ccccc24)CCCC3)ccc1O,WCIMPGNOMNOHJN-WYMLVPIESA-N,0,CHEMBL255502
N=C(N)NCC1COc2ccccc2O1,HIUVKVDQFXDZHU-UHFFFAOYSA-N,1,CHEMBL76725
CCOc1ccc(C[C@@H](NC(=O)Cc2ccc(C(C)(C)C)cc2)C(=O)N[C@@H](Cc2ccc(F)cc2)C(=O)N[C@H](C(=O)N[C@@H](CC(N)=O)C(=O)N[C@@H](CC)C(=O)N2CCC[C@H]2C(=O)N[C@@H](CCCNC(=N)N)C(=O)N[C@@H](CCCNC(=N)N)C(N)=O)C(C)C)cc1,SNHJAZWMZSZXFM-XJKSQIOZSA-N,0,CHEMBL5575063
Cc1noc(-c2ccc3c(c2)c2c(n3CCCSc3cc(F)cc(F)c3)CCCC2)n1,GZGZYDZBSNEDTO-UHFFFAOYSA-N,0,CHEMBL2179510
CCN(CC)CCn1c(-c2ccccc2)noc1=N,MGSPDRWOUCPKNZ-UHFFFAOYSA-N,1,CHEMBL2104282
CCCCCCCC/C=C\CCCCCCCC(=O)N[C@H](CO)C(C)C,FCFWNUVBSVWFHR-SSSWZJSRSA-N,0,CHEMBL2324498
CN(C)Cc1ccc(CSCCN/C(=C\[N+](=O)[O-])NCc2ccc3c(c2)OCO3)o1,HXRSXEDVVARPHP-UDWIEESQSA-N,1,CHEMBL1909284
Oc1cc(O)cc(/C=C/c2ccc(Nc3c4c(nc5cc(Cl)ccc35)CCCC4)cc2)c1,XZNDKAUHJQWCTR-AATRIKPKSA-N,1,CHEMBL4081795
CC(=O)[C@H]1CC[C@H]2[C@@H]3CC[C@H]4C[C@H](O)CC[C@]4(C)[C@H]3C(=O)C[C@]12C.C[C@]12CC[C@@H](O)C[C@@H]1CC[C@H]1[C@@H]3CC[C@H](C(=O)CO)[C@@]3(C)CC(=O)[C@@H]12,XUBQGWOKVYWNSZ-ZSNKRZAOSA-N,1,CHEMBL3137670
CN1CCOC(O)(c2ccc3c(c2)Nc2ccccc2S3)C1,JKLHPLZNXDHQNO-UHFFFAOYSA-N,0,CHEMBL3234103
Cl.NCc1ccnc(Oc2cccc(C(=O)N3C[C@@H](O)[C@H](F)C3)c2)c1,BKRZYDXKJLEFCP-CTHHTMFSSA-N,0,CHEMBL4063337
C[C@H](CCC(=O)NCCS(=O)(=O)O)[C@H]1CC[C@H]2[C@@H]3CC[C@@H]4C[C@H](O)CC[C@]4(C)[C@H]3CC[C@]12C,QBYUNVOYXHFVKC-GBURMNQMSA-N,1,CHEMBL408701
COc1ccc2c(c1)c(/C=C1\SC(=O)NC1=O)cn2C,JMLUECUVEMXFOZ-XGICHPGQSA-N,0,CHEMBL4160653
COc1cc(Cc2cnc(N)nc2N)cc(OC)c1OC.Nc1ccc(S(=O)(=O)c2ccc(N)cc2)cc1,AOAHJDTZXVIEOS-UHFFFAOYSA-N,1,CHEMBL3137678
C=C[C@H]1CN2CC[C@H]1C[C@H]2[C@H](O)c1ccnc2ccc(OC)cc12.C=C[C@H]1CN2CC[C@H]1C[C@H]2[C@H](O)c1ccnc2ccc(OC)cc12.O.O.O=S(=O)(O)O,ZHNFLHYOFXQIOW-LPYZJUEESA-N,1,CHEMBL2359966
CN(C)CCN1C(=O)c2cccc3cc(N)cc(c23)C1=O,UPALIKSFLSVKIS-UHFFFAOYSA-N,1,CHEMBL428676
Cc1c2ccc(N(C)c3ccnc(Nc4ccc(C(=O)Nc5ccccc5N)cc4)n3)cc2nn1C,IPBGKKBBYNOXCG-UHFFFAOYSA-N,0,CHEMBL4213341
CC(=O)N[C@@H]1[C@@H](O[C@@H]2O[C@@H](C(=O)O)[C@@H](O)[C@H](O)[C@H]2O)[C@@H](OS(=O)(=O)O)[C@@H](CO)O[C@H]1O,AVJBPWGFOQAPRH-FWMKGIEWSA-N,1,CHEMBL4071896
C=COCC(F)(F)F,DLEGDLSLRSOURQ-UHFFFAOYSA-N,1,CHEMBL141446
CC(C)[C@](O)(C(=O)OCC1=CC[N+]2([O-])CC[C@@H](O)[C@@H]12)[C@H](C)O,DNAWGBOKUFFVMB-PZIGJSDBSA-N,1,CHEMBL512655
C#CCN[C@@H]1CCc2ccccc21,RUOKEQAAGRXIBM-GFCCVEGCSA-N,1,CHEMBL887
CC(F)(F)c1nnc(N[C@H](c2cn3ncc([C@@H](C4CC4)N4C[C@@H](C(F)(F)F)NC4=O)cc3n2)C2CCC(F)(F)CC2)o1,JKAYAIYRZARNRQ-YTQUADARSA-N,1,CHEMBL5592636
CC1(C)S[C@@H]2[C@H](NC(=O)[C@H](N)c3ccc(O)cc3)C(=O)N2[C@H]1C(=O)O.O=C(O)[C@H]1/C(=C/CO)O[C@@H]2CC(=O)N21,QJVHTELASVOWBE-AGNWQMPPSA-N,1,CHEMBL2097107
CCOC(=O)Nc1ccc2c(c1)N(C(=O)CCN1CCOCC1)c1ccccc1S2.Cl,GAQAKFHSULJNAK-UHFFFAOYSA-N,1,CHEMBL1200334
O=C(O)Cc1sc(-c2ccccc2)nc1-c1ccc(Cl)cc1,JIEKMACRVQTPRC-UHFFFAOYSA-N,1,CHEMBL589092
CC(=O)OCCc1sc(S(=O)(=O)NC(=O)Nc2cc(C(F)(F)F)c(F)c(N)n2)cc1C,GNTVDAGUYVYETP-UHFFFAOYSA-N,0,CHEMBL1778556
Cc1ccc(C2CC(c3ccc(-c4ccccc4)cc3)=NN2)cc1,PMLZZDFKZFUXGL-UHFFFAOYSA-N,0,CHEMBL438882
CCc1nc2ccc(Br)cc2c(=O)n1-c1nc2c(OC)cccc2s1,DVHVFJLTYIZULH-UHFFFAOYSA-N,0,CHEMBL2034983
Oc1cc(O)cc(CCc2ccc(Nc3c4c(nc5cc(Cl)ccc35)CCCC4)cc2)c1,MDXJIXIXYVKOEN-UHFFFAOYSA-N,1,CHEMBL4066309
CO[C@H]1/C=C/O[C@@]2(C)Oc3c(C)c(O)c4c(O)c(c5c(nc6cc(C)ccn65)c4c3C2=O)NC(=O)/C(C)=C\C=C\[C@H](C)[C@H](O)[C@@H](C)[C@@H](O)[C@@H](C)[C@H](OC(C)=O)[C@@H]1C,NZCRJKRKKOLAOJ-XRCRFVBUSA-N,1,CHEMBL1617
C[C@H](CSC(=O)c1ccccc1)C(=O)N1C[C@@H](Sc2ccccc2)C[C@H]1C(=O)O,IAIDUHCBNLFXEF-MNEFBYGVSA-N,1,CHEMBL331378
COc1ccc2[n-]c([S@+]([O-])Cc3ncc(C)c(OC)c3C)nc2c1.[Na+],RYXPMWYHEBGTRV-GJFSDDNBSA-N,1,CHEMBL4082704
COc1ccc(C2SCC(=O)N2NC(=O)CNC(=O)c2ccccc2)cc1OC,ANSBBZFWIYDNBO-UHFFFAOYSA-N,0,CHEMBL3357328
Nc1c2c(nc3ccccc13)CCC(C(=O)NCCc1ccccc1)C2,HWXMVNJHAQBMGN-UHFFFAOYSA-N,1,CHEMBL4218238
NC(=O)N1C(=O)/C(=C(\O)c2cccs2)c2cc(Cl)ccc21,LXIKEPCNDFVJKC-QXMHVHEDSA-N,1,CHEMBL1908355
CCCCCCCCCCCCCCCC(=O)NCCCCCCNC(=O)C1CCCCNC(=O)CCN2C(=O)CC(SC[C@H](NC(=O)[C@H](Cc3ccc(O)cc3)NC(=O)[C@H](CCC(=O)O)NC(=O)[C@@H](NC(=O)[C@@H](NC(=O)[C@H](CC(=O)O)NC(=O)[C@H](CC(N)=O)NC(=O)[C@@H](NC(=O)[C@H](Cc3ccc(O)cc3)NC(=O)[C@@H](NC(=O)CNC(=O)[C@H](CCC(=O)O)NC(=O)C(C)(C)NC(=O)[C@@H](N)Cc3c[nH]cn3)[C@@H](C)O)[C@@H](C)O)C(C)C)[C@@H](C)O)C(=O)N[C@@H](CCC(=O)O)C(=O)N[C@@H](CCC(=O)O)C(=O)N[C@@H](CCC(=O)O)C(=O)N[C@@H](C)C(=O)N[C@@H](C)C(=O)N[C@@H](CCCCN)C(=O)N[C@H](C(=O)N[C@@H](Cc3ccccc3)C(=O)N[C@H](C(=O)N[C@@H](CCC(=O)O)C(=O)N[C@@H](Cc3c[nH]c4ccccc34)C(=O)N[C@@H](CC(C)C)C(=O)N[C@H](C(=O)N[C@@H](CCCCN)C(=O)NCC(=O)N[C@@H](CCCCN)C(=O)N3CCC[C@H]3C(=O)N[C@@H](CO)C(=O)N[C@@H](CO)C(=O)NCC(=O)N[C@@H](C)C(=O)N3CCC[C@H]3C(=O)N3CCC[C@H]3C(=O)N3CCC[C@H]3C(=O)N[C@@H](CO)C(=O)NCCOCCOCC(=O)NCCOCCOCC(=O)N[C@@H](Cc3ccc(O)cc3)C(=O)NCC(=O)N[C@@H](Cc3c[nH]c4ccccc34)C(=O)N[C@@H](CC(C)C)C(=O)N[C@@H](CC(=O)O)C(=O)N[C@@H](Cc3ccccc3)C(N)=O)[C@@H](C)CC)[C@@H](C)CC)CSC3CC(=O)N(CCC(=O)N1)C3=O)C2=O,GDCHENRIACOJGE-SPBKKYETSA-N,0,CHEMBL4788440
CCP(=O)(OC)c1ccc2oc(-c3ccc(F)cc3)nc2c1,MNCZMYLRBLYUPR-UHFFFAOYSA-N,1,CHEMBL4638592
COc1ccc(-c2cc(-c3ccc(Cl)cc3)nc(NC(=O)N/N=C\c3ccc([N+](=O)[O-])cc3)n2)cc1OC,YMWOPQJRHAGOAC-MBTHVWNTSA-N,0,CHEMBL1165167
COc1ccc(-c2noc(CC(=O)O)c2-c2ccc(OC)cc2)cc1,DJEIHHYCDCTAAH-UHFFFAOYSA-N,1,CHEMBL259972
CCc1nc2ccc(Br)cc2c(=O)n1-c1nc2cc(Cl)ccc2s1,CFDFOPGLRGTZCE-UHFFFAOYSA-N,0,CHEMBL2035073
CC(=O)n1nc(-c2ccccc2)cc1-c1cn(-c2ccccc2)nc1-c1ccc(OCc2ccccc2)cc1,GXVBFMDZQMQKOU-UHFFFAOYSA-N,1,CHEMBL4449905
CCC[N+]12[C@H](O)[C@@H](CC)[C@@H]3C[C@H]1[C@@H]1N(C)c4ccccc4[C@]14C[C@H]2C3[C@H]4O,UAUHEPXILIZYCU-UUEXUKNBSA-N,1,CHEMBL3137688
C[C@H]1SC(N)=N[C@](C)(c2cc(NC(=O)c3cnc(OCF)cn3)ccc2F)[C@H]1F,JWJQXZNLFNMIHE-AHRODOEDSA-N,0,CHEMBL4557670
C(=N\NC1=NCCN1)/c1c2ccccc2c(/C=N/NC2=NCCN2)c2ccccc12,NJSMWLQOCQIOPE-OCHFTUDZSA-N,1,CHEMBL25336
Cl.Nc1ccc(/N=N/c2ccccc2)c(N)n1,QQBPIHBUCMDKFG-GEEYTBSJSA-N,1,CHEMBL1201022
CO/N=C(\C(=O)N[C@@H]1C(=O)N2C(C(=O)O)=CCS[C@H]12)c1csc(N)n1,NNULBSISHYWZJU-LLKWHZGFSA-N,1,CHEMBL528
O=C(CNS(=O)(=O)c1ccccc1C(=O)NCCc1ccc(O)c(O)c1)Nc1ccc(O)cc1,UFGZPCVLDNZWSV-UHFFFAOYSA-N,0,CHEMBL4800229
Nc1nc2[nH]cc(CCc3ccc(C(=O)N[C@@H](CCC(=O)O)C(=O)O)cc3)c2c(=O)[nH]1,WBXPDJSOTKVWSJ-ZDUSSCGKSA-N,1,CHEMBL225072
O=S1(=O)Nc2c(cc(F)c(F)c2Nc2ccc(I)cc2F)OCC(O)C(O)CC12CC2,FENWEVRRFMFDBS-UHFFFAOYSA-N,0,CHEMBL3883792
CN(C)CCCN1c2ccccc2Sc2ccccc21,ZGUGWUXLJSTTMA-UHFFFAOYSA-N,1,CHEMBL564
N[C@@H](C(=O)N[C@@H]1C(=O)N2C(C(=O)O)=C(Cl)CC[C@H]12)c1ccccc1,JAPHQRWPEGVNBT-UTUOFQBUSA-N,1,CHEMBL1013
CCc1c(C)[nH]c2c1C(=O)C(CN1CCOCC1)CC2.Cl,GQWNECFJGBQMBO-UHFFFAOYSA-N,1,CHEMBL1200419
O=Cc1c(-c2nc(NCCC3CCCC3)c3ccccc3n2)[nH]c2ccccc12,XWDAZJYJVQULHQ-UHFFFAOYSA-N,1,CHEMBL5560184
CN1CCCCC1CCN1c2ccc(Br)cc2[Se]c2cc(Br)ccc21.Cl,PYYZTZRTNNOLCD-UHFFFAOYSA-N,0,CHEMBL4778666
CC(OC(=O)OC1CCCCC1)OC(=O)C1=C(CSc2nnnn2CCN(C)C)CS[C@@H]2[C@H](NC(=O)Cc3csc(N)n3)C(=O)N12,VVFDMWZLBPUKTD-ZKRNHDOASA-N,1,CHEMBL3137675
O=C(O[C@H]1CN2CCC1CC2)N1CCc2ccccc2[C@@H]1c1ccccc1,FBOUYBDGKBSUES-VXKWHMMOSA-N,1,CHEMBL1734
CN1CCCCC1CCN1c2ccccc2Sc2ccc([S+](C)[O-])cc21.O=S(=O)(O)c1ccccc1,CRJHBCPQHRVYBS-UHFFFAOYSA-N,1,CHEMBL1201052
NC(=O)c1nnc(N[C@@H]2CCCC[C@@H]2N)nc1Nc1cccc2cc[nH]c12,FPQNRXITKTZFMF-NWDGAFQWSA-N,1,CHEMBL3416026
CCCCc1ncc(/C=C(\Cc2cccs2)C(=O)O)n1Cc1ccc(C(=O)O)cc1,OROAFUQRIXKEMV-LDADJPATSA-N,1,CHEMBL813
CC(=O)O[C@@]12CO[C@@H]1C[C@H](O)[C@@]1(C)C(=O)[C@H](O)C3=C(C)[C@@H](OC(=O)[C@H](O)[C@@H](NC(=O)OC(C)(C)C)c4ccccc4)C[C@@](O)([C@@H](OC(=O)c4ccccc4)[C@H]21)C3(C)C,ZDZOTLJHXYCWBA-VCVYQWHSSA-N,1,CHEMBL92
Nc1c(C2=NCCN2)cnn1-c1cc(Cl)cc(Cl)c1,ILQYINMEMUEGJD-UHFFFAOYSA-N,0,CHEMBL1922311
O=C(NC(=S)Nc1nc2ccc(F)cc2s1)c1ccccc1Cl,GZOZQVZVABEUDR-UHFFFAOYSA-N,0,CHEMBL496989
CCCCC[C@H](O)/C=C/[C@@H]1[C@H]2C/C(=C/CCCC(=O)O)O[C@H]2C[C@H]1O,KAQKFAOMNZTLHT-OZUDYXHBSA-N,1,CHEMBL1139
CO/N=C(\C(=O)N[C@@H]1C(=O)N2C(C(=O)O)=C(/C=C\c3scnc3C)CS[C@H]12)c1csc(N)n1,KMIPKYQIOVAHOP-YLGJWRNMSA-N,1,CHEMBL1743
O=[As][As+](=O)[O-],MOQADKPFYVWPSE-UHFFFAOYSA-N,1,CHEMBL5483015
NC(=O)OC[C@@H]1[C@H](NC(=O)/C(=N\OCC(=O)O)c2csc(N)n2)C(=O)N1S(=O)(=O)O,UIMOJFJSJSIGLV-JNHMLNOCSA-N,1,CHEMBL1614658
O=c1n(CC2CO2)c(=O)n(CC2CO2)n1CC1CO1,ZTXDHEQQZVFGPK-UHFFFAOYSA-N,1,CHEMBL2105991
Nc1nc(-c2ccccc2)cc(-c2cn(-c3ccccc3)nc2-c2ccc(OCc3ccccc3)cc2)n1,WUHOQZCJWKCYCC-UHFFFAOYSA-N,1,CHEMBL4451192
COc1ccc2nc(NC(=O)CCC(=O)c3ccccc3)sc2c1,NVKUGSUKYBUPDB-UHFFFAOYSA-N,0,CHEMBL2153566
CN(C)CCCn1c2c(c3ccccc31)CCCCCC2,PLIGPBGDXASWPX-UHFFFAOYSA-N,1,CHEMBL126224
CC(C)(C)c1cc2nc3ccccc3nc2s1,AHCBJGYELJNPOC-UHFFFAOYSA-N,1,CHEMBL3330077
CCOC(OCC)C(=O)OCC(=O)[C@]1(O)Cc2c(O)c3c(c(O)c2[C@@H](O[C@H]2C[C@H](N)[C@H](O)[C@H](C)O2)C1)C(=O)c1c(OC)cccc1C3=O,XZSRRNFBEIOBDA-CFNBKWCHSA-N,1,CHEMBL2104401
COC[C@H]1O[C@H]2[C@H](n3ccc(=O)[nH]c3=O)O[C@]1(COP(O)(=S)O[C@H]1[C@H]3O[C@H](COC)[C@]1(COP(O)(=S)OC[C@H]1O[C@@H](n4cnc5c(N)ncnc54)[C@H](O)[C@@H]1OP(O)(=S)OC[C@H]1O[C@@H](n4cc(C)c(=O)[nH]c4=O)[C@H](O)[C@@H]1OP(O)(=S)OC[C@H]1O[C@@H](n4cnc5c(=O)[nH]c(N)nc54)[C@H](O)[C@@H]1OP(O)(=S)OC[C@H]1O[C@@H](n4cnc5c(=O)[nH]c(N)nc54)[C@H](O)[C@@H]1OP(O)(=S)OC[C@H]1O[C@@H](n4ccc(N)nc4=O)[C@H](O)[C@@H]1OP(O)(=S)OC[C@H]1O[C@@H](n4cc(C)c(=O)[nH]c4=O)[C@H](O)[C@@H]1OP(O)(=S)OC[C@H]1O[C@@H](n4cnc5c(=O)[nH]c(N)nc54)[C@H](O)[C@@H]1OP(O)(=S)OC[C@H]1O[C@@H](n4ccc(N)nc4=O)[C@H](O)[C@@H]1OP(O)(=S)OC[C@H]1O[C@@H](n4cnc5c(N)ncnc54)[C@H](O)[C@@H]1OP(O)(=S)OC[C@H]1O[C@@H](n4cnc5c(=O)[nH]c(N)nc54)[C@H](O)[C@@H]1OP(O)(=S)OC[C@]14O[C@@H](n5ccc(N)nc5=O)[C@H](O[C@@H]1COC)[C@@H]4OP(O)(=S)OC[C@]14O[C@@H](n5ccc(=O)[nH]c5=O)[C@H](O[C@@H]1COC)[C@@H]4O)O[C@H]3n1ccc(N)nc1=O)[C@H]2O,AHQISWZMAQZKDI-JRGAYGKNSA-N,0,CHEMBL507788
CN(C)CCC[C@@]1(c2ccc(F)cc2)OCc2cc(C#N)ccc21,WSEQXVZVJXJVFP-FQEVSTJZSA-N,1,CHEMBL1508
CC[C@H](C)[C@H]1NC(=O)[C@@H](NC(=O)[C@@H](CC(C)C)N(C)C(=O)[C@@H]2CCCN2C(=O)C(C)O)[C@@H](C)OC(=O)[C@H](Cc2ccc(OC)cc2)N(C)C(=O)[C@@H]2CCCN2C(=O)[C@H](CC(C)C)NC(=O)[C@@H](C)C(=O)[C@H](C(C)C)OC(=O)C[C@@H]1O,KYHUYMLIVQFXRI-XYUQHQMCSA-N,1,CHEMBL2304286
Cc1nsc(-c2nnc3n2CCN(C(=O)c2ccc(F)cc2)C3)n1,UHNVQJPBRBMNNN-UHFFFAOYSA-N,0,CHEMBL3608684
Nc1c2c(nc3cc(Br)ccc13)CCC(C(=O)NCCCc1ccccc1)C2,MKXGHWZEYYSQRA-UHFFFAOYSA-N,1,CHEMBL4206709
Nc1ccc(C(=O)[O-])cc1.[K+],MZKKJVZIFIQOPP-UHFFFAOYSA-M,1,CHEMBL1564391
CNCCC=C1c2ccccc2CCc2ccccc21.Cl,SHAYBENGXDALFF-UHFFFAOYSA-N,1,CHEMBL1201156
COc1cc([Te]Cc2ccc(S(N)(=O)=O)cc2)cc(OC)c1OC,UJOCIUCEXWNXCT-UHFFFAOYSA-N,0,CHEMBL4471819
CC1=C(/C=C/C(C)=C/C=C/C(C)=C/CO)C(C)(C)CCC1,FPIPGXGPPPQFEQ-OVSJKPMPSA-N,1,CHEMBL986
CN1CCN(CCCN2c3ccccc3Sc3ccc(S(=O)(=O)N(C)C)cc32)CC1,VZYCZNZBPPHOFY-UHFFFAOYSA-N,1,CHEMBL609109
C(=C\c1ccccc1)/CN1CCN(C(c2ccccc2)c2ccccc2)CC1,DERZBLKQOCDDDZ-JLHYYAGUSA-N,1,CHEMBL43064
C[C@H](CCc1ccccc1)NC[C@H](O)c1ccc(O)c(C(N)=O)c1,SGUAFYQXFOLMHL-ACJLOTCBSA-N,1,CHEMBL27193
Cc1cc(C)c(CNc2nc(Cl)nc3c2ncn3C2CCCC2)c(=O)[nH]1,VMSREYOIYAEIBH-UHFFFAOYSA-N,0,CHEMBL4557538
Cc1nnc(C(C)C)n1[C@H]1C[C@H]2CC[C@@H](C1)N2CC[C@H](NC(=O)C1CCC(F)(F)CC1)c1ccccc1,GSNHKUDZZFZSJB-QUMGSSFMSA-N,1,CHEMBL256907
O=C(O)c1cc(=O)c2cc(OCC(O)COc3cccc4oc(C(=O)O)cc(=O)c34)ccc2o1,FSINDHDHRQZTPH-UHFFFAOYSA-N,1,CHEMBL4088679
N#Cc1ncc(N2C(=O)C3(CCC3)N(c3ccc(OC4CCNCC4)cc3)C2=S)cc1C(F)(F)F,BJYQIDOKTISRPH-UHFFFAOYSA-N,1,CHEMBL4876579
CC1(C)S[C@@H]2[C@H](NC(=O)[C@H](N)c3ccccc3)C(=O)N2[C@H]1C(=O)OCOC(=O)[C@@H]1N2C(=O)C[C@H]2S(=O)(=O)C1(C)C,OPYGFNJSCUDTBT-PMLPCWDUSA-N,1,CHEMBL506110
N[C@H](Cc1cc(I)c(Oc2cc(I)c(O)c(I)c2)c(I)c1)C(=O)O,XUIIKFGFIJCVMT-GFCCVEGCSA-N,1,CHEMBL559
O=C(NC(=S)Nc1nc2ccc(Cl)cc2s1)c1ccccc1,GCQQARYPSYGRIN-UHFFFAOYSA-N,0,CHEMBL495541
C=Cc1c(C)c2cc3nc(c4c5[nH]c(cc6nc(cc1[nH]2)C(C)=C6CC)c(C)c5C(=O)C4)[C@@H](CCC(=O)NCC(=O)NCC(=O)N[C@@H](CC(C)C)C(=O)N[C@@H](CCCCN)C(=O)N[C@H](CC(C)C)C(=O)N[C@@H](CC(C)C)C(=O)N[C@@H](CCCCN)C(=O)N[C@H](CCCCN)C(=O)N[C@@H](CC(C)C)C(=O)N[C@H](CC(C)C)C(=O)N[C@H](CCCCN)C(=O)N[C@@H](CCCCN)C(=O)N[C@@H](CC(C)C)C(=O)N[C@@H](CC(C)C)C(=O)N[C@H](CCCCN)C(=O)N[C@@H](CC(C)C)C(=O)N[C@@H](CC(C)C)C(N)=O)[C@@H]3C,NNBCQHRLAFXAIQ-XDZNSFMLSA-N,0,CHEMBL4850435
CCOc1ccc(-c2cccc(CNc3ccc(OCC(=O)O)c(F)c3)c2)c(C)c1,DBLRLBZWFQIKEN-UHFFFAOYSA-N,1,CHEMBL4575598
C=C1C[C@@]23CC[C@H]4[C@@](C)(CCC[C@@]4(C)C(=O)O)[C@@H]2CC[C@@H]1C3,NIKHGUQULKYIGE-OTCXFQBHSA-N,0,CHEMBL489140
COc1cccc(OC)c1C(=O)N[C@@H]1C(=O)N2[C@@H]1SC(C)(C)[C@@H]2C(=O)[O-].[Na+],MGFZNWDWOKASQZ-UMLIZJHQSA-M,1,CHEMBL1164
CC[C@H]1OC(=O)[C@H](C)[C@@H](O[C@H]2C[C@@](C)(OC)[C@@H](O)[C@H](C)O2)[C@H](C)[C@@H](O[C@@H]2O[C@H](C)C[C@H](N(C)C)[C@H]2O)[C@](C)(O)C[C@@H](C)[C@@H]2N[C@@H](COCCOC)O[C@H]([C@H]2C)[C@]1(C)O,WLOHNSSYAXHWNR-DWIOZXRMSA-N,1,CHEMBL1237072
C[C@]1(O)CC[C@H]2[C@@H]3CCC4=CC(=O)CC[C@@H]4[C@H]3CC[C@@]21C,ZXSWTMLNIIZPET-ZOFHRBRSSA-N,1,CHEMBL2106801
Clc1ccc(-c2cc(-c3cn(-c4ccccc4)nc3-c3ccc(OCc4ccccc4)cc3)on2)cc1,HVCATJDIMKDNQF-UHFFFAOYSA-N,1,CHEMBL4440931
Cn1ncc2c(NC(P(=O)(O)O)P(=O)(O)O)nc(-c3cccc(C(=O)Nc4ccc(C(F)(F)F)cc4)c3)nc21,WUZPMXBCFREYEO-UHFFFAOYSA-N,0,CHEMBL5412066
O=C(O)Cc1nn(Cc2nc3cc(C(F)(F)F)ccc3s2)c(=O)c2ccccc12,BCSVCWVQNOXFGL-UHFFFAOYSA-N,1,CHEMBL10372
CCOC(=O)OC(C)OC(=O)[C@@H]1N2C(=O)[C@@H](/N=C/N3CCCCCC3)[C@H]2SC1(C)C,XHKFBADIZIDYBU-MLFVOLAISA-N,1,CHEMBL2106658
CC(=O)OCC1=C(C(=O)O)N2C(=O)[C@@H](NC(=O)CSc3ccncc3)[C@H]2SC1,UQLLWWBDSUHNEB-CZUORRHYSA-N,1,CHEMBL1599
NC(=O)CC[C@H](N)C(=O)O,ZDXPYRJPNDTMRX-VKHMYHEASA-N,1,CHEMBL930
Nc1nc(N)nc(Nc2ccc([As]3SCC(CO)S3)cc2)n1,JCYZMTMYPZHVBF-UHFFFAOYSA-N,1,CHEMBL166
O=[As](O)(O)c1ccc(NCCNc2ccc([As](=O)(O)O)cc2)cc1,YQVALJGIKVYRNI-UHFFFAOYSA-N,1,CHEMBL1788396
CO/N=C(\C(=O)N[C@@H]1C(=O)N2C(C(=O)[O-])=C(C[n+]3ccn4ncccc43)CS[C@H]12)c1nsc(N)n1,QDUIJCOKQCCXQY-WHJQOFBOSA-N,1,CHEMBL1276663
Cl.Cl.O=C(O)COCCN1CCN([C@H](c2ccccc2)c2ccc(Cl)cc2)CC1,PGLIUCLTXOYQMV-GHVWMZMZSA-N,1,CHEMBL1201190
CC(C)(O/N=C(\C(=O)N[C@@H]1C(=O)N2C(C(=O)[O-])=C(C[n+]3ccccc3)CS[C@H]12)c1csc(N)n1)C(=O)O,ORFOPKXBNMVMKC-DWVKKRMSSA-N,1,CHEMBL44354
CC[C@@]1(O)C[C@H](O[C@H]2C[C@H](N(C)C)[C@H](O[C@H]3C[C@H](O)[C@H](O[C@H]4CCC(=O)[C@H](C)O4)[C@H](C)O3)[C@H](C)O2)c2c(cc3c(c2O)C(=O)c2c(O)cccc2C3=O)[C@H]1C(=O)OC,USZYSDMBJDPRIF-SVEJIMAYSA-N,1,CHEMBL502620
C[C@H](Cc1cc2c(c(C(N)=O)c1)N(CCCO)CC2)NCCOc1ccccc1OCC(F)(F)F,PNCPYILNMDWPEY-QGZVFWFLSA-N,1,CHEMBL24778
N[C@@H]1[C@H]2CN(c3nc4c(cc3F)c(=O)c(C(=O)O)cn4-c3ccc(F)cc3F)C[C@@H]12,WVPSKSLAZQPAKQ-CDMJZVDBSA-N,1,CHEMBL428
N#Cc1cc(NC(=O)N[C@H]2CC[C@H](Oc3ccc(C(F)(F)F)cc3)CC2)cc(C(F)(F)F)c1,PAFJUCOAUUKTIT-RUCARUNLSA-N,0,CHEMBL4086884
CC(=O)c1ccc2c(c1)N(CC(C)N(C)C)c1ccccc1S2,XLOQNFNTQIRSOX-UHFFFAOYSA-N,1,CHEMBL2104054
N[C@@H]1CONC1=O,DYDCUQKUCUHJBH-UWTATZPHSA-N,1,CHEMBL771
CCN(CC)CCNC(=O)c1cc(Cl)c(N)cc1OC.Cl,RVFUNJWWXKCWNS-UHFFFAOYSA-N,1,CHEMBL1256771
NC(=O)c1ccccc1S(=O)(=O)NCC(=O)Nc1ccc(O)cc1,WJSYAZTYXSDFEV-UHFFFAOYSA-N,1,CHEMBL4759922
CC(C)C[C@H](NC(=O)[C@@H](O)[C@H](N)Cc1ccccc1)C(=O)O,VGGGPCQERPFHOB-RDBSUJKOSA-N,1,CHEMBL29292
CC(=N)N1CC[C@H](SC2=C(C(=O)O)N3C(=O)[C@H]([C@@H](C)O)[C@H]3C2)C1.O=C(O)CCNC(=O)c1ccccc1,JQWGVORAFCVYJN-TXVDJMPOSA-N,1,CHEMBL3137686
C[C@]12CC[C@H]3[C@@H](CCC4=CC(=O)CC[C@@H]43)[C@@H]1CC[C@@H]2O,NPAGDVCDWIYMMC-IZPLOLCNSA-N,1,CHEMBL757
CN(C)S(=O)(=O)c1ccc2c(c1)N(CCCN1CCC(CCO)CC1)c1ccccc1S2,JOMHSQGEWSNUKU-UHFFFAOYSA-N,1,CHEMBL398880
CC#CC(CC(=O)O)c1ccc(OCc2ccc3nc(-c4ccc(OC)cc4)cn3c2)cc1,NQANQPBUSXASMN-UHFFFAOYSA-N,0,CHEMBL4638956
O=C(CN1C(=O)c2ccccc2S1(=O)=O)Nc1ccc(OC(=O)CCO[N+](=O)[O-])cc1,ARUZCDMXRQVPMH-UHFFFAOYSA-N,0,CHEMBL4281901
CC(=O)OCC(=O)[C@@]1(O)CC[C@H]2[C@@H]3CCC4=CC(=O)C=C[C@]4(C)[C@@]3(F)[C@@H](O)C[C@@]21C,ZOCUOMKMBMEYQV-GSLJADNHSA-N,1,CHEMBL1608183
Nc1ccc(Cc2ccc(N)cc2)cc1,YBRVSVVVWCFQMG-UHFFFAOYSA-N,1,CHEMBL85728
O=C(O)P(=O)(O)O,ZJAOAACCNHFJAH-UHFFFAOYSA-N,1,CHEMBL666
CNC(=O)C[C@@H](N)C(=O)N[C@@H](C(=O)N[C@@H]1C(=O)N2[C@@H]1SC(C)(C)[C@@H]2C(=O)O)c1ccc(O)cc1,BHELIUBJHYAEDK-OAIUPTLZSA-N,1,CHEMBL1318150
O=C(O)CNC(=O)c1ncc(C2CCN(C(=O)CNc3ccc(Cl)cc3)CC2)cc1O,PNWJJULLNCIIMB-UHFFFAOYSA-N,0,CHEMBL5394158
CCCCCCCCCCCCCCCC(=O)OC[C@@H](NC(=O)C(Cl)Cl)[C@H](O)c1ccc([N+](=O)[O-])cc1,PXKHGMGELZGJQE-ILBGXUMGSA-N,1,CHEMBL1506
Nc1nc2cc(Cl)ccc2o1,YGCODSQDUUUKIV-UHFFFAOYSA-N,1,CHEMBL472566
Cc1cccc(Nc2cc(Cl)nc(SCC(=O)NCCO)n2)c1C,RZCKTPORLKUFGY-UHFFFAOYSA-N,1,CHEMBL1908320
CO/N=C(\C(=O)N[C@@H]1C(=O)N2C(C(=O)OCOC(=O)C(C)(C)C)=C(Cn3nnc(C)n3)CS[C@H]12)c1csc(N)n1,UIYAXIPXULMHAI-JLGRZTKVSA-N,1,CHEMBL3137676
CC(NCCCNc1ccnc2cc(Cl)ccc12)c1ccc(-c2csc3ccc(F)cc23)cc1,GQEXVCVGAOTIEA-UHFFFAOYSA-N,1,CHEMBL4447772
CC(C)C[C@H](NC(=O)[C@H](C)NC(=O)[C@@H](NC(=O)[C@H](Cc1ccc(O)cc1)NC(=O)[C@H](Cc1c[nH]c2ccccc12)NC(=O)[C@H](CO)NC(=O)[C@H](CO)NC(=O)[C@H](Cc1ccc(O)cc1)NC(=O)[C@H](CCCCN)NC(=O)[C@H](CCCNC(=N)N)NC(=O)[C@H](CO)NC(=O)[C@H](CCCNC(=N)N)NC(=O)[C@@H](N)Cc1ccc(O)cc1)C(C)C)C(=O)N[C@@H](CCCCN)C(=O)N[C@@H](CCCNC(=N)N)C(=O)N[C@@H](CC(C)C)C(=O)N1CCC[C@H]1C(=O)N[C@@H](CCC(=O)O)C(=O)N[C@H](C(=O)NCC(=O)NCC(=O)NCC(=O)NCCOCCOCCOCCOCCOCCOc1ccc([N+](=O)[O-])cc1[N+](=O)[O-])[C@@H](C)O,FCEKBGGBXQNSAH-KNLLAKKMSA-N,0,CHEMBL5597178
C#C[C@@]1(O)CC[C@H]2[C@@H]3CCC4=CC(=O)CC[C@@H]4[C@H]3CC[C@@]21C,VIKNJXKGJWUCNN-JBKQDOAHSA-N,1,CHEMBL4082273
C1CC1,LVZWSLJZHVFIQJ-UHFFFAOYSA-N,1,CHEMBL1796999
CC(=O)N[C@H]1[C@H]([C@H](O)[C@H](O)CO)OC(C(=O)O)=C[C@@H]1NC(=N)N,ARAIBEBZBOPLMB-UFGQHTETSA-N,1,CHEMBL222813
O=[N+]([O-])c1ccc(O)c([N+](=O)[O-])c1,UFBJCMHMOXMLKC-UHFFFAOYSA-N,1,CHEMBL273386
O=C(O)CCCOc1cccc(CCCCCCOc2cc(-c3ccsc3)cc(-c3ccc4c(c3)OCO4)c2)c1CCC(=O)O,SRPFDFNVILUDAI-UHFFFAOYSA-N,1,CHEMBL1098560
CON1C[C@@]2(COP(O)(=S)O[C@H]3[C@H]4ON(OC)C[C@@]3(COP(O)(=S)O[C@H]3[C@@H](O)[C@H](n5ccc(N)nc5=O)O[C@@H]3COP(O)(=S)O[C@H]3[C@@H](O)[C@H](n5cnc6c(=O)[nH]c(N)nc65)O[C@@H]3COP(O)(=S)O[C@H]3[C@@H](O)[C@H](n5cnc6c(=O)[nH]c(N)nc65)O[C@@H]3COP(O)(=S)O[C@H]3C[C@H](n5cc(C)c(=O)[nH]c5=O)O[C@@H]3COP(O)(=S)O[C@H]3[C@@H](O)[C@H](n5ccc(N)nc5=O)O[C@@H]3COP(O)(=S)O[C@H]3[C@@H](O)[C@H](n5cnc6c(N)ncnc65)O[C@@H]3COP(O)(=S)O[C@H]3[C@@H](O)[C@H](n5ccc(N)nc5=O)O[C@@H]3COP(O)(=S)O[C@H]3[C@@H](O)[C@H](n5cnc6c(=O)[nH]c(N)nc65)O[C@@H]3COP(O)(=S)O[C@H]3[C@@H](O)[C@H](n5cnc6c(N)ncnc65)O[C@@H]3COP(O)(=S)O[C@H]3C[C@H](n5cc(C)c(=O)[nH]c5=O)O[C@@H]3COP(O)(=S)O[C@H]3[C@H]5ON(OC)C[C@@]3(COP(O)(=S)O[C@H]3[C@H]6ON(OC)C[C@@]3(CO)O[C@H]6n3cc(C)c(N)nc3=O)O[C@H]5n3cc(C)c(=O)[nH]c3=O)O[C@H]4n3cc(C)c(N)nc3=O)O[C@@H](n3cc(C)c(=O)[nH]c3=O)[C@H](O1)[C@@H]2O,PCHGKDHRMVTRPW-XZETYFOVSA-N,0,CHEMBL1093001
COc1cc(/C=C/c2ccc(Nc3c4c(nc5ccccc35)CCCC4)cc2)cc(OC)c1,PAAJKELBUMNQHC-VAWYXSNFSA-N,1,CHEMBL4075223
Cc1ccc(Cl)c(Nc2ccccc2C(=O)[O-])c1Cl.O.[Na+],QHJLLDJTVQAFAN-UHFFFAOYSA-M,1,CHEMBL1562610
CCOC(=O)NNc1nncc2ccccc12,WGZDBVOTUVNQFP-UHFFFAOYSA-N,1,CHEMBL1079787
CC(CCC(=O)O)C1CC[C@H]2[C@@H]3CC[C@@H]4C[C@H](O)CC[C@]4(C)[C@H]3CC[C@]12C,SMEROWZSTRWXGI-XBNKRGGSSA-N,1,CHEMBL3137668
CCN(CC)c1ccc2c(-c3ccccc3C(=O)NCC(=O)NCC(=O)N[C@@H](CC(C)C)C(=O)N[C@@H](CCCCN)C(=O)N[C@H](CC(C)C)C(=O)N[C@@H](CC(C)C)C(=O)N[C@@H](CCCCN)C(=O)N[C@H](CCCCN)C(=O)N[C@@H](CC(C)C)C(=O)N[C@H](CC(C)C)C(=O)N[C@H](CCCCN)C(=O)N[C@@H](CCCCN)C(=O)N[C@@H](CC(C)C)C(=O)N[C@@H](CC(C)C)C(=O)N[C@H](CCCCN)C(=O)N[C@@H](CC(C)C)C(=O)N[C@@H](CC(C)C)C(N)=O)c3ccc(=[N+](CC)CC)cc-3oc2c1,RHGJXZFAEALZIR-GSSWQMCCSA-O,1,CHEMBL4855781
O=C(CCc1ccccc1Cl)N1CCN(Cc2ccc(O)c3ncccc23)CC1,KVWCKPHSPHBDCS-UHFFFAOYSA-N,0,CHEMBL4226827
Cc1cc2c(cc1-n1c(C(F)(F)F)nc3cc(C(=O)O)ccc31)C(C)(C)CCC2(C)C,GBMUQLAGEWYKTJ-UHFFFAOYSA-N,1,CHEMBL2332887
Cc1ccc(S(=O)(=O)O)cc1.NC1CCN(C(=O)C[C@H]2CC[C@]3(CC2)OO[C@]2(O3)C3CC4CC(C3)CC2C4)CC1,FFSUNHDUVSRYRL-WEXWRLDCSA-N,0,CHEMBL584107
C/C(=N/NC(=O)Nc1nc(-c2ccc(C)cc2)cc(-c2ccc(F)cc2)n1)c1ccc(Cl)cc1,VSKJUSKFFZYFFF-KYHGBAKBSA-N,0,CHEMBL1164672
O=C(O)c1cccs1,QERYCTSHXKAMIS-UHFFFAOYSA-N,1,CHEMBL1222314
c1cnc(N2CCN(Cc3ccc4c(c3)OCO4)CC2)nc1,OQDPVLVUJFGPGQ-UHFFFAOYSA-N,1,CHEMBL1371770
CCCCC[C@H](O)/C=C/[C@H]1[C@H](O)CC(=O)[C@@H]1CCCCCCC(=O)O,GMVPRGQOIOIIMI-DWKJAMRDSA-N,1,CHEMBL495
N#C[C@@H]1CC(F)(F)CN1C(=O)CNC(=O)c1ccnc2ccc(OCCCN3CCN(C(=O)c4ccc([211At])cc4)CC3)cc12,DBIHOPLBOZBNBM-CTCWLUDLSA-N,0,CHEMBL5182729
CCC(C)Oc1cc(NC(=O)/C(C#N)=C(/C)O)c(F)cc1-c1cccc(C(F)(F)F)c1,HFXRJLLAJRGFLY-LGMDPLHJSA-N,1,CHEMBL5193565
CC(C)=CCc1cc(O)cc(Sc2ccccc2C(=O)O)c1O,YLBDHHKLJYSCEH-UHFFFAOYSA-N,0,CHEMBL3920392
C[C@@H]1NC(=O)[C@@H](N)CNC(=O)[C@H](C2CCNC(=N)N2)NC(=O)/C(=C/NC(N)=O)NC(=O)[C@H](CNC(=O)CC(N)CCCN)NC1=O.N=C1NCCC([C@@H]2NC(=O)/C(=C/NC(N)=O)NC(=O)[C@H](CNC(=O)CC(N)CCCN)NC(=O)[C@H](CO)NC(=O)[C@@H](N)CNC2=O)N1,VCOPTHOUUNAYKQ-DAOVIKHBSA-N,1,CHEMBL2221250
Cl.Cl.Cl.Cl.c1cc(NCCN2CCOCC2)c2ccc3c(ccc4c(NCCN5CCOCC5)ccnc43)c2n1,DIJQTLKLADNVKF-UHFFFAOYSA-N,0,CHEMBL4472278
COc1cc(C)c(C(=O)Oc2cc(C)c(C(=O)O)c(O)c2)c(O)c1,GODLCSLPZIBRMG-UHFFFAOYSA-N,1,CHEMBL1484978
C=CCNC(=S)Nc1cc(C(=O)Nc2ccc(F)c(C)c2)c(C)cc1F,BPRUTWSXZJFFDR-UHFFFAOYSA-N,0,CHEMBL5412496
C[n+]1ccccc1C=NO,JBKPUQTUERUYQE-UHFFFAOYSA-O,1,CHEMBL1420
CCC/C=C/C=C/C(=O)O[C@H]1/C(=C/C(=O)OC)C[C@H]2C[C@H]([C@@H](C)O)OC(=O)C[C@H](O)C[C@@H]3C[C@H](OC(C)=O)C(C)(C)[C@](O)(C[C@@H]4C/C(=C/C(=O)OC)C[C@H](/C=C/C(C)(C)[C@]1(O)O2)O4)O3,MJQUEDHRCUIRLF-TVIXENOKSA-N,1,CHEMBL449158
Cc1nc(NS(=O)(=O)c2ccc(N)cc2)oc1C,CYFLXLSBHQBMFT-UHFFFAOYSA-N,1,CHEMBL2105399
CC(=O)Nc1ccc(/C=N/NC(N)=S)cc1,SRVJKTDHMYAMHA-WUXMJOGZSA-N,1,CHEMBL375492
Cc1ncc(-c2csc(N=C(N)N)n2)[nH]1,GIMNAEMRNXUAQP-UHFFFAOYSA-N,1,CHEMBL70209
Cl.O=C(O)CCCCCCNC1c2ccccc2CCc2ccccc21,VDPUXONTAVMIKZ-UHFFFAOYSA-N,1,CHEMBL1697712
Nc1ncn([C@@H]2O[C@H](CO)[C@@H](O)[C@@H]2O)c(=O)n1,NMUSYJAQQFHJEW-ARQDHWQXSA-N,1,CHEMBL2106666
O=C1C(Cl)=C(N2C(=O)C(Cl)C2c2ccc([N+](=O)[O-])cc2)C(=O)c2ccccc21,VUALIAFQBJAQQC-UHFFFAOYSA-N,0,CHEMBL5532252
CC(C)(C)NC[C@H](O)COc1ccccc1C1CCCC1.O=S(=O)(O)O,KTXVDQNRHZQBOR-RSAXXLAASA-N,1,CHEMBL1200363
CCOC(=O)C1=C(C)NC(C)=C(C(=O)OCC)C1c1ccccc1/C=C/C(=O)OC(C)(C)C,GKQPCPXONLDCMU-CCEZHUSRSA-N,1,CHEMBL460291
CC1(C)S[C@@H]2[C@H](N3C(=O)[C@@H](c4ccccc4)NC3(C)C)C(=O)N2[C@H]1C(=O)O,DXVUYOAEDJXBPY-NFFDBFGFSA-N,1,CHEMBL1201116
O=C(O)c1nn(Cc2ccc(Cl)cc2Cl)c2ccccc12,WDRYRZXSPDWGEB-UHFFFAOYSA-N,1,CHEMBL1257030
Nc1nonc1-c1nc2ccccc2n1CC(=O)Nc1cnc2ccccc2c1,FPAMWJFOROLHQH-UHFFFAOYSA-N,0,CHEMBL5093535
CC(=O)O.CC(C)[C@@H]1NC(=O)[C@H](CCCCN)NC(=O)[C@@H](Cc2c[nH]c3ccccc23)NC(=O)[C@H](Cc2ccc(O)cc2)NC(=O)[C@@H](NC(=O)[C@H](N)Cc2ccc3ccccc3c2)CSSC[C@@H](C(=O)N[C@H](C(N)=O)[C@@H](C)O)NC1=O,DEXPIBGCLCPUHE-UISHROKMSA-N,1,CHEMBL1201184
Cc1onc(-c2ccccc2Cl)c1C(=O)N[C@@H]1C(=O)N2[C@@H]1SC(C)(C)[C@@H]2C(=O)[O-].O.[Na+],KCUWTKOTPIUBRI-VICXVTCVSA-M,1,CHEMBL1200388
CN[C@@H]1[C@H](O[C@H]2[C@H](O[C@H]3[C@H](O)[C@@H](O)[C@H](NC(=N)N)[C@@H](O)[C@@H]3NC(=N)N)O[C@@H](C)[C@]2(O)CO)O[C@@H](CO)[C@H](O)[C@H]1O,ASXBYYWOLISCLQ-HZYVHMACSA-N,1,CHEMBL1950576
C=CC1=C(C)c2cc3[nH]c(cc4nc(cc5[nH]c(cc1n2)c(C)c5CCC(=O)[O-])C(CCC(=O)[O-])=C4C)c(C)c3C(C)OCCCCCC.[Na+].[Na+],LDMWKAXBQVIDKE-UHFFFAOYSA-L,0,CHEMBL4244226
COc1ccc2nc(NC(=S)NC(=O)c3ccc(Cl)cc3)sc2c1,SYADKCLRNHDZAJ-UHFFFAOYSA-N,0,CHEMBL523090
CC(C)[C@H]1CC[C@H](C(=O)N[C@H](Cc2ccccc2)C(=O)O)CC1,OELFLUMRDSZNSF-BRWVUGGUSA-N,1,CHEMBL783
CC(C)=CCC/C(C)=C/Cc1cc(O)cc(Sc2ccccc2C(=O)O)c1O,OMBAVVWDJBOQIG-LFIBNONCSA-N,0,CHEMBL3907011
CCOC(=O)C1(c2ccccc2)CCN(CCC(O)c2ccccc2)CC1,IPOPQVVNCFQFRK-UHFFFAOYSA-N,1,CHEMBL2105385
N#CC(C#N)=NNc1cccc(Cl)c1,UGTJLJZQQFGTJD-UHFFFAOYSA-N,0,CHEMBL224214
COc1ccc(-c2cc(=O)c3c(O)cc(O[C@@H]4O[C@H](CO[C@@H]5O[C@@H](C)[C@H](OS(=O)(=O)O)[C@@H](OS(=O)(=O)O)[C@H]5OS(=O)(=O)O)[C@@H](OS(=O)(=O)O)[C@H](OS(=O)(=O)O)[C@H]4OS(=O)(=O)O)cc3o2)cc1O,CTTCRFBZSKQDMD-YFAPSIMESA-N,0,CHEMBL1651409
O=C(NNC(=S)Nc1ccccc1)c1cc2cc([N+](=O)[O-])ccc2s1,BGIKBBZQLATKQU-UHFFFAOYSA-N,0,CHEMBL519369
CNC=O,ATHHXGZTWNVVOU-UHFFFAOYSA-N,1,CHEMBL9240
Cl.O=C(Nc1ccc(O)c2ncccc12)c1ccc(OC(F)F)c(OCC2CC2)c1,VQRFGCKNHKOXTI-UHFFFAOYSA-N,0,CHEMBL4447509
CC(=O)OCC1=C(C(=O)[O-])N2C(=O)[C@@H](NC(=O)Cc3cccs3)[C@H]2SC1.[Na+],VUFGUVLLDPOSBC-XRZFDKQNSA-M,1,CHEMBL1632
Cc1cn([C@@H]2O[C@@]3(COP(O)(=S)O[C@H]4[C@H]5OC[C@]4(CO)O[C@H]5n4cc(C)c(N)nc4=O)CO[C@@H]2[C@@H]3OP(O)(=S)OC[C@H]2O[C@@H](n3cnc4c(N)ncnc43)[C@H](O)[C@@H]2OP(O)(=S)OC[C@H]2O[C@@H](n3cnc4c(=O)[nH]c(N)nc43)[C@H](O)[C@@H]2OP(O)(=S)OC[C@H]2O[C@@H](n3cnc4c(=O)[nH]c(N)nc43)[C@H](O)[C@@H]2OP(O)(=S)OC[C@H]2O[C@@H](n3cc(C)c(=O)[nH]c3=O)C[C@@H]2OP(O)(=S)OC[C@H]2O[C@@H](n3ccc(N)nc3=O)[C@H](O)[C@@H]2OP(O)(=S)OC[C@H]2O[C@@H](n3ccc(N)nc3=O)[C@H](O)[C@@H]2OP(O)(=S)OC[C@H]2O[C@@H](n3ccc(N)nc3=O)[C@H](O)[C@@H]2OP(O)(=S)OC[C@H]2O[C@@H](n3cnc4c(=O)[nH]c(N)nc43)[C@H](O)[C@@H]2OP(O)(=S)OC[C@H]2O[C@@H](n3cnc4c(=O)[nH]c(N)nc43)[C@H](O)[C@@H]2OP(O)(=S)OC[C@H]2O[C@@H](n3cc(C)c(=O)[nH]c3=O)C[C@@H]2OP(O)(=S)OC[C@@]23CO[C@@H]([C@H](n4cc(C)c(=O)[nH]c4=O)O2)[C@@H]3OP(O)(=S)OC[C@@]23CO[C@@H]([C@H](n4ccc(N)nc4=O)O2)[C@@H]3O)c(=O)nc1N,NSLPVARPWPMVGF-GFDLUDKVSA-N,0,CHEMBL502060
O=C(O)c1ccccc1C(=O)Nc1ccc(S(=O)(=O)Nc2nccs2)cc1,PBMSWVPMRUJMPE-UHFFFAOYSA-N,1,CHEMBL1524273
CCCC1C(=O)N2C(N(C)C)=Nc3ccc(C)cc3N2C1=O,MPHPHYZQRGLTBO-UHFFFAOYSA-N,1,CHEMBL1565476
NC1=C(Cl)C(=O)c2ccccc2C1=O,OBLNWSCLAYSJJR-UHFFFAOYSA-N,0,CHEMBL156959
Cl.Cl.Cl.Cl.c1cc(NCCCCN2CCOCC2)c2ccc3c(ccc4c(NCCN5CCOCC5)ccnc43)c2n1,LOLFEDVPLJIWNM-UHFFFAOYSA-N,0,CHEMBL4445585
CN[C@@H]1[C@H](O)[C@H](NC)[C@H]2O[C@@]3(O)C(=O)C[C@@H](C)O[C@H]3O[C@@H]2[C@H]1O,UNFWWIHTNXNPBV-WXKVUWSESA-N,1,CHEMBL1167
CCCC[C@H](NC(=O)[C@H](Cc1ccc(CS(=O)(=O)O)cc1)NC(=O)[C@H](CC(=O)O)NC(=O)COCCOCCNC(=O)COCCOCCNC(=O)[C@H](CCCNC(=N)N)NC(=O)CNC(=O)[C@H](CCCCN)NC(=O)[C@@H](NC(=O)[C@H](CC(C)C)NC(=O)[C@H](Cc1c[nH]c2ccccc12)NC(=O)[C@H](C)NC(=O)[C@@H](NC(=O)[C@H](Cc1ccccc1)NC(=O)[C@H](CCC(=O)O)NC(=O)[C@H](CCCCNC(=O)COCCOCCNC(=O)COCCOCCNC(=O)CC[C@H](NC(=O)CCCCCCCCCCCCCCCCC(=O)O)C(=O)O)NC(=O)[C@H](C)NC(=O)[C@H](C)NC(=O)[C@H](CCC(N)=O)NC(=O)CNC(=O)[C@H](CCC(=O)O)NC(=O)[C@H](CC(C)C)NC(=O)[C@H](Cc1ccc(O)cc1)NC(=O)[C@H](CO)NC(=O)[C@H](CO)NC(=O)[C@@H](NC(=O)[C@H](CC(=O)O)NC(=O)[C@H](CO)NC(=O)[C@@H](NC(=O)[C@H](Cc1ccccc1)NC(=O)[C@@H](NC(=O)CNC(=O)[C@H](CCC(=O)O)NC(=O)[C@H](C)NC(=O)[C@@H](N)Cc1cnc[nH]1)[C@@H](C)O)[C@@H](C)O)C(C)C)[C@@H](C)CC)C(C)C)C(=O)NCC(=O)N[C@@H](Cc1c[nH]c2ccccc12)C(=O)N[C@@H](CCCC)C(=O)N(C)[C@H](CC(=O)O)C(=O)N(C)[C@@H](Cc1ccccc1)C(N)=O,HUKZWONRCAQCTA-PYISVRNKSA-N,0,CHEMBL5181266
CC(=O)Oc1cc2c(s1)CCN(C(C(=O)C1CC1)c1ccccc1F)C2.Cl,JALHGCPDPSNJNY-UHFFFAOYSA-N,1,CHEMBL1201773
CO/N=C(\C(=O)N[C@@H]1C(=O)N2C(C(=O)[O-])=C(C[N+]3(C)CCCC3)CS[C@H]12)c1csc(N)n1,HVFLCNVBZFFHBT-ZKDACBOMSA-N,1,CHEMBL186
CCP(=O)(OC)c1ccc2oc(-c3ccc(C(F)(F)F)cc3)nc2c1,JORWQECTVIFNQT-UHFFFAOYSA-N,1,CHEMBL4640211
Cc1ccc(-n2nc(C(=O)N3CCCCC3)c(=O)n(Cc3ccccc3)c2=O)cc1C,MSIINHRFNXEONI-UHFFFAOYSA-N,0,CHEMBL5593199
O=NN(CCCl)C(=O)N[C@H]1C(O)O[C@H](CO)[C@@H](O)[C@@H]1O,MYBLAOJMRYYKMS-RTRLPJTCSA-N,1,CHEMBL2094020
CCCCN/C(=C1/C=C(Cl)C=CC1=O)c1ccccc1Cl,JTVLYHXMPUSZIT-VKAVYKQESA-N,1,CHEMBL3137681
CN(C)C/C=C(/c1ccc(Br)cc1)c1cccnc1,OYPPVKRFBIWMSX-SXGWCWSVSA-N,1,CHEMBL37744
C[C@]12CC[C@H]3[C@@H](CCC4=CC(=O)CC[C@@]43C)[C@@H]1CC[C@@H]2O,MUMGGOZAMZWBJJ-DYKIIFRCSA-N,1,CHEMBL386630
COc1cc(CCc2ccc(Nc3c4c(nc5cc(Cl)ccc35)CCCC4)cc2)cc(OC)c1,CIHBFWGGJXFNKH-UHFFFAOYSA-N,1,CHEMBL4083174
Cc1c(C)c2ccc(OCCCN3CCN(Cc4ccc(Cl)cc4)CC3)cc2oc1=O,USCSJAIWXWYTEH-UHFFFAOYSA-N,1,CHEMBL2106970
Cl.Cl.O=C(CCN1CCN2CCCC2C1)N1c2ccccc2Sc2ccc(Cl)cc21,UERHIZBSLAGDLU-UHFFFAOYSA-N,1,CHEMBL1615352
CO[C@@]1(NC(=O)CSC[C@@H](N)C(=O)O)C(=O)N2C(C(=O)O)=C(CSc3nnnn3C)CS[C@@H]21,JSDXOWVAHXDYCU-VXSYNFHWSA-N,1,CHEMBL1276342
N#Cc1cncc(COc2cc(OCc3cccc(-c4ccccc4F)c3Cl)ccc2CNCCO)c1,DSELNKYPNSPLEU-UHFFFAOYSA-N,0,CHEMBL5398715
Nc1ncc2ncn(COCCO)c2n1,OKQHSIGMOWQUIK-UHFFFAOYSA-N,1,CHEMBL2106725
C1CNCCN1.CCCCC1C(=O)N(c2ccccc2)N(c2ccccc2)C1=O,HWGAOXKGTHUMFZ-UHFFFAOYSA-N,1,CHEMBL3137687
OCCN1CCN(CC/C=C2/c3ccccc3Sc3ccc(Cl)cc32)CC1,WFPIAZLQTJBIFN-DVZOWYKESA-N,1,CHEMBL53904
CC(=O)NCCCCCCNC(C)=O,BNQSTAOJRULKNX-UHFFFAOYSA-N,1,CHEMBL291481
O=C(O)Cc1cn(-c2ccccc2)nc1-c1ccc(Cl)cc1,XVUQHFRQHBLHQD-UHFFFAOYSA-N,1,CHEMBL1334692
O=c1cc(-c2ccc(O)cc2)oc2c([C@@H]3O[C@H](CO)[C@@H](O)[C@H](O)[C@H]3O)c(O)cc(O)c12,SGEWCQFRYRRZDC-VPRICQMDSA-N,0,CHEMBL487417
O=C(c1cc(Cl)c(O)c(Cl)c1)n1ccc2cccnc21,HVYNCNZJQZOKFM-UHFFFAOYSA-N,0,CHEMBL5439993
COC(=O)Nc1nc2cc(C(=O)c3ccc(F)cc3)ccc2[nH]1,CPEUVMUXAHMANV-UHFFFAOYSA-N,1,CHEMBL1454946
C[C@]12C=CC(=O)C=C1CC[C@@H]1[C@@H]2CC[C@@]2(C)[C@H]1CC[C@]2(C)O,XWALNWXLMVGSFR-HLXURNFRSA-N,1,CHEMBL1418176
CCCC[C@@H]1CC(=O)[C@]2(O)O[C@@H]3[C@@H](NC)[C@@H](O)[C@@H](NC)[C@H](O)[C@H]3O[C@@H]2O1,KHAUBYTYGDOYRU-IRXASZMISA-N,1,CHEMBL1614655
CCc1nc(N)nc(N)c1-c1ccc(Cl)cc1.Nc1ccc(S(=O)(=O)c2ccc(N)cc2)cc1,DPHWJXXMMQWNKS-UHFFFAOYSA-N,1,CHEMBL3137689
COCC(=O)O,RMIODHQZRUFFFF-UHFFFAOYSA-N,1,CHEMBL1697714
CCCOc1ccc(-c2cc(C(C(=O)OCCOCCO)n3cc4nc(-c5cccc(F)c5F)nc-4cn3)on2)c(C(F)(F)F)c1,BWTYSDDDRNNKFV-UHFFFAOYSA-N,1,CHEMBL3121664
Cc1c(C)c2c(c(C)c1O)CCC(C)(C(=O)NCCCCCCNc1c3c(nc4ccccc14)CCCC3)O2,ATFSKIZVJOMGAR-UHFFFAOYSA-N,0,CHEMBL3410954
CCCCCOC(=O)c1ccccc1C(=O)OCCCCC,IPKKHRVROFYTEK-UHFFFAOYSA-N,1,CHEMBL1503330
CCOC(=O)C1=C(C)NC2=C(C(=O)CCC2)C1c1cc(C(C)CC)c2oc(C(=O)c3ccc(C)cc3)cc2c1,XJILVKAKWJZWEA-UHFFFAOYSA-N,0,CHEMBL4208523
CCC(=O)[C@@]1(C)CC[C@H]2[C@@H]3CCC4=CC(=O)CCC4=C3CC[C@@]21C,QFFCYTLOTYIJMR-XMGTWHOFSA-N,1,CHEMBL196003
CCC(=O)O[C@@H]1CC(=O)O[C@H](C)C/C=C/C=C/[C@H](O)[C@H](C)C[C@H](CC=O)[C@H](O[C@@H]2O[C@H](C)[C@@H](O[C@H]3C[C@@](C)(O)[C@@H](OC(=O)CC)[C@H](C)O3)[C@H](N(C)C)[C@H]2O)[C@H]1OC,DMUAPQTXSSNEDD-QALJCMCCSA-N,1,CHEMBL444963
CCCCCNC(=N)N/N=C/c1c[nH]c2ccc(OC)cc12,IKBKZGMPCYNSLU-RGVLZGJSSA-N,1,CHEMBL76370
C=C1C(=O)[C@]23[C@H](O)[C@H]1CC[C@H]2[C@@]12CO[C@]3(O)[C@@H](O)[C@@H]1C(C)(C)CC[C@@H]2O,SDHTXBWLVGWJFT-XKCURVIJSA-N,0,CHEMBL1164920
CS[C@H]1SC[C@H]2C(=O)N(C)[C@@H](C(C)C)C(=O)OC[C@@H](NC(=O)c3cnc4ccccc4n3)C(=O)N[C@@H](C)C(=O)N(C)[C@@H]1C(=O)N(C)[C@@H](C(C)C)C(=O)OC[C@@H](NC(=O)c1cnc3ccccc3n1)C(=O)N[C@@H](C)C(=O)N2C,AUJXLBOHYWTPFV-VLNMHYLBSA-N,1,CHEMBL510650
COc1ccc2c3c1O[C@H]1C[C@@H](O)C=C[C@@]31CCN(C)C2,ASUTZQLVASHGKV-JDFRZJQESA-N,1,CHEMBL659
O=C(O)C1=C(C[n+]2ccc(CCS(=O)(=O)[O-])cc2)CS[C@@H]2[C@H](NC(=O)[C@H](NC(=O)c3nc[nH]c3C(=O)O)c3ccccc3)C(=O)N12,LNZMRLHZGOBKAN-KAWPREARSA-N,1,CHEMBL2103902
C[C@H]1COc2c(C3(N)CC3)c(F)cc3c(=O)c(C(=O)O)cn1c23,XAGMUUZPGZWTRP-ZETCQYMHSA-N,1,CHEMBL240163
OCCN1CCC(C2CCN(c3nc(NCc4cccc(F)c4F)c4ncn(C5CCCC5)c4n3)CC2)CC1,WYVDFOFDVCFARJ-UHFFFAOYSA-N,0,CHEMBL5641626
CC1CCc2cc(F)cc3c(=O)c(C(=O)O)cn1c23,DPSPPJIUMHPXMA-UHFFFAOYSA-N,1,CHEMBL370252
CC(=O)SCCC(=O)NCCCNc1c2c(nc3ccccc13)CCCC2,PGJQQPKQOLUVLK-UHFFFAOYSA-N,0,CHEMBL2036258
CCNC1=Nc2ccc(Cl)cc2C(C)(c2ccccc2)O1,IBYCYJFUEJQSMK-UHFFFAOYSA-N,1,CHEMBL2106227
O=c1[nH]c(=O)n([C@H]2C[C@H](O)[C@@H](CO)O2)cc1I,XQFRJNBWHJMXHO-RRKCRQDMSA-N,1,CHEMBL788
Cc1c(C)c2c(c(C)c1O)CC[C@@](C)(CCC[C@H](C)CCC[C@H](C)CCCC(C)C)O2,GVJHHUAWPYXKBD-IEOSBIPESA-N,1,CHEMBL47
Cc1ccc(CN(Cc2ccc(C(=O)N3CCc4ccc(OS(N)(=O)=O)cc4C3)cc2)Cc2ccco2)s1,GFZVTJUFPWATJV-UHFFFAOYSA-N,0,CHEMBL3953180
Cc1cc(N2CCOc3ncnc(N)c3C2=O)cc(C)c1C#CC(C)(C)CC(=O)O,SZHDFZYDTUBTCE-UHFFFAOYSA-N,0,CHEMBL4126331
Cc1ccc(-c2noc(-c3cccc(OCC4CCN(Cc5cccc(F)c5)CC4)c3)n2)cn1,RRSJHXGJAMBCDJ-UHFFFAOYSA-N,0,CHEMBL5278087
COc1c(O)cc2cc(C(=O)O)n(C)c2c1C1=c2cc(C(=O)O)[nH]c2=C(Cc2cc(C(=O)O)[nH]c2C(=O)O)C(=O)C1=O,ITXPBHFEYLUJSZ-UHFFFAOYSA-N,0,CHEMBL4291677
COCC(=O)Nc1c(I)c(C(=O)NCC(O)CO)c(I)c(C(=O)N(C)CC(O)CO)c1I,DGAIEPBNLOQYER-UHFFFAOYSA-N,1,CHEMBL1725
C=C1CC[C@H](O)C/C1=C/C=C1\CCC[C@]2(C)[C@@H]([C@H](C)CCCC(C)(C)O)CC[C@@H]12.O,WRLFSJXJGJBFJQ-WPUCQFJDSA-N,1,CHEMBL3544909
CCCc1cc2nc3ccccc3nc2s1,IVCLZNWLDUQQKS-UHFFFAOYSA-N,0,CHEMBL3330076
CC(Cc1ccccc1)NCCC(c1ccccc1)c1ccccc1,IFFPICMESYHZPQ-UHFFFAOYSA-N,1,CHEMBL24072
CN(C)CC/C=C1/c2ccccc2Sc2ccc(Cl)cc21,WSPOMRSOLSGNFJ-AUWJEWJLSA-N,1,CHEMBL908
CN1CCC(=C2c3ccccc3CCc3cccnc32)CC1.O=C(O)/C=C\C(=O)O.O=C(O)/C=C\C(=O)O,SGHXFFAHXTZRQM-SPIKMXEPSA-N,1,CHEMBL3544908
CN(C)[C@@H]1C(O)=C(C(N)=O)C(=O)[C@@]2(O)C(O)=C3C(=O)c4c(O)ccc(Cl)c4[C@@H](O)[C@H]3C[C@@H]12,FMTDIUIBLCQGJB-SEYHBJAFSA-N,1,CHEMBL1591
N=C(N)NCCN1CCCCCCC1.N=C(N)NCCN1CCCCCCC1.O=S(=O)(O)O,NBJGGHFXCGHTNJ-UHFFFAOYSA-N,1,CHEMBL2051958
CC(C)C[C@H](NC(=O)NCc1cn(Cc2ccccc2OCc2ccccc2)nn1)C(=O)NO,XFRYFTSUUZTQBM-NRFANRHFSA-N,0,CHEMBL4125687
CC(C)[N+](C)(CCC(C(N)=O)(c1ccccc1)c1ccccc1)C(C)C,JTPUMZTWMWIVPA-UHFFFAOYSA-O,1,CHEMBL1201232
CCCc1c2oc(C(=O)O)cc(=O)c2cc2c(=O)cc(C(=O)O)n(CC)c12,RQTOOFIXOKYGAN-UHFFFAOYSA-N,1,CHEMBL746
CN1CCCN(C(c2ccccc2)c2ccc(Cl)cc2)CC1,WEUCDJCFJHYFRL-UHFFFAOYSA-N,1,CHEMBL1515447
O=C(O)Cn1c(=O)n(Cc2ccc(Br)cc2F)c(=O)c2ccc(Cl)cc21,SXONDGSPUVNZLO-UHFFFAOYSA-N,1,CHEMBL10413
CCN1CCN(CCCN2CCCN(C(=O)c3ccc(NC(=O)c4ccccc4-c4ccccc4)cc3)c3ccccc32)CC1,GGOOYOFDSPJDBT-UHFFFAOYSA-N,0,CHEMBL5208751
CO[C@@H]1[C@@H](O[C@@H]2O[C@H](C)[C@@H](O[C@H]3C[C@@](C)(O)[C@@H](OC(=O)CC(C)C)[C@H](C)O3)[C@H](N(C)C)[C@H]2O)[C@@H](CC=O)C[C@@H](C)[C@@H](O)/C=C/C=C/C[C@@H](C)OC(=O)C[C@H]1OC(C)=O,XJSFLOJWULLJQS-NGVXBBESSA-N,1,CHEMBL224436
CCCCOCC(CN1C(=O)NC(=O)C(CC)(c2ccccc2)C1=O)OC(N)=O,QHZQILHUJDRDAI-UHFFFAOYSA-N,1,CHEMBL2104283
CNNCc1ccc(C(=O)NC(C)C)cc1.Cl,DERJYEZSLHIUKF-UHFFFAOYSA-N,1,CHEMBL1200410
CNCCNc1ccc2c3c(nn2CCNCCO)-c2c(O)ccc(O)c2C(=O)c13,XASBSYHEEHVCSJ-UHFFFAOYSA-N,1,CHEMBL24329
CC(=O)Oc1ccccc1C(=O)O[C@H]1CC[C@@]2(C)C(=CC[C@H]3[C@@H]4C[C@@H]5O[C@]6(CC[C@@H](C)CO6)[C@@H](C)[C@@H]5[C@@]4(C)CC[C@@H]32)C1,UCHUGKDWVTUWKV-QLHBAWKHSA-N,0,CHEMBL2207425
C[C@@H](O)[C@H]1C(=O)N2C(C(=O)O)=C([C@H]3CCCO3)S[C@H]12,HGGAKXAHAYOLDJ-FHZUQPTBSA-N,1,CHEMBL556262
Nc1nc(NCCc2cccc(Cl)c2Cl)nc(NCCc2c[nH]c3ccccc23)n1,ZOAXAKJUBSMZJB-UHFFFAOYSA-N,0,CHEMBL5177186
COc1ncc(-c2ccc3ncc(-c4nnc(CCN5CCN(C)CC5)o4)n3c2)cc1NS(=O)(=O)c1ccc(F)cc1F,LSPJWTULWKYRTQ-UHFFFAOYSA-N,1,CHEMBL4440406
CN(C)C(=O)Cc1c(-c2ccc(F)cc2)nc2ccc(F)cn12,ZGAAIHOMEBTXHT-UHFFFAOYSA-N,0,CHEMBL3954951
Cc1cn([C@@H]2O[C@]3(CO)CN(C)O[C@@H]2[C@@H]3OP(O)(=S)OC[C@]23CN(C)O[C@@H]([C@H](n4cc(C)c(=O)[nH]c4=O)O2)[C@@H]3OP(O)(=S)OC[C@H]2O[C@@H](n3cc(C)c(=O)[nH]c3=O)C[C@@H]2OP(O)(=S)OC[C@H]2O[C@@H](n3cnc4c(N)ncnc43)[C@H](O)[C@@H]2OP(O)(=S)OC[C@H]2O[C@@H](n3cnc4c(=O)[nH]c(N)nc43)[C@H](O)[C@@H]2OP(O)(=S)OC[C@H]2O[C@@H](n3ccc(N)nc3=O)[C@H](O)[C@@H]2OP(O)(=S)OC[C@H]2O[C@@H](n3cnc4c(N)ncnc43)[C@H](O)[C@@H]2OP(O)(=S)OC[C@H]2O[C@@H](n3ccc(N)nc3=O)[C@H](O)[C@@H]2OP(O)(=S)OC[C@H]2O[C@@H](n3cc(C)c(=O)[nH]c3=O)C[C@@H]2OP(O)(=S)OC[C@H]2O[C@@H](n3cnc4c(=O)[nH]c(N)nc43)[C@H](O)[C@@H]2OP(O)(=S)OC[C@H]2O[C@@H](n3cnc4c(=O)[nH]c(N)nc43)[C@H](O)[C@@H]2OP(O)(=S)OC[C@H]2O[C@@H](n3ccc(N)nc3=O)[C@H](O)[C@@H]2OP(O)(=S)OC[C@]23CN(C)O[C@@H]([C@H](n4cc(C)c(N)nc4=O)O2)[C@@H]3OP(O)(=S)OC[C@]23CN(C)O[C@@H]([C@H](n4cc(C)c(=O)[nH]c4=O)O2)[C@@H]3O)c(=O)nc1N,UBAVXBWRZDVYTR-MOWOJSCFSA-N,0,CHEMBL1093003
Cn1nnnc1SCC1=C(C(=O)O)N2C(=O)[C@@H](NC(=O)[C@H](O)c3ccccc3)[C@H]2SC1,OLVCFLKTBJRLHI-AXAPSJFSSA-N,1,CHEMBL1146
O=C1C=C(NCCNc2c3c(nc4cc(Cl)ccc24)CCCC3)C(=O)c2ccccc21,LPKPJMVPAYGIBN-UHFFFAOYSA-N,0,CHEMBL3356532
CC(C)(C)c1ccc(CCC(O)COc2ccc(C(=O)O)cc2)cc1,LNXBEIZREVRNTF-UHFFFAOYSA-N,1,CHEMBL2105019
COc1cc([C@@H]2Oc3cc([C@H]4Oc5cc(O)cc(O)c5C(=O)[C@@H]4O)ccc3O[C@H]2COC(=O)CCC(=O)NCCCCCCNc2c3c(nc4ccccc24)CCCC3)ccc1O,GIZUBEWPWIDDGU-NQPBXATLSA-N,0,CHEMBL2204447
N=C(NCCCCCCNC(=N)NC(=N)Nc1ccc(Cl)cc1)NC(=N)Nc1ccc(Cl)cc1,GHXZTYHSJHQHIJ-UHFFFAOYSA-N,1,CHEMBL790
Cl.O=c1n(CCCN2CCN(c3cccc(Cl)c3)CC2)nc2ccccn12,OHHDIOKRWWOXMT-UHFFFAOYSA-N,1,CHEMBL1200798
COc1cc2c(cc1OC)C(=O)C(CC1CCN(Cc3cccc(C)n3)CC1)C2,ZBPKNQIMVQSMLB-UHFFFAOYSA-N,0,CHEMBL3919441
[N-]=[N+]=CC(=O)OC[C@H](N)C(=O)O,MZZGOOYMKKIOOX-VKHMYHEASA-N,1,CHEMBL1095699
O=C(CCOCCOCCOCCOCCC(=O)Nc1c(I)cc(I)c(C(=O)O)c1I)Nc1c(I)cc(I)c(C(=O)O)c1I,WWVAPFRKZMUPHZ-UHFFFAOYSA-N,1,CHEMBL1615487
CCN(CC)CCOC(=O)[C@@H](Cc1cccc2ccccc12)C[C@@H]1CCCO1,KBAFPSLPKGSANY-VXKWHMMOSA-N,1,CHEMBL1443491
C[Si](C)(C)c1cccc(C(=O)C(F)(F)F)c1,GAPOASFZXBWUGS-UHFFFAOYSA-N,1,CHEMBL3137700
O=C(CCC(=O)c1ccccc1)Nc1nc2ccc(Cl)cc2s1,WMIZXSCOZZFBNI-UHFFFAOYSA-N,0,CHEMBL2153561
COc1cccc(C2=NN(C(=O)c3ccc(C)nc3)C(c3cn(C)c4ccc(OC)cc34)C2)c1,DNLHEFQPLJPSOF-UHFFFAOYSA-N,0,CHEMBL4294125
CNC1CCCN(c2c(F)cc3c(=O)c(C(=O)O)cn(C4CC4)c3c2OC)C1,MGQLHRYJBWGORO-UHFFFAOYSA-N,1,CHEMBL1210954
C/C(O)=C(\C#N)C(=O)Nc1cc(OC(C)C)c(-c2cccc(C(F)(F)F)c2)cc1F,OTLNLRCPPGPFDK-VBKFSLOCSA-N,1,CHEMBL5169436
Cc1c(C)c2c(c(C)c1O)CCC(C)(C(=O)NCCCCCCCCNc1c3c(nc4cc(Cl)ccc14)CCCC3)O2,MATYDNFWBAVIBC-UHFFFAOYSA-N,0,CHEMBL3632994
CCN(CC)c1ccc(-c2ccc(C(=O)OC)cc2)nn1,YGZBPELFEALWJX-UHFFFAOYSA-N,0,CHEMBL4455065
CS(=O)(=O)OCCOS(C)(=O)=O,QSQFARNGNIZGAW-UHFFFAOYSA-N,1,CHEMBL170630
CNC(=O)c1cccc2c(Nc3ccc(NS(C)(=O)=O)cc3OC)c3cccc(C)c3nc12,TWHSQQYCDVSBRK-UHFFFAOYSA-N,1,CHEMBL48880
C#CC(C)(O)CC,QXLPXWSKPNOQLE-UHFFFAOYSA-N,1,CHEMBL501613
Cc1cn([C@@H]2O[C@@]3(COP(O)(=S)O[C@H]4[C@H]5OC[C@]4(COP(O)(=S)O[C@@H]4[C@H](O)[C@@H](COP(O)(=S)O[C@H]6[C@@H](O)[C@H](n7cnc8c(=O)[nH]c(N)nc87)O[C@@H]6COP(O)(=S)O[C@H]6[C@@H](O)[C@H](n7ccc(N)nc7=O)O[C@@H]6COP(O)(=S)O[C@H]6[C@@H](O)[C@H](n7ccc(N)nc7=O)O[C@@H]6COP(O)(=S)O[C@H]6C[C@H](n7cc(C)c(=O)[nH]c7=O)O[C@@H]6COP(O)(=S)O[C@H]6[C@@H](O)[C@H](n7ccc(N)nc7=O)O[C@@H]6COP(O)(=S)O[C@H]6C[C@H](n7cc(C)c(=O)[nH]c7=O)O[C@@H]6COP(O)(=S)O[C@H]6[C@@H](O)[C@H](n7cnc8c(=O)[nH]c(N)nc87)O[C@@H]6COP(O)(=S)O[C@H]6[C@@H](O)[C@H](n7cnc8c(=O)[nH]c(N)nc87)O[C@@H]6COP(O)(=S)O[C@H]6[C@@H](O)[C@H](n7cnc8c(N)ncnc87)O[C@@H]6COP(O)(=S)O[C@H]6[C@H]7OC[C@]6(COP(O)(=S)O[C@H]6[C@H]8OC[C@]6(COP(O)(=S)O[C@H]6[C@H]9OC[C@]6(CO)O[C@H]9n6cc(C)c(=O)[nH]c6=O)O[C@H]8n6cc(C)c(=O)[nH]c6=O)O[C@H]7n6cc(C)c(=O)[nH]c6=O)O[C@H]4n4cnc6c(N)ncnc64)O[C@H]5n4cc(C)c(=O)[nH]c4=O)CO[C@@H]2[C@@H]3OP(O)(=S)OC[C@@]23CO[C@@H]([C@H](n4cnc5c(=O)[nH]c(N)nc54)O2)[C@@H]3O)c(=O)nc1N,RNZOKTVAEIZCMO-ZIOKOVDGSA-N,0,CHEMBL501036
Cc1cn([C@@H]2O[C@@]3(COP(O)(=S)O[C@H]4[C@H]5O[C@H](C)[C@]4(COP(O)(=S)O[C@H]4C[C@H](n6cc(C)c(=O)[nH]c6=O)O[C@@H]4COP(O)(=S)O[C@H]4[C@@H](O)[C@H](n6cnc7c6N=CNC7N)O[C@@H]4COP(O)(=S)O[C@H]4[C@@H](O)[C@H](n6cnc7c(=O)[nH]c(N)nc76)O[C@@H]4COP(O)(=S)O[C@H]4[C@@H](O)[C@H](n6ccc(N)nc6=O)O[C@@H]4COP(O)(=S)O[C@H]4[C@@H](O)[C@H](n6cnc7c(N)ncnc76)O[C@@H]4COP(O)(=S)O[C@H]4[C@@H](O)[C@H](n6ccc(N)nc6=O)O[C@@H]4COP(O)(=S)O[C@H]4[C@@H](O)[C@H](n6cc(C)c(=O)[nH]c6=O)O[C@@H]4COP(O)(=S)O[C@H]4[C@@H](O)[C@H](n6cnc7c(=O)[nH]c(N)nc76)O[C@@H]4COP(O)(=S)O[C@H]4[C@@H](O)[C@H](n6cnc7c(=O)[nH]c(N)nc76)O[C@@H]4COP(O)(=S)O[C@H]4[C@@H](O)[C@H](n6ccc(N)nc6=O)O[C@@H]4COP(O)(=S)O[C@H]4[C@H]6O[C@H](C)[C@]4(COP(O)(=S)O[C@H]4[C@H]7O[C@H](C)[C@]4(CO)O[C@H]7n4ccc(=O)[nH]c4=O)O[C@H]6n4cc(C)c(N)nc4=O)O[C@H]5n4ccc(=O)[nH]c4=O)[C@@H](C)O[C@@H]2[C@@H]3O)c(=O)nc1N,XYTOFZZIIYJECI-CTTKUTITSA-N,1,CHEMBL501528
O=C1c2cccc3c2[C@H](CCC3)CN1[C@@H]1CN2CCC1CC2,CPZBLNMUGSZIPR-NVXWUHKLSA-N,1,CHEMBL1189679
CCP(=O)(OC)c1ccc2oc(-c3cccc(C(F)(F)F)c3)nc2c1,GIJPBJLOHMBSSM-UHFFFAOYSA-N,1,CHEMBL4634268
CN(CCCCCCCCCCN(C)C(=O)Oc1cccc([N+](C)(C)C)c1)C(=O)Oc1cccc([N+](C)(C)C)c1.[Br-].[Br-],YHKBUDZECQDYBR-UHFFFAOYSA-L,1,CHEMBL1200514
Cc1cc(C(F)(F)F)cc(NC(=O)NS(=O)(=O)c2cc(C)c(CCO)s2)n1,XJLSAOYWVLDVOS-UHFFFAOYSA-N,0,CHEMBL1778558
COc1cccc(COC(Cn2ccnc2)c2ccc(Cl)cc2Cl)c1,QRFIASHLIJORNJ-UHFFFAOYSA-N,0,CHEMBL4229113
CC(C)c1onc(-c2c(Cl)cccc2Cl)c1COc1ccc2c(=O)c(-c3ccc(C(=O)N(C)C)cc3)coc2c1,VLAOSWLJHIWEOK-UHFFFAOYSA-N,0,CHEMBL4288627
CN(C)CCCN1c2ccccc2C(C)(C)c2ccccc21,RYQOGSFEJBUZBX-UHFFFAOYSA-N,1,CHEMBL1328913
Fc1cc(F)cc(-c2cc3nc4ccccc4nc3s2)c1,XSRKSYJPVZRDTR-UHFFFAOYSA-N,0,CHEMBL3330075
O=C(COCCOCCOCC(=O)Nc1c(I)cc(I)c(C(=O)O)c1I)Nc1c(I)cc(I)c(C(=O)O)c1I,JXMIBUGMYLQZGO-UHFFFAOYSA-N,1,CHEMBL1651905
Br.CN1CCOC(O)(c2ccc3c(c2)Sc2ccccc2N3)C1,DNBUKFHVIMCUQB-UHFFFAOYSA-N,0,CHEMBL5412312
Br.CC(Cc1ccc(O)cc1)NCC(O)c1cc(O)cc(O)c1,SGZRQMALQBXAIQ-UHFFFAOYSA-N,1,CHEMBL537445
OC[C@H]1CC[C@H](c2ccc(O)cc2)CC1,MUGVHYZIUXNFTE-XYPYZODXSA-N,0,CHEMBL4526434
CCO.CN1CCC[C@H]1c1cccnc1,BPDQFGHMIVCAMB-PPHPATTJSA-N,1,CHEMBL3137669
O=C(CNS(=O)(=O)c1ccccc1C(F)(F)F)Nc1ccc2c(=O)n3c(nc2c1)CCC3,ARXQHWQZSIQLPK-UHFFFAOYSA-N,0,CHEMBL5570362
O=C(Cn1c(=O)sc2ccc(Cl)cc21)N1CCN(CCO)CC1,HTJXMOGUGMSZOG-UHFFFAOYSA-N,1,CHEMBL274239
CC1=C(C)C(=O)C(C(C)(C)CC(=O)O[C@@H]2[C@@]3(C(C)C)O[C@H]3[C@@H]3O[C@]34[C@]23O[C@H]3C[C@H]2C3=C(CC[C@@]24C)C(=O)OC3)=C(C)C1=O,PVNCNGXGXYJAFK-UHCLYVPCSA-N,0,CHEMBL4473066
NS(=O)(=O)OCCCCCCCOS(N)(=O)=O,GOJJWDOZNKBUSR-UHFFFAOYSA-N,1,CHEMBL182440
CC(=O)N/N=C/c1c(-c2nc(NCCN3CCCC3)c3ccccc3n2)[nH]c2ccccc12,FAZBBJPZVSGANF-JVWAILMASA-N,0,CHEMBL5561856
COc1ccc(C[C@H](N)C(=O)N[C@H]2[C@@H](O)[C@H](n3cnc4c(N(C)C)ncnc43)O[C@@H]2CO)cc1,RXWNCPJZOCPEPQ-NVWDDTSBSA-N,1,CHEMBL469912
CCc1nc(N)nc(N)c1-c1ccc(Cl)cc1.COc1ncnc(NS(=O)(=O)c2ccc(N)cc2)c1OC,LUBUTTBEBGYNJN-UHFFFAOYSA-N,1,CHEMBL3137690
CC[C@H]1NC(=O)[C@@H](NC(=O)c2ncccc2O)[C@@H](C)OC(=O)[C@H](c2ccccc2)NC(=O)[C@@H]2CC(=O)CCN2C(=O)[C@H](Cc2ccc(N(C)C)cc2)N(C)C(=O)[C@@H]2CCCN2C1=O,YGXCETJZBDTKRY-DZCVGBHJSA-N,1,CHEMBL1256399
O=C(CNS(=O)(=O)c1ccccc1C(=O)N1CCN(Cc2ccccc2)CC1)Nc1ccc(O)cc1,AXAYHWMZHPSWKD-UHFFFAOYSA-N,1,CHEMBL4762070
COc1ccc(-n2nc(CCC(=O)N(C)O)cc2-c2ccc(Cl)cc2)cc1,XYKWNRUXCOIMFZ-UHFFFAOYSA-N,1,CHEMBL316040
CCOc1cccc2sc(-n3c(CC)nc4ccc(Br)cc4c3=O)nc12,QSVRXJJXIKARMV-UHFFFAOYSA-N,0,CHEMBL2035080
CC[C@]1(O)C[C@H]2CN(CCc3c([nH]c4ccccc34)[C@@](C(=O)OC)(c3cc4c(cc3OC)N(C=O)[C@H]3[C@@](O)(C(=O)OC)[C@H](OC(C)=O)[C@]5(CC)C=CCN6CC[C@]43[C@@H]65)C2)C1.O=S(=O)(O)O,AQTQHPDCURKLKT-JKDPCDLQSA-N,1,CHEMBL501867
CCN(CC)CC[n+]1ccc2c(C)c3[nH]c4ccc(O)cc4c3c(C)c2c1.[Cl-],UCICRVXYPSKKJK-UHFFFAOYSA-N,1,CHEMBL68332
Cc1cc(COC(=O)NCCCCCCNc2c3c(nc4ccccc24)CCCC3)c(OCc2ccc(B3OC(C)(C)C(C)(C)O3)cc2)c(COC(=O)C(C)c2ccc(CC(C)C)cc2)c1,SKELAQDUKQZHFA-UHFFFAOYSA-N,1,CHEMBL4792602
CN1CCN(CC/C=C2/c3ccccc3Sc3ccc(S(=O)(=O)N(C)C)cc32)CC1,GFBKORZTTCHDGY-UWVJOHFNSA-N,1,CHEMBL1201
O=C(NCCN1CCN(c2cccc3c2OC[C@H](CO)O3)CC1)c1ccc(F)cc1,NYSDRDDQELAVKP-SFHVURJKSA-N,1,CHEMBL1742477
S=C=Nc1ccccc1,QKFJKGMPGYROCL-UHFFFAOYSA-N,1,CHEMBL309036
COc1cc(CCc2ccc(Nc3c4c(nc5ccc(OC)cc35)CCCC4)cc2)cc(OC)c1,DXRDOOGXEOFHOC-UHFFFAOYSA-N,1,CHEMBL4072700
Cc1nc(-c2nnc3n2CCN(C(=O)c2ccc(-c4cccs4)cc2)[C@@H]3C)cs1,BWTVMVHFJRFVFO-CYBMUJFWSA-N,0,CHEMBL3422010
CC(=O)O[C@H]1CC[C@H]2[C@@H]3CC[C@H]4CC(=O)C=C(C)[C@]4(C)[C@H]3CC[C@]12C,PGAUJQOPTMSERF-QWQRBHLCSA-N,1,CHEMBL2106880
CCCC[C@H](NC(=O)[C@H](Cc1ccc(CS(=O)(=O)O)cc1)NC(=O)[C@H](CC(=O)O)NC(=O)COCCOCCNC(=O)COCCOCCNC(=O)[C@H](CCCCN)NC(=O)CNC(=O)[C@H](CCCCN)NC(=O)[C@@H](NC(=O)[C@H](CC(C)C)NC(=O)[C@H](Cc1c[nH]c2ccccc12)NC(=O)[C@H](CCC(=O)O)NC(=O)[C@@H](NC(=O)[C@H](Cc1ccccc1)NC(=O)[C@H](CCC(=O)O)NC(=O)[C@H](CCCCNC(=O)COCCOCCNC(=O)COCCOCCNC(=O)CC[C@H](NC(=O)CCCCCCCCCCCCCCCCC(=O)O)C(=O)O)NC(=O)[C@H](C)NC(=O)[C@H](C)NC(=O)[C@H](CCC(=O)O)NC(=O)[C@H](CCC(=O)O)NC(=O)[C@H](CCC(=O)O)NC(=O)[C@H](CC(C)C)NC(=O)[C@@H](NC(=O)[C@H](CCC(=O)O)NC(=O)[C@@H](NC(=O)[C@@H](NC(=O)[C@H](CC(=O)O)NC(=O)[C@H](CC(N)=O)NC(=O)[C@@H](NC(=O)[C@H](Cc1ccc(O)cc1)NC(=O)[C@@H](NC(=O)CNC(=O)[C@H](CCC(=O)O)NC(=O)C(C)(C)NC(=O)[C@@H](N)Cc1cnc[nH]1)[C@@H](C)O)[C@@H](C)O)C(C)C)[C@@H](C)O)[C@@H](C)O)[C@@H](C)CC)[C@@H](C)CC)C(=O)NCC(=O)N[C@@H](Cc1c[nH]c2ccccc12)C(=O)N[C@@H](CCCC)C(=O)N(C)[C@H](CC(=O)O)C(=O)N(C)[C@@H](Cc1ccccc1)C(N)=O,ZHPWSEYCGYZOHT-VPZKMCAASA-N,0,CHEMBL5182331
CCCN[C@H]1CCc2nc(N)sc2C1,FASDKYOPVNHBLU-ZETCQYMHSA-N,1,CHEMBL301265
CC(C)=CCCC(C)=CCCn1cc(CC(P(=O)(O)O)P(=O)(O)O)nn1,GADOQTNZNVQUEX-UHFFFAOYSA-N,0,CHEMBL5082037
CC(=O)[C@@]1(O)CC[C@H]2[C@@H]3C=C(Cl)C4=CC(=O)[C@@H]5C[C@@H]5[C@]4(C)[C@H]3CC[C@@]21C,DUSHUSLJJMDGTE-ZJPMUUANSA-N,1,CHEMBL142130
O=C(CNS(=O)(=O)c1ccccc1C(=O)NCc1ccc([N+](=O)[O-])cc1)Nc1ccc(O)cc1,LFWZZQPSOXKGTL-UHFFFAOYSA-N,0,CHEMBL4759895
N[C@@H](CS)C(=O)O,XUJNEKJLAYXESH-REOHCLBHSA-N,1,CHEMBL863
CC(/C=C1\SC(=S)N(CC(=O)O)C1=O)=C\c1ccccc1,CHNUOJQWGUIOLD-NFZZJPOKSA-N,1,CHEMBL56337
COC1=C(C(C)C)C(=O)[C@]23O[C@@]2(C1=O)[C@@]1(C)CC[C@H](O)C(C)(C)[C@@H]1CC3=O,ATVBDXTZABMEPI-XEHFDHBKSA-N,0,CHEMBL4876503
CNC(=O)c1ccc(C#Cc2ccc3c(c2)C(C)(C)CCS3)nc1,BGNSHERVQZRLFR-UHFFFAOYSA-N,0,CHEMBL4640940
COCCO[C@@H]1[C@H](O)[C@@H](COP(O)(=S)O[C@H]2[C@@H](OCCOC)[C@H](n3cc(C)c(=O)[nH]c3=O)O[C@@H]2COP(O)(=S)O[C@H]2[C@@H](OCCOC)[C@H](n3cnc4c(=O)[nH]c(N)nc43)O[C@@H]2COP(O)(=S)O[C@H]2[C@@H](OCCOC)[C@H](n3cc(C)c(N)nc3=O)O[C@@H]2COP(O)(=S)O[C@H]2[C@@H](OCCOC)[C@H](n3cc(C)c(=O)[nH]c3=O)O[C@@H]2COP(O)(=S)O[C@H]2[C@@H](O)[C@H](n3cnc4c(N)ncnc43)O[C@@H]2COP(O)(=S)O[C@H]2[C@@H](O)[C@H](n3cnc4c(=O)[nH]c(N)nc43)O[C@@H]2COP(O)(=S)O[C@H]2[C@@H](O)[C@H](n3cc(C)c(N)nc3=O)O[C@@H]2COP(O)(=S)O[C@H]2[C@@H](O)[C@H](n3cc(C)c(N)nc3=O)O[C@@H]2COP(O)(=S)O[C@H]2C[C@H](n3cc(C)c(=O)[nH]c3=O)O[C@@H]2COP(O)(=S)O[C@H]2[C@@H](O)[C@H](n3cc(C)c(N)nc3=O)O[C@@H]2COP(O)(=S)O[C@H]2C[C@H](n3cc(C)c(=O)[nH]c3=O)O[C@@H]2COP(O)(=S)O[C@H]2[C@@H](O)[C@H](n3cnc4c(=O)[nH]c(N)nc43)O[C@@H]2COP(O)(=S)O[C@H]2[C@@H](O)[C@H](n3cnc4c(=O)[nH]c(N)nc43)O[C@@H]2COP(O)(=S)O[C@H]2[C@@H](O)[C@H](n3cnc4c(N)ncnc43)O[C@@H]2COP(O)(=S)O[C@H]2[C@@H](OCCOC)[C@H](n3cc(C)c(=O)[nH]c3=O)O[C@@H]2COP(O)(=S)O[C@H]2[C@@H](OCCOC)[C@H](n3cc(C)c(=O)[nH]c3=O)O[C@@H]2COP(O)(=S)O[C@H]2[C@@H](OCCOC)[C@H](n3cc(C)c(=O)[nH]c3=O)O[C@@H]2COP(O)(=S)O[C@H]2[C@@H](OCCOC)[C@H](n3cnc4c(=O)[nH]c(N)nc43)O[C@@H]2COP(O)(=S)O[C@H]2[C@@H](OCCOC)[C@H](n3cnc4c(N)ncnc43)O[C@@H]2CO)O[C@H]1n1cc(C)c(N)nc1=O,IRILFFDFJQQRKF-AEWLORDKSA-N,0,CHEMBL499450
Cc1cc(C(=O)NCCc2ccc(S(=O)(=O)NC(=O)NN3CCCCCC3)cc2)no1,ZKUDBRCEOBOWLF-UHFFFAOYSA-N,1,CHEMBL2106618
CC(C)=CCC/C(C)=C/CC/C(C)=C/CC/C(C)=C/Cc1cc(O)cc(Sc2ccccc2C(=O)O)c1O,UQMZRNVNHHEEKU-HEKOIHICSA-N,0,CHEMBL3958859
CC(C)(C)NC[C@H](O)COc1nsnc1N1CCOCC1.O=C(O)/C=C\C(=O)O,WLRMANUAADYWEA-NWASOUNVSA-N,1,CHEMBL1200870
Cc1ncc(CNC(=O)N(CCCl)N=O)c(N)n1,VFEDRRNHLBGPNN-UHFFFAOYSA-N,1,CHEMBL136737
O=C(NC(=S)Nc1nc2ccc(Br)cc2s1)c1ccc(Cl)cc1,ZEFLWEGWMMCXGL-UHFFFAOYSA-N,0,CHEMBL504143
NCCBr,IZQAUUVBKYXMET-UHFFFAOYSA-N,1,CHEMBL1697693
Nc1c2c(nc3ccccc13)CCCC2O,HLVVITIHAZBPKB-UHFFFAOYSA-N,1,CHEMBL51934
COC1=C(C(=O)O)N2C(=O)[C@@H](NC(=O)[C@H](N)C3=CCC=CC3)[C@H]2SC1,RDMOROXKXONCAL-UEKVPHQBSA-N,1,CHEMBL3186538
COC(=O)c1cc(OC)c2c(c1-c1c(C(=O)OC)cc(OC)c3c1OCO3)OCO2,JMZOMFYRADAWOG-UHFFFAOYSA-N,0,CHEMBL105184
CC[N+](C)(C/C=C/C1=C(C(=O)[O-])N2C(=O)[C@@H](NC(=O)/C(=N\OCF)c3nsc(N)n3)[C@H]2SC1)CC(N)=O,XAKKNLNAJBNLPC-MAYKBZFQSA-N,1,CHEMBL2074822
CC(C)[C@]12O[C@H]1[C@@H]1O[C@]13[C@]1(O[C@H]1C[C@H]1C4=C(CC[C@@]13C)C(=O)OC4)[C@@H]2OC(=O)CCCCC[P+](c1ccccc1)(c1ccccc1)c1ccccc1.[Br-],ARKDMGOZSZHDCD-HYDWVTRASA-M,0,CHEMBL4848888
COc1ccc(C(=O)NC(=S)Nc2nc3ccc([N+](=O)[O-])cc3s2)cc1,DHEQNUGUMHJLBH-UHFFFAOYSA-N,0,CHEMBL496549
COc1ccc(C(=O)Nc2ccc(O)c3ncccc23)cc1OC1CCCC1.Cl,XNAZLLONQWVKTH-UHFFFAOYSA-N,0,CHEMBL4586148
CO[C@@H]1[C@@H](N)[C@@H](O[C@H]2[C@H](Oc3cccc4c(O)c5c(=O)oc6ccc(C)c7c(=O)oc(c34)c5c67)O[C@H](C)[C@H](O)[C@]2(C)O)O[C@H](C)[C@@H]1O,MGQRRMONVLMKJL-KWJIQSIXSA-N,1,CHEMBL2106409
C#CC(O)(/C=C/Cl)CC,ZEHYJZXQEQOSON-AATRIKPKSA-N,1,CHEMBL591
CN(C)CCn1nnnc1SCC1=C(C(=O)O)N2C(=O)[C@@H](NC(=O)Cc3csc(N)n3)[C@H]2SC1,QYQDKDWGWDOFFU-IUODEOHRSA-N,1,CHEMBL1296
C[C@@H]1C[C@H]2[C@@H]3CCC4=CC(=O)C=C[C@]4(C)[C@@]3(F)[C@@H](O)C[C@]2(C)[C@@]1(O)C(=O)CO,UREBDLICKHMUKA-CXSFZGCWSA-N,1,CHEMBL384467
CNC[C@H](O)c1cccc(O)c1,SONNWYBIRXJNDC-VIFPVBQESA-N,1,CHEMBL1215
CC(C)(C)N1CCN(c2ccc(N3CCN(C(=O)N[C@H]4C5CC6CC4C[C@](C(N)=O)(C6)C5)c4ccccc43)nc2)CC1,RZUKTDWPBQOSBE-PQFSURCISA-N,0,CHEMBL2380648
NC[C@@H]1CC[C@@H](N)[C@@H](O[C@H]2[C@H](O)[C@@H](O[C@H]3O[C@H](CO)[C@@H](O)[C@H](N)[C@H]3O)[C@H](N)C[C@@H]2N)O1,JJCQSGDBDPYCEO-XVZSLQNASA-N,1,CHEMBL560976
Cl[C@H]1[C@H](Cl)[C@@H](Cl)[C@@H](Cl)[C@H](Cl)[C@H]1Cl,JLYXXMFPNIAWKQ-GNIYUCBRSA-N,1,CHEMBL15891
O=C(CCCN1CCC(C(=O)c2ccc(F)cc2)CC1)c1ccc(F)cc1,WCIBOXFOUGQLFC-UHFFFAOYSA-N,1,CHEMBL316004
COc1ccc2c3ccnc(C)c3n(CCCCOc3ccc4c5ccnc(C)c5n(CCCc5ccccc5)c4c3)c2c1.Cl,BVSQLCFNQFIAFR-UHFFFAOYSA-N,0,CHEMBL4169061
CCC[C@@H]1C[C@@H](C(=O)N[C@@H]([C@H]2O[C@H](SC)[C@H](OP(=O)(O)O)[C@@H](O)[C@H]2O)[C@H](C)Cl)N(C)C1,UFUVLHLTWXBHGZ-MGZQPHGTSA-N,1,CHEMBL3184512
Cc1cccc([C@H](C)c2c[nH]cn2)c1C,CUHVIMMYOGQXCV-NSHDSACASA-N,1,CHEMBL778
COc1ccc(N)cc1O,BLQFHJKRTDIZLX-UHFFFAOYSA-N,0,CHEMBL4777229
Oc1ccc2[nH]cc(CCCCN3CC=C(c4ccccc4)CC3)c2c1,HGEYJZMMUGWEOT-UHFFFAOYSA-N,1,CHEMBL431367
C[C@H](CCC(=O)O)[C@H]1CC[C@H]2[C@@H]3CC[C@@H]4C[C@H](O)CC[C@]4(C)[C@H]3CC[C@]12C,SMEROWZSTRWXGI-HVATVPOCSA-N,1,CHEMBL1478
COc1cc2c(cc1OC)C(=O)C(CC1CCN(Cc3ccccc3F)CC1)C2,WJIWWKMTCQJEPQ-UHFFFAOYSA-N,0,CHEMBL3943450
CC1CCCC(C)N1CCCC(O)(c1ccccc1)c1ccccn1,APUDBKTWDCXQJA-UHFFFAOYSA-N,1,CHEMBL432103
COc1nc(-c2nc3n(n2)CCC[C@H]3c2ccccc2C(F)(F)F)ccc1-n1cnc(C)c1,JRESZLRLRZIQBU-INIZCTEOSA-N,0,CHEMBL2415099
Cc1ccc2c(c1)C(N1CCN(C)CC1)=Nc1ccccc1S2,IOEPXYJOHIZYGQ-UHFFFAOYSA-N,1,CHEMBL2106892
CCOC(=O)c1cc2ccc(OC)cc2o1,VBJGXQIHVLKHCT-UHFFFAOYSA-N,0,CHEMBL3415232
Nc1nc(=O)c(Br)c(-c2ccccc2)[nH]1,CIUUIPMOFZIWIZ-UHFFFAOYSA-N,1,CHEMBL37387
COc1cc2c(cc1O)CC[C@@H]1[C@@H]2CC[C@]2(C)C(=O)/C(=C/c3ccc(Cl)cc3)C[C@@H]12,NWJMUYNQRYAJIB-KLISCUKASA-N,1,CHEMBL4463259
COc1ccc(/C=C(\C)C(=O)c2cc(C)nc3ccccc23)cc1O,CZORMYBDJDSAFW-JLHYYAGUSA-N,0,CHEMBL4464499
COc1ccc(C(=O)NC(=S)Nc2nc3ccc(F)cc3s2)cc1,DNDFTKVGBYZNHU-UHFFFAOYSA-N,0,CHEMBL507070
Nc1nc(/C(=C/CC(=O)O)C(=O)N[C@@H]2C(=O)N3C(C(=O)O)=CCS[C@H]23)cs1,UNJFKXSSGBWRBZ-BJCIPQKHSA-N,1,CHEMBL1605
CCCCn1c2cc(OCCCCn3c4ccccc4c4ccnc(C)c43)ccc2c2ccnc(C)c21.Cl,ZGCUNWCQTGUFEY-UHFFFAOYSA-N,0,CHEMBL4166511
CCCCCCCCCCCCCCCC(=O)N[C@@H](CCC(=O)O)C(=O)NCCCC[C@H](NC(=O)[C@H](C)NC(=O)[C@H](C)NC(=O)[C@H](CCC(N)=O)NC(=O)CNC(=O)[C@H](CCC(=O)O)NC(=O)[C@H](CC(C)C)NC(=O)[C@H](Cc1ccc(O)cc1)NC(=O)[C@H](CO)NC(=O)[C@H](CO)NC(=O)[C@@H](NC(=O)[C@H](CC(=O)O)NC(=O)[C@H](CO)NC(=O)[C@@H](NC(=O)[C@H](Cc1ccccc1)NC(=O)[C@@H](NC(=O)CNC(=O)[C@H](CCC(=O)O)NC(=O)[C@H](C)NC(=O)[C@@H](N)Cc1cnc[nH]1)[C@H](C)O)[C@@H](C)O)C(C)C)C(=O)N[C@@H](CCC(=O)O)C(=O)N[C@@H](Cc1ccccc1)C(=O)N[C@H](C(=O)N[C@@H](C)C(=O)N[C@@H](Cc1c[nH]c2ccccc12)C(=O)N[C@@H](CC(C)C)C(=O)N[C@H](C(=O)N[C@@H](CCCNC(=N)N)C(=O)NCC(=O)N[C@H](CCCNC(=N)N)C(=O)NCC(=O)O)C(C)C)[C@@H](C)CC,KAIWQAZASNVPLR-LAZQRJDOSA-N,0,CHEMBL4785366
Oc1ccc(Br)cc1,GZFGOTFRPZRKDS-UHFFFAOYSA-N,1,CHEMBL57284
c1ccc(-c2cc3nc4ccccc4nc3s2)cc1,PIHPBIAOMDHECY-UHFFFAOYSA-N,0,CHEMBL3330074
Cc1cc(/N=N/c2ccc(S(=O)(=O)NC3CCCC3)cc2)c(N)cc1O,IRKMSULWLDLTIK-QZQOTICOSA-N,0,CHEMBL4159382
CC12CCC(CC1=O)C2(C)C,DSSYKIVIOFKYAU-UHFFFAOYSA-N,1,CHEMBL15768
CC1CN(CCOC(=O)c2ccc(N)cc2)CC(C)O1,NUWQUNGNRRPJEQ-UHFFFAOYSA-N,0,CHEMBL5177357
Cc1ccc(O)c2ncccc12,RPVGLMKJGQMQSN-UHFFFAOYSA-N,1,CHEMBL1410814
CC1(C)S[C@@H]2[C@H](NC(=O)[C@H](NC(=O)N3CCN(S(C)(=O)=O)C3=O)c3ccccc3)C(=O)N2[C@H]1C(=O)[O-].[Na+],GTGQRSIMEUWHPA-ZBJAFUORSA-M,1,CHEMBL1697708
COc1cccc(OC)c1C(=O)N[C@@H]1C(=O)N2[C@@H]1SC(C)(C)[C@@H]2C(=O)O,RJQXTJLFIWVMTO-TYNCELHUSA-N,1,CHEMBL575
CNC1Cc2ccccc2N(C)c2ccccc21,YXVZOBVWVRFPTE-UHFFFAOYSA-N,1,CHEMBL2106919
N#C[C@H](O[C@@H]1O[C@H](CO[C@@H]2O[C@H](CO)[C@@H](O)[C@H](O)[C@H]2O)[C@@H](O)[C@H](O)[C@H]1O)c1ccccc1,XUCIJNAGGSZNQT-JHSLDZJXSA-N,1,CHEMBL461727
O=c1c2ccccc2nc2n1CCC2,VARHXCYGZKSOOO-UHFFFAOYSA-N,0,CHEMBL456881
ClCCCl,WSLDOOZREJYCGB-UHFFFAOYSA-N,1,CHEMBL16370
COc1ccc(NS(=O)(=O)c2ccc(N)cc2)nn1,VLYWMPOKSSWJAL-UHFFFAOYSA-N,1,CHEMBL268869
Cc1ccc2cc3c(ccc4ccccc43)c3c2c1CC3,PPQNQXQZIWHJRB-UHFFFAOYSA-N,1,CHEMBL40583
CO/N=C(\C(=O)N[C@@H]1C(=O)N2C(C(=O)OC(C)OC(C)=O)=C(COC(N)=O)CS[C@H]12)c1ccco1,KEJCWVGMRLCZQQ-YJBYXUATSA-N,1,CHEMBL1095930
NS(=O)(=O)c1cc(C(=O)O)cc(N2CCCC2)c1Oc1ccccc1,UJEWTUDSLQGTOA-UHFFFAOYSA-N,1,CHEMBL349803
O=C(O)CN1C(=O)c2cccc3cccc(c23)C1=O,GCUCIFQCGJIRNT-UHFFFAOYSA-N,1,CHEMBL63055
Clc1ccc(Cl)cc1,OCJBOOLMMGQPQU-UHFFFAOYSA-N,1,CHEMBL190982
Cn1c(=O)c2c(nc3n2CCCN3Cc2c(F)cccc2Cl)n(C)c1=O,KUGUNHHHNWFJTM-UHFFFAOYSA-N,1,CHEMBL4521517
C[C@]12CC[C@@H]3c4ccc(O)cc4CC[C@H]3[C@@H]1CC[C@@H]2O,VOXZDWNPVJITMN-ZBRFXRBCSA-N,1,CHEMBL135
C[C@@H](O)[C@H]1C(=O)N2C(C(=O)[O-])=C(SC3Cn4cnc[n+]4C3)[C@H](C)[C@H]12,MRMBZHPJVKCOMA-YJFSRANCSA-N,1,CHEMBL285347
COc1cc(OC)c(Cl)c(NC(=O)N(C)c2cc(Nc3ccc(N4CCN(C(=O)C5CCN(c6ccc7c(c6)C(=O)N(C6CCC(=O)NC6=O)C7=O)CC5)CC4)cc3)ncn2)c1Cl,BUEXWHUMUYQITQ-UHFFFAOYSA-N,0,CHEMBL5403145
CCOC(=O)c1c(N)sc2c1CCN(Cc1ccccc1)C2,PFENFDGYVLAFBR-UHFFFAOYSA-N,1,CHEMBL592943
CCc1nc2ccc(Br)cc2c(=O)n1-c1nc2ccc(OC)cc2s1,AUQHGUZEOVIQDW-UHFFFAOYSA-N,0,CHEMBL2035079
O=C(O)CNC(=O)c1ncc(C2=CCN(S(=O)(=O)Cc3ccc(OC(F)(F)F)cc3)CC2)cc1O,MVSHGLCACIWIQM-UHFFFAOYSA-N,0,CHEMBL5193631
CSc1nc2cc(Cl)c(Oc3cccc(Cl)c3Cl)cc2[nH]1,NQPDXQQQCQDHHW-UHFFFAOYSA-N,1,CHEMBL1086440
C=CC(=O)Nc1cc2c(Oc3ccc(NC(=O)n4c(=O)c(-c5ccccc5)c(C)n4C)cc3F)cccc2cc1OC,PZKGSVYNVAEKGQ-UHFFFAOYSA-N,0,CHEMBL5565127
C=C1C(=O)[C@@]23[C@@H]4OC(c5ccc(Cl)cc5)O[C@@]25OC[C@@]2([C@H]([C@@H]5O)C(C)(C)CC[C@@H]2O)[C@@H]3CC[C@@H]14,AYFWLPGJSGTYDX-SMISYTGVSA-N,0,CHEMBL4103136
CCOC(=O)Nc1ccc2c(c1)N(C(=O)CCN1CCOCC1)c1ccccc1S2,FUBVWMNBEHXPSU-UHFFFAOYSA-N,1,CHEMBL1075
Cn1cc(-c2ccc(N3CCC(N4CCc5ccc(F)cc54)CC3)nn2)cn1,KNULJCSPCKMYTN-UHFFFAOYSA-N,0,CHEMBL3127661
COc1ccc(C2CC(c3cc4ccccc4oc3=O)=NN2C(C)=O)cc1,PCIIJXPELZPHAW-UHFFFAOYSA-N,0,CHEMBL1258747
CC1(C)[C@H](C(=O)O)N2C(=O)C[C@H]2S1(=O)=O.CCN1CCN(C(=O)N[C@@H](C(=O)N[C@@H]2C(=O)N3C(C(=O)O)=C(CSc4nnnn4C)CS[C@H]23)c2ccc(O)cc2)C(=O)C1=O,WIKQLQXZUYAZQC-KYNIKAHCSA-N,1,CHEMBL3137674
Cc1cn([C@@H]2O[C@@]3(COP(O)(=S)O[C@H]4[C@H]5OC[C@]4(COP(O)(=S)O[C@@H]4[C@H](O)[C@@H](COP(O)(=S)O[C@H]6[C@@H](O)[C@H](n7cnc8c(=O)[nH]c(N)nc87)O[C@@H]6COP(O)(=S)O[C@H]6[C@@H](O)[C@H](n7ccc(N)nc7=O)O[C@@H]6COP(O)(=S)O[C@H]6[C@@H](O)[C@H](n7ccc(N)nc7=O)O[C@@H]6COP(O)(=S)O[C@H]6C[C@H](n7cc(C)c(=O)[nH]c7=O)O[C@@H]6COP(O)(=S)O[C@H]6[C@@H](O)[C@H](n7ccc(N)nc7=O)O[C@@H]6COP(O)(=S)O[C@H]6C[C@H](n7cc(C)c(=O)[nH]c7=O)O[C@@H]6COP(O)(=S)O[C@H]6[C@@H](O)[C@H](n7cnc8c(=O)[nH]c(N)nc87)O[C@@H]6COP(O)(=S)O[C@H]6[C@@H](O)[C@H](n7cnc8c(=O)[nH]c(N)nc87)O[C@@H]6COP(O)(=S)O[C@H]6[C@@H](O)[C@H](n7cnc8c(N)ncnc87)O[C@@H]6COP(O)(=S)O[C@H]6[C@H]7OC[C@]6(COP(O)(=S)O[C@H]6[C@H]8OC[C@]6(COP(O)(=S)O[C@H]6[C@H]9OC[C@]6(CO)O[C@H]9n6cc(C)c(=O)[nH]c6=O)O[C@H]8n6cc(C)c(=O)[nH]c6=O)O[C@H]7n6cc(C)c(=O)[nH]c6=O)O[C@H]4n4cnc6c(N)ncnc64)O[C@H]5n4cc(C)c(=O)[nH]c4=O)CO[C@@H]2[C@@H]3O)c(=O)nc1N,GQZUCMAFLKTFBJ-AJIKBPMXSA-N,0,CHEMBL529004
CCCCCCCCCCCCCC(=O)c1c(O)cc(C)oc1=O,ZGKWGZIFSZMXLW-UHFFFAOYSA-N,0,CHEMBL4162753
CO[C@@H]1[C@H](OC(=O)/C=C/C=C/C=C/C=C/C(=O)O)CC[C@]2(CO2)[C@H]1[C@@]1(C)O[C@@H]1CC=C(C)C,NGGMYCMLYOUNGM-CSDLUJIJSA-N,1,CHEMBL32838
CO[C@@H](/C(C)=C/C=C/C(C)=C/c1coc(C)n1)[C@@H](C)[C@@H]1C[C@H](O)[C@@]2(C)O[C@@H]2/C=C/[C@@H](C)[C@H]2C[C@H](CC(=O)O2)C[C@@H]2O[C@H]2C(=O)O1,OWPCHSCAPHNHAV-QIPOKPRISA-N,1,CHEMBL379989
CCC(C(=O)NC(N)=O)c1ccccc1,AJOQSQHYDOFIOX-UHFFFAOYSA-N,1,CHEMBL2107062
CC[C@H](C)C[C@H](C)CCCCCCCCC(=O)N[C@H]1C[C@@H](O)[C@@H](NCCN)NC(=O)[C@@H]2[C@@H](O)CCN2C(=O)[C@H]([C@H](O)CCN)NC(=O)[C@H]([C@H](O)[C@@H](O)c2ccc(O)cc2)NC(=O)[C@@H]2C[C@@H](O)CN2C(=O)[C@H]([C@@H](C)O)NC1=O,JYIKNQVWKBUSNH-WVDDFWQHSA-N,1,CHEMBL1630575
CC(C)(C)C(=O)OCOC(=O)[C@@H]1N2C(=O)[C@@H](NC(=O)[C@H](N)c3ccccc3)[C@H]2SC1(C)C,ZEMIJUDPLILVNQ-ZXFNITATSA-N,1,CHEMBL3182343
CC/C(=C(/CC)c1ccc(O)cc1)c1ccc(O)cc1,RGLYKWWBQGJZGM-ISLYRVAYSA-N,1,CHEMBL411
NC(CO)C(=O)NNCc1ccc(O)c(O)c1O,BNQDCRGUHNALGH-UHFFFAOYSA-N,1,CHEMBL1096979
NC(=O)Nc1ccc([As](=O)(O)O)cc1,WWXBHTZSYYGCSG-UHFFFAOYSA-N,1,CHEMBL1331366
Cc1cc(Nc2ccc(C(=O)/C=C/c3ccc4ccccc4c3)cc2)n2nc(SCc3nc4ccccc4[nH]3)nc2n1,WGQWRCAZEPAXRA-GZTJUZNOSA-N,0,CHEMBL5070340
CCCC(=O)O[C@H]1[C@H](C)O[C@@H](O[C@H]2[C@H](N(C)C)[C@@H](O)[C@H](O[C@H]3[C@@H](CC=O)C[C@@H](C)[C@@H](O)/C=C/C=C/C[C@@H](C)OC(=O)C[C@@H](O)[C@@H]3OC)O[C@@H]2C)C[C@@]1(C)OC(=O)CC,VYWWNRMSAPEJLS-MDWYKHENSA-N,1,CHEMBL1908350
O=[Se]([O-])[O-].[Na+].[Na+],BVTBRVFYZUCAKH-UHFFFAOYSA-L,1,CHEMBL112302
CC1(C)S[C@@H]2[C@H](NC(=O)C(c3ccccc3)S(=O)(=O)O)C(=O)N2[C@H]1C(=O)O,JETQIUPBHQNHNZ-OAYJICASSA-N,1,CHEMBL1256734
CCC(Cc1cnc2nc(N)nc(N)c2n1)c1ccc(C(=O)N[C@@H](CCC(=O)O)C(=O)O)cc1,FSIRXIHZBIXHKT-MHTVFEQDSA-N,1,CHEMBL296373
Cc1cc(=O)oc2cc(OCCCCSC(=S)N3CCCCC3)ccc12,ZOCBBCHDTYVHNA-UHFFFAOYSA-N,0,CHEMBL4167524
Oc1cc(O)c2c(c1)OC(c1ccc(O)c(O)c1)C(O)C2,PFTAWBLQPZVEMU-UHFFFAOYSA-N,1,CHEMBL206452
CNc1nc(N(C)C)nc(N(C)C)n1,XIFVTSIIYVGRHJ-UHFFFAOYSA-N,1,CHEMBL457723
CC[C@H](C)[C@H](NC(=O)[C@H](CC(C)C)NC(=O)[C@H](Cc1c[nH]c2ccccc12)NC(=O)[C@H](CCC(=O)O)NC(=O)[C@@H](NC(=O)[C@H](Cc1ccccc1)NC(=O)[C@H](CCC(=O)O)NC(=O)[C@H](CCCCNC(=O)CC[C@H](NC(=O)C(CCCCCCCCCNC(=O)COC(=O)C(C)(C)CCCOc1cc(C)ccc1C)NC(=O)COC(=O)C(C)(C)CCCOc1cc(C)ccc1C)C(=O)O)NC(=O)[C@H](C)NC(=O)[C@H](C)NC(=O)[C@H](CCC(=O)O)NC(=O)[C@H](CCC(=O)O)NC(=O)[C@H](CCC(=O)O)NC(=O)[C@H](CC(C)C)NC(=O)[C@H](Cc1ccc(O)cc1)NC(=O)[C@H](CCC(=O)O)NC(=O)[C@@H](NC(=O)[C@@H](NC(=O)[C@H](CC(=O)O)NC(=O)[C@H](CC(N)=O)NC(=O)[C@@H](NC(=O)[C@H](Cc1ccc(O)cc1)NC(=O)[C@@H](NC(=O)CNC(=O)[C@H](CCC(=O)O)NC(=O)CNC(=O)[C@@H](N)Cc1cnc[nH]1)[C@@H](C)O)[C@@H](C)O)C(C)C)[C@@H](C)O)[C@@H](C)CC)C(=O)N[C@@H](CCCCN)C(=O)NCC(=O)N[C@@H](CCCCN)C(=O)N1CCC[C@H]1C(=O)N[C@@H](CO)C(=O)N[C@@H](CO)C(=O)NCC(=O)N[C@@H](C)C(=O)N1CCC[C@H]1C(=O)N1CCC[C@H]1C(=O)N1CCC[C@H]1C(=O)N[C@@H](CO)C(=O)O,GQBILNROHLXYEW-GTPJNBDFSA-N,0,CHEMBL4780022
C=C1C(=O)[C@]23[C@H](O)[C@H]1CC[C@H]2[C@]12C=CCC(C)(C)[C@H]1[C@H](O)[C@@]3(OCCC(=O)O)OC2,NFWAITKLWZRIGK-DMXDCXNVSA-N,0,CHEMBL5567870
CN(C)C(=O)CCCOC(=O)C(C)(C)Oc1ccc(Cl)cc1,CXQGFLBVUNUQIA-UHFFFAOYSA-N,1,CHEMBL1697831
CC(C)NC(=O)c1ccccc1S(=O)(=O)NCC(=O)Nc1ccc(O)cc1,XVIRQUPKJKMFRN-UHFFFAOYSA-N,1,CHEMBL4748000
NC1CCN(c2nc3c(cc2F)c(=O)c(C(=O)O)cn3-c2ccc(F)cc2F)C1,WUWFMDMBOJLQIV-UHFFFAOYSA-N,1,CHEMBL273348
NN,OAKJQQAXSVQMHS-UHFFFAOYSA-N,1,CHEMBL1237174
O=C(Cn1cc(-c2ccncc2)nn1)Nc1nccs1,TZDKUSLJUFFSNB-UHFFFAOYSA-N,0,CHEMBL4473351
O=C(O)CNC(=O)c1ncc(-c2cn(CCCc3ccc(Cl)cc3)nn2)cc1O,RODNKCMKPZCZKG-UHFFFAOYSA-N,0,CHEMBL4126434
CC(C)(Oc1ccc(Cl)cc1)C(=O)OCCOC(=O)c1cccnc1,XXRVYAFBUDSLJX-UHFFFAOYSA-N,1,CHEMBL358150
Cc1onc(-c2c(Cl)cccc2Cl)c1C(=O)N[C@@H]1C(=O)N2[C@@H]1SC(C)(C)[C@@H]2C(=O)[O-].O.[Na+],SIGZQNJITOWQEF-VICXVTCVSA-M,1,CHEMBL1200701
CC[C@H](C)C1=C2N=C3OC=CC=C[C@@]34OC[C@H]3O[C@@]4(OC3(C)C)N2[C@@H](Cc2ccccc2)C(=O)N1,QUGPSPNIFZMGKK-INMPTZRCSA-N,1,CHEMBL4789198
CC(=O)N(O)CCCCCNC(=O)CCC(=O)N(O)CCCCCNC(=O)CCC(=O)N(O)CCCCCN.CS(=O)(=O)O,IDDIJAWJANBQLJ-UHFFFAOYSA-N,1,CHEMBL1234
O=C1NC(=S)NC(=O)C1C(=O)Nc1ccccc1,JARCFMKMOFFIGZ-UHFFFAOYSA-N,1,CHEMBL1765797
COc1cc(C(C)=O)ccc1OCCCN1CCC(c2noc3cc(F)ccc23)CC1,XMXHEBAFVSFQEX-UHFFFAOYSA-N,1,CHEMBL14376
O=C(CNC(=O)c1ccccc1)NN1C(=O)CSC1c1ccccc1,KNSPHZFVYBNOPU-UHFFFAOYSA-N,1,CHEMBL3357331
COc1cccc2c1C(=O)c1c(O)c3c(c(O)c1C2=O)C[C@@](O)(/C(C)=N/NC(=O)c1ccccc1)C[C@@H]3O[C@H]1C[C@H](N)[C@H](O)[C@H](C)O1,FBTUMDXHSRTGRV-ALTNURHMSA-N,1,CHEMBL1697854
COc1cc(C(C(=O)NC2CCCCC2)N(C(=O)Cc2c[nH]c3ccccc23)c2ccc(C(C)C)cc2)cc(OC)c1OC,XRBKJDHRNLCVHP-UHFFFAOYSA-N,0,CHEMBL3752642
COc1ccc2cc(C(=O)NCCN(C)C)oc2c1.CS(=O)(=O)O,QYDNZUNQDSSNPX-UHFFFAOYSA-N,0,CHEMBL4797998
Cc1noc(NS(=O)(=O)c2ccc(N)cc2)c1C,NHUHCSRWZMLRLA-UHFFFAOYSA-N,1,CHEMBL453
CC(Cc1ccccc1)NCc1ccccc1Cl,LRXXRIXDSAEIOR-UHFFFAOYSA-N,1,CHEMBL1213251
CN1CCCCC1CCN1c2c(Cl)cc(Cl)cc2Sc2cc(Cl)cc(Cl)c21.Cl,SSSRLBHGILGLTG-UHFFFAOYSA-N,0,CHEMBL4797066
COC(=O)c1cc(OC)c2c(c1-c1c(C(=O)NCCCCCCCCCCNc3c4c(nc5ccccc35)CCCC4)cc(OC)c3c1OCO3)OCO2,AVQNAJUSQIGOFZ-UHFFFAOYSA-N,0,CHEMBL4168769
CCCCCCCCCCCCCCCC(=O)NCCCCCCNC(=O)C1CCCCNC(=O)CCN2C(=O)CC(SC[C@H](NC(=O)[C@H](CCCCN)NC(=O)[C@H](C)NC(=O)[C@H](C)NC(=O)[C@H](CCC(=O)O)NC(=O)[C@H](CCC(=O)O)NC(=O)[C@H](CCC(=O)O)NC(=O)[C@H](CC(C)C)NC(=O)[C@H](Cc3ccc(O)cc3)NC(=O)[C@H](CCC(=O)O)NC(=O)[C@@H](NC(=O)[C@@H](NC(=O)[C@H](CC(=O)O)NC(=O)[C@H](CC(N)=O)NC(=O)[C@@H](NC(=O)[C@H](Cc3ccc(O)cc3)NC(=O)[C@@H](NC(=O)CNC(=O)[C@H](CCC(=O)O)NC(=O)C(C)(C)NC(=O)[C@@H](N)Cc3c[nH]cn3)[C@@H](C)O)[C@@H](C)O)C(C)C)[C@@H](C)O)C(=O)N[C@@H](Cc3ccccc3)C(=O)N[C@@H]([C@@H](C)CC)C(=O)N[C@@H](CCC(=O)O)C(=O)N[C@@H](Cc3c[nH]c4ccccc34)C(=O)N[C@@H](CC(C)C)C(=O)N[C@@H]([C@@H](C)CC)C(=O)N[C@H](C(=O)NCC(=O)N[C@@H](CCCCN)C(=O)N3CCC[C@H]3C(=O)N[C@@H](CO)C(=O)N[C@@H](CO)C(=O)NCC(=O)N[C@@H](C)C(=O)N3CCC[C@H]3C(=O)N3CCC[C@H]3C(=O)N3CCC[C@H]3C(=O)N[C@@H](CO)C(=O)NCCOCCOCC(=O)NCCOCCOCC(=O)N[C@@H](Cc3ccc(O)cc3)C(=O)NCC(=O)N[C@@H](Cc3c[nH]c4ccccc34)C(=O)N[C@@H](CC(C)C)C(=O)N[C@@H](CC(=O)O)C(=O)N[C@@H](Cc3ccccc3)C(N)=O)CSC3CC(=O)N(CCC(=O)N1)C3=O)C2=O,HJCHCDDPIXZKDK-SPBKKYETSA-N,0,CHEMBL4795718
C1N2CN3CN1CN(C2)C3.O=C(O)CNC(=O)c1ccccc1,ROAIXOJGRFKICW-UHFFFAOYSA-N,1,CHEMBL1201104
CNC(=O)c1c(I)c(C(=O)NCC(=O)Nc2c(I)c(C(=O)O)c(I)c(C(=O)NCCO)c2I)c(I)c(N(C)C(C)=O)c1I,TYYBFXNZMFNZJT-UHFFFAOYSA-N,1,CHEMBL1201291
C[C@@H](Cc1ccccc1)NC(=O)[C@@H](N)CCCCN,VOBHXZCDAVEXEY-JSGCOSHPSA-N,1,CHEMBL1201222
C/C=C(/CC)C(=O)NC(N)=O,QCUPYFTWJOZAOB-HYXAFXHYSA-N,1,CHEMBL1908316
COc1cccc2c1C(=O)c1c(O)c3c(c(O)c1C2=O)C[C@@](O)(C(=O)CO)C[C@@H]3O[C@H]1C[C@H](N)[C@H](O[C@@H]2CCCCO2)[C@H](C)O1,KMSKQZKKOZQFFG-YXRRJAAWSA-N,1,CHEMBL2354444
CCCC[S@@+]([O-])c1sc2nc(-c3nccs3)cc(-c3cnc(C)n3C)c2c1N,LKPKDKDBZLBUIC-MUUNZHRXSA-N,0,CHEMBL4070789
CC(C)(S)C(=O)N[C@@H](CS)C(=O)O,VUAFHZCUKUDDBC-BYPYZUCNSA-N,1,CHEMBL80830
CCOC(=O)c1cc2c([nH]c3ccccc32)c(C(c2nnnn2C(C)(C)C)N2CCN(C)CC2)n1,FOIPHCLUBLLQDL-UHFFFAOYSA-N,0,CHEMBL4540082
CC(=O)Nc1ccc(OCC(O)CNC(C)C)cc1,DURULFYMVIFBIR-UHFFFAOYSA-N,1,CHEMBL6995
C[C@H](CCC(=O)O)[C@H]1CC[C@H]2[C@@H]3[C@@H](O)C[C@@H]4C[C@H](O)CC[C@]4(C)[C@H]3CC[C@]12C,RUDATBOHQWOJDD-UZVSRGJWSA-N,1,CHEMBL1551
Nc1c2c(nc3cc(Br)ccc13)CCC(C(=O)NCCc1ccccc1)C2,XWHXBDJVKUBUPH-UHFFFAOYSA-N,1,CHEMBL4208905
C[C@]12CC[C@@H]3c4ccc(O)cc4CC[C@H]3[C@@H]1CC[C@@H]2O[C@@H]1O[C@H](C(=O)O)[C@@H](O)[C@H](O)[C@H]1O,MTKNDAQYHASLID-QXYWQCSFSA-N,1,CHEMBL1697724
OCC(Br)(Br)Br,YFDSDPIBEUFTMI-UHFFFAOYSA-N,1,CHEMBL1697852
COc1cc(C(=O)c2csc(-c3ccc(NC(=O)CCCC(=O)Nc4ccccc4N)cc3)n2)cc(OC)c1OC,LXUOJZKROYWPPV-UHFFFAOYSA-N,0,CHEMBL5176029
COc1ccc2nc(C(F)(F)F)c3c(c2c1)CC[C@]1(C[C@H]2C(=O)N[C@]4(C(=O)NS(=O)(=O)C5(C)CC5)C[C@H]4/C=C\CCCCC[C@H](NC(=O)OCC(C)C)C(=O)N2C1)O3,GBJKXZJNFVRHCK-XPTVTBSVSA-N,0,CHEMBL3785323
CC(C)=CCC1C(=O)N(c2ccccc2)N(c2ccccc2)C1=O,RBBWCVQDXDFISW-UHFFFAOYSA-N,1,CHEMBL1452696
CC(=O)c1ccc2c(c1)N(CCCN(C)C)c1ccccc1S2,NOSIYYJFMPDDSA-UHFFFAOYSA-N,1,CHEMBL39560
Cc1ccc2nc(NC(=S)NC(=O)c3ccccc3)sc2c1,IPNWRXTVJQGPPN-UHFFFAOYSA-N,0,CHEMBL496165
COc1ccc2nc(NC(=S)NC(=O)c3ccccc3)sc2c1,FDKRYIFNZTZWAQ-UHFFFAOYSA-N,0,CHEMBL504026
Cc1nc(Nc2ncc(C(=O)Nc3c(C)cccc3Cl)s2)cc(N2CCN(CCO)CC2)n1.O,XHXFZZNHDVTMLI-UHFFFAOYSA-N,1,CHEMBL5416410
CO[C@@H]1O[C@H](CO)[C@H](O)[C@H](O[C@@H]2O[C@@H](C(=O)O)[C@@H](OC)[C@H](O)[C@H]2O)[C@H]1NC(C)=O,OEANUJAFZLQYOD-CXAZCLJRSA-N,1,CHEMBL1909290
CC1=NN(c2ccc(C)c(C)c2)C(=O)/C1=N\Nc1cccc(-c2cccc(C(=O)O)c2)c1O.NCCO.NCCO,PLILLUUXAVKBPY-SBIAVEDLSA-N,1,CHEMBL3989691
Cc1ccc2nc(NC(=S)NC(=O)c3ccccc3Cl)sc2c1,PQROHSRGYWGRJJ-UHFFFAOYSA-N,0,CHEMBL497190
CC(C)(Sc1cc(C(C)(C)C)c(O)c(C(C)(C)C)c1)Sc1cc(C(C)(C)C)c(O)c(C(C)(C)C)c1,FYPMFJGVHOHGLL-UHFFFAOYSA-N,1,CHEMBL608
O=C(CO[N+](=O)[O-])NCCCNc1c2c(nc3ccccc13)CCCC2,FWBFWRIDEUVUDF-UHFFFAOYSA-N,0,CHEMBL269865
FCCCCCF,ZBQFYVZOWLAJKN-UHFFFAOYSA-N,1,CHEMBL1697728
CC[C@H](C)[C@@H](NC(=O)[C@@H](NC(=O)[C@H](CCC(=O)O)NC(=O)[C@H](Cc1ccccc1)NC(=O)[C@@H](CCN)NC(=O)[C@H](CCN)NC(=O)[C@H](CO)NC(=O)[C@@H](Cc1c[nH]c2ccccc12)NC(=O)[C@@H](CO)NC(=O)CNC(=O)[C@@H](CCN)NC(=O)[C@H](NC(=O)[C@H](C)N)C(C)C)C(C)C)C(=O)N[C@@H](C)C(=O)O,XWGKIGRJGLAOJC-AMVAKXGBSA-N,0,CHEMBL5561258
Cc1cccc(C)c1OCC(C)N.Cl,NFEIBWMZVIVJLQ-UHFFFAOYSA-N,1,CHEMBL1200606
Oc1ccccc1Br,VADKRMSMGWJZCF-UHFFFAOYSA-N,1,CHEMBL186007
CCSCC[C@H](N)C(=O)O,GGLZPLKKBSSKCX-YFKPBYRVSA-N,1,CHEMBL203187
NCc1ccccc1CC(=O)N[C@@H]1C(=O)N2C(C(=O)O)=C(CSc3nnnn3CC(=O)O)CS[C@H]12,SLAYUXIURFNXPG-CRAIPNDOSA-N,1,CHEMBL1201046
Cc1c(F)c(N2CCNC(C)C2)cc2c1c(=O)c(C(=O)O)cn2C1CC1,AIJTTZAVMXIJGM-UHFFFAOYSA-N,1,CHEMBL583
N=C(N)c1ccc(/C=C/c2ccc(C(=N)N)cc2)cc1,MMURVNDSFNJHAM-OWOJBTEDSA-N,1,CHEMBL142304
CC(=O)N[C@H]1[C@@H](O[C@H]2[C@H](O)[C@@H](O)[C@H](O[C@H]3[C@H](CS(=O)(=O)O)[C@@H](OS(=O)(=O)O)[C@@H](O[C@H]4[C@H](O)[C@@H](OS(=O)(=O)O)C(O)O[C@H]4C(=O)O)O[C@@H]3O)O[C@@H]2C(=O)O)O[C@H](COS(=O)(=O)O)[C@@H](O)[C@@H]1O,ZFGMDIBRIDKWMY-PASTXAENSA-N,1,CHEMBL526514
COc1cc(CN)ccc1O,WRPWWVNUCXQDQV-UHFFFAOYSA-N,0,CHEMBL4593283
Oc1ccccc1CNc1ccc(NCc2ccccc2O)cc1,FYFIWSVKNZPSQC-UHFFFAOYSA-N,0,CHEMBL216031
CO[C@@]1(NC(=O)Cc2cccs2)C(=O)N2C(C(=O)O)=C(COC(N)=O)CS[C@@H]21,WZOZEZRFJCJXNZ-ZBFHGGJFSA-N,1,CHEMBL996
CCC1(C)CC(=O)NC1=O,HAPOVYFOVVWLRS-UHFFFAOYSA-N,1,CHEMBL696
CCOC(N)=O,JOYRKODLDBILNP-UHFFFAOYSA-N,1,CHEMBL462547
CO/N=C(\C(=O)N[C@@H]1C(=O)N2C(C(=O)[O-])=C(C[n+]3cccc4c3CCC4)CS[C@H]12)c1csc(N)n1,DKOQGJHPHLTOJR-WHRDSVKCSA-N,1,CHEMBL65794
Cc1ccc2cc(NC(=O)Cn3c(-c4nonc4N)nc4ccccc43)ccc2n1,LESZNGMDDFKRPH-UHFFFAOYSA-N,0,CHEMBL4638758
O=C(NCCN1CCC(n2c(=O)[nH]c3cc(Cl)ccc32)CC1)c1ccc(F)cc1,NBHPRWLFLUBAIE-UHFFFAOYSA-N,1,CHEMBL245621
[N-]=[N+]=O,GQPLMRYTRLFLPF-UHFFFAOYSA-N,1,CHEMBL1234579
CC1(C)S[C@@H]2[C@H](NC(=O)[C@H](C(=O)O)c3ccsc3)C(=O)N2[C@H]1C(=O)O,OHKOGUYZJXTSFX-KZFFXBSXSA-N,1,CHEMBL1449
CC(C)(N)CNC(=O)C[C@H]1CC[C@]2(CC1)OO[C@]1(O2)C2CC3CC(C2)CC1C3.Cc1ccc(S(=O)(=O)O)cc1,ZNEZSLAXOUSCDT-KDJJSNTDSA-N,0,CHEMBL570680
CC[C@H](C)[C@@H]([C@@H](CC(=O)N1CCC[C@H]1[C@H](OC)[C@@H](C)C(=O)N[C@@H](Cc1ccccc1)c1nccs1)OC)N(C)C(=O)[C@@H](NC(=O)[C@H]([C@@H](C)CC)N(C)C)C(C)C,OJSUENRPBJADBN-KJTFKGMVSA-N,1,CHEMBL501233
CCN(CC)CCNC(=O)c1c(C)[nH]c(/C=C2\C(=O)Nc3ccc(F)cc32)c1C,WINHZLLDWRZWRT-ATVHPVEESA-N,1,CHEMBL535
O=C(Nc1ccc(F)c(F)c1)Nc1ccc(Sc2nc3cc(Cl)ccc3s2)c(Cl)c1,IHQDEVNEHAXQSH-UHFFFAOYSA-N,0,CHEMBL5175158
O=C(COCC(=O)Nc1c(I)cc(I)c(C(=O)O)c1I)Nc1c(I)cc(I)c(C(=O)O)c1I,FZDZULUFHNDEDJ-UHFFFAOYSA-N,1,CHEMBL2106372
Clc1ccc(C(Cn2ccnc2)OCc2ccsc2Cl)c(Cl)c1,QXHHHPZILQDDPS-UHFFFAOYSA-N,1,CHEMBL1200438
Nc1c2c(nc3ccccc13)CCC(C(=O)NCCCc1ccccc1)C2,OYHDIURQIIDFSG-UHFFFAOYSA-N,1,CHEMBL4213301
NS(=O)(=O)c1cc2c(cc1Cl)NC(CC1CCCC1)NS2(=O)=O,BKYKPTRYDKTTJY-UHFFFAOYSA-N,1,CHEMBL1373254
CC(=O)N[C@@H]1[C@H](Oc2c3cc4cc2Oc2ccc(cc2Cl)[C@@H](O[C@@H]2O[C@@H](CO)[C@@H](O)[C@H](O)[C@@H]2NC(C)=O)[C@@H]2NC(=O)[C@H](NC(=O)[C@@H]4NC(=O)[C@H]4NC(=O)[C@@H](Cc5ccc(c(Cl)c5)O3)NC(=O)[C@H](N)c3ccc(O)c(c3)Oc3cc(O)cc4c3)c3ccc(O)c(c3)-c3c(O[C@H]4O[C@H](CO)[C@@H](O)[C@@H](O)[C@@H]4O)cc(O)cc3[C@@H](C(=O)O)NC2=O)O[C@@H](CO)[C@@H](O)[C@@H]1O,DDTDNCYHLGRFBM-YZEKDTGTSA-N,1,CHEMBL2367892
COc1cc(CCc2ccc(Nc3c4c(nc5ccccc35)CCCC4)cc2)cc(OC)c1,BOGAHAUMRNNWPE-UHFFFAOYSA-N,1,CHEMBL4093419
C=C(C)[C@@H]1CCC(C)=C[C@H]1c1c(O)cc(CCCCC)cc1OC(=O)N(C)Cc1ccc(Cl)cc1,OHHCIRJUIDNYFH-IZZNHLLZSA-N,0,CHEMBL4870785
C/C(=C\Cc1cc(O)cc(Sc2ccccc2C(=O)O)c1O)CCCC(C)CCCC(C)CCCC(C)C,QIXJMCNCXLOJKZ-LGUFXXKBSA-N,1,CHEMBL3922437
CCCC[C@](C)(O)C/C=C/[C@H]1[C@H](O)CC(=O)[C@@H]1CCCCCCC(=O)OC,OJLOPKGSLYJEMD-YCVNZHGXSA-N,1,CHEMBL4064157
CN1CC[C@]23c4c5ccc(O)c4O[C@H]2C(=O)CC[C@H]3[C@H]1C5,WVLOADHCBXTIJK-YNHQPCIGSA-N,1,CHEMBL398707
Cc1nc(C)c(/C=C/C(=O)N2CCC=C(Cl)C2=O)nc1C,XAZAQCSIQYKFPW-VOTSOKGWSA-N,0,CHEMBL4062698
CC[C@]1(O)CC[C@H]2[C@@H]3CCC4=CC(=O)CC[C@@H]4[C@H]3CC[C@@]21C,ZDHCJEIGTNNEMY-XGXHKTLJSA-N,1,CHEMBL1697845
CN(C)CC(Oc1ccccc1)Oc1ccccc1,QNMGHBMGNRQPNL-UHFFFAOYSA-N,1,CHEMBL85231
OCCN1CCN(CCCN2c3ccccc3C=Cc3ccccc32)CC1,YNZFUWZUGRBMHL-UHFFFAOYSA-N,1,CHEMBL370753
COc1ccc2nc(NC(=S)NC(=O)c3ccccc3Cl)sc2c1,JFTXCEOCVAXNRJ-UHFFFAOYSA-N,0,CHEMBL523087
