name,canonical_smiles,label,source,reference_url,likelihood_score,reasoning
Imatinib,Cc1ccc(NC(=O)c2ccc(CN3CCN(C)CC3)cc2)cc1Nc1nccc(-c2cccnc2)n1,1,LiverTox,https://www.ncbi.nlm.nih.gov/books/NBK547959/,A,"Kinase target: BCR-ABL. LiverTox Likelihood Score A: well documented cause of clinically apparent liver injury as well as reactivation of hepatitis B. Confirmed via dedicated LiverTox chapter (NBK547959); Mapped: A/B/C=1, D/E=0."
Dasatinib,Cc1nc(Nc2ncc(C(=O)Nc3c(C)cccc3Cl)s2)cc(N2CCN(CCO)CC2)n1,0,LiverTox,https://www.ncbi.nlm.nih.gov/books/NBK548780/,D,"Kinase target: BCR-ABL/SRC. LiverTox Likelihood Score D: possible rare cause of clinically apparent liver injury (limited published case reports). Mapped: A/B/C=1, D/E=0."
Nilotinib,Cc1cn(-c2cc(NC(=O)c3ccc(C)c(Nc4nccc(-c5cccnc5)n4)c3)cc(C(F)(F)F)c2)cn1,0,LiverTox,https://www.ncbi.nlm.nih.gov/books/NBK548443/,D,"Kinase target: BCR-ABL. LiverTox Likelihood Score D: possible rare cause of clinically apparent liver injury (limited published case reports). Mapped: A/B/C=1, D/E=0."
Bosutinib,COc1cc(Nc2c(C#N)cnc3cc(OCCCN4CCN(C)CC4)c(OC)cc23)c(Cl)cc1Cl,0,LiverTox,https://www.ncbi.nlm.nih.gov/books/NBK547951/,D,"Kinase target: BCR-ABL/SRC. LiverTox Likelihood Score D: possible rare cause of clinically apparent liver injury (limited published case reports). Mapped: A/B/C=1, D/E=0."
Ponatinib,Cc1ccc(C(=O)Nc2ccc(CN3CCN(C)CC3)c(C(F)(F)F)c2)cc1C#Cc1cnc2cccnn12,0,LiverTox,https://www.ncbi.nlm.nih.gov/books/NBK548131/,E*,"Kinase target: BCR-ABL. LiverTox Likelihood Score E*: unproven but suspected rare cause of clinically apparent liver injury (no convincing published cases yet). Mapped: A/B/C=1, D/E=0."
Asciminib,O=C(Nc1ccc(OC(F)(F)Cl)cc1)c1cnc(N2CCC(O)C2)c(-c2ccn[nH]2)c1,0,LiverTox,https://www.ncbi.nlm.nih.gov/books/NBK597219/,E*,"Kinase target: BCR-ABL. LiverTox Likelihood Score E*: unproven but suspected rare cause of clinically apparent liver injury (no convincing published cases yet). Confirmed via dedicated LiverTox chapter (NBK597219); mapped A/B/C=1, D/E=0."
Erlotinib,C#Cc1cccc(Nc2ncnc3cc(OCCOC)c(OCCOC)cc23)c1,1,LiverTox,https://www.ncbi.nlm.nih.gov/books/NBK548407/,B,"Kinase target: EGFR. LiverTox Likelihood Score B: highly likely cause of clinically apparent liver injury; well documented. Mapped: A/B/C=1, D/E=0."
Gefitinib,COc1cc2ncnc(Nc3ccc(F)c(Cl)c3)c2cc1OCCCN1CCOCC1,1,LiverTox,https://www.ncbi.nlm.nih.gov/books/NBK548839/,B,"Kinase target: EGFR. LiverTox Likelihood Score B: highly likely cause of clinically apparent liver injury; well documented. Mapped: A/B/C=1, D/E=0."
Afatinib,CN(C)CC=CC(=O)Nc1cc2c(Nc3ccc(F)c(Cl)c3)ncnc2cc1OC1CCOC1,0,LiverTox,https://www.ncbi.nlm.nih.gov/books/NBK548772/,D,"Kinase target: EGFR/HER2. LiverTox Likelihood Score D: possible rare cause of clinically apparent liver injury (limited published case reports). Mapped: A/B/C=1, D/E=0."
Osimertinib,C=CC(=O)Nc1cc(Nc2nccc(-c3cn(C)c4ccccc34)n2)c(OC)cc1N(C)CCN(C)C,0,LiverTox,https://www.ncbi.nlm.nih.gov/books/NBK548495/,E*,"Kinase target: EGFR. LiverTox Likelihood Score E*: unproven but suspected rare cause of clinically apparent liver injury (no convincing published cases yet). Mapped: A/B/C=1, D/E=0."
Dacomitinib,COc1cc2ncnc(Nc3ccc(F)c(Cl)c3)c2cc1NC(=O)C=CCN1CCCCC1,0,LiverTox,https://www.ncbi.nlm.nih.gov/books/NBK547996/,E*,"Kinase target: EGFR. LiverTox Likelihood Score E*: unproven but suspected rare cause of clinically apparent liver injury (no convincing published cases yet). Mapped: A/B/C=1, D/E=0."
Mobocertinib,C=CC(=O)Nc1cc(Nc2ncc(C(=O)OC(C)C)c(-c3cn(C)c4ccccc34)n2)c(OC)cc1N(C)CCN(C)C,0,LiverTox,https://www.ncbi.nlm.nih.gov/books/NBK597509/,E*,"Kinase target: EGFR. LiverTox Likelihood Score E*: unproven but suspected rare cause of clinically apparent liver injury (no convincing published cases yet). Mapped: A/B/C=1, D/E=0."
Lazertinib,C=CC(=O)Nc1cc(Nc2nccc(-n3cc(CN(C)C)c(-c4ccccc4)n3)n2)c(OC)cc1N1CCOCC1,0,LiverTox,https://www.ncbi.nlm.nih.gov/books/NBK613516/,E*,"Kinase target: EGFR. LiverTox Likelihood Score E*: unproven but suspected rare cause of clinically apparent liver injury (no convincing published cases yet). Mapped: A/B/C=1, D/E=0."
Icotinib,C#Cc1cccc(Nc2ncnc3cc4c(cc23)OCCOCCOCCO4)c1,uncertain,no-LiverTox-China-only,https://pubmed.ncbi.nlm.nih.gov/33031574/,uncertain,"Kinase target: EGFR. EGFR-TKI approved in China only (CFDA 2011). No LiverTox chapter. Network meta-analysis shows similar transaminase elevation rates to gefitinib/erlotinib (both LiverTox B); however, no formal LiverTox score yet. Labelled uncertain pending dedicated review."
Vandetanib,COc1cc2c(Nc3ccc(Br)cc3F)ncnc2cc1OCC1CCN(C)CC1,0,LiverTox,https://www.ncbi.nlm.nih.gov/books/NBK548169/,E*,"Kinase target: EGFR/VEGFR/RET. LiverTox Likelihood Score E*: unproven but suspected rare cause of clinically apparent liver injury (no convincing published cases yet). Mapped: A/B/C=1, D/E=0."
Olmutinib,C=CC(=O)Nc1cccc(Oc2nc(Nc3ccc(N4CCN(C)CC4)cc3)nc3ccsc23)c1,uncertain,no-LiverTox-Korea-only,https://pubmed.ncbi.nlm.nih.gov/31125491/,uncertain,"Kinase target: EGFR. 3rd-gen EGFR-TKI (HM61713) approved in South Korea only (MFDS, May 2016). Development halted globally (BI 1482694 program discontinued 2016 over toxic epidermal necrolysis risk). No LiverTox chapter; phase I tolerability data limited. Labelled uncertain."
Lapatinib,CS(=O)(=O)CCNCc1ccc(-c2ccc3ncnc(Nc4ccc(OCc5cccc(F)c5)c(Cl)c4)c3c2)o1,1,LiverTox,https://www.ncbi.nlm.nih.gov/books/NBK547971/,B,"Kinase target: EGFR/HER2. LiverTox Likelihood Score B: highly likely cause of clinically apparent liver injury; well documented. Mapped: A/B/C=1, D/E=0."
Neratinib,CCOc1cc2ncc(C#N)c(Nc3ccc(OCc4ccccn4)c(Cl)c3)c2cc1NC(=O)C=CCN(C)C,0,LiverTox,https://www.ncbi.nlm.nih.gov/books/NBK548937/,E*,"Kinase target: EGFR/HER2. LiverTox Likelihood Score E*: unproven but suspected rare cause of clinically apparent liver injury (no convincing published cases yet). Mapped: A/B/C=1, D/E=0."
Tucatinib,Cc1cc(Nc2ncnc3ccc(NC4=NC(C)(C)CO4)cc23)ccc1Oc1ccn2ncnc2c1,0,LiverTox,https://www.ncbi.nlm.nih.gov/books/NBK595112/,E*,"Kinase target: HER2. LiverTox Likelihood Score E*: unproven but suspected rare cause of clinically apparent liver injury (no convincing published cases yet). Mapped: A/B/C=1, D/E=0."
Sunitinib,CCN(CC)CCNC(=O)c1c(C)[nH]c(C=C2C(=O)Nc3ccc(F)cc32)c1C,1,LiverTox,https://www.ncbi.nlm.nih.gov/books/NBK548118/,B,"Kinase target: VEGFR/PDGFR/KIT. LiverTox Likelihood Score B: highly likely cause of clinically apparent liver injury; well documented. Mapped: A/B/C=1, D/E=0."
Sorafenib,CNC(=O)c1cc(Oc2ccc(NC(=O)Nc3ccc(Cl)c(C(F)(F)F)c3)cc2)ccn1,1,LiverTox,https://www.ncbi.nlm.nih.gov/books/NBK548944/,B,"Kinase target: VEGFR/RAF. LiverTox Likelihood Score B: highly likely cause of clinically apparent liver injury; well documented. Mapped: A/B/C=1, D/E=0."
Pazopanib,Cc1ccc(Nc2nccc(N(C)c3ccc4c(C)n(C)nc4c3)n2)cc1S(N)(=O)=O,1,LiverTox,https://www.ncbi.nlm.nih.gov/books/NBK548110/,C,"Kinase target: VEGFR/PDGFR. LiverTox Likelihood Score C: probable cause of clinically apparent liver injury; multiple reports. Mapped: A/B/C=1, D/E=0."
Axitinib,CNC(=O)c1ccccc1Sc1ccc2c(C=Cc3ccccn3)n[nH]c2c1,0,LiverTox,https://www.ncbi.nlm.nih.gov/books/NBK548139/,E*,"Kinase target: VEGFR. LiverTox Likelihood Score E*: unproven but suspected rare cause of clinically apparent liver injury (no convincing published cases yet). Mapped: A/B/C=1, D/E=0."
Cabozantinib,COc1cc2nccc(Oc3ccc(NC(=O)C4(C(=O)Nc5ccc(F)cc5)CC4)cc3)c2cc1OC,0,LiverTox,https://www.ncbi.nlm.nih.gov/books/NBK548279/,E*,"Kinase target: VEGFR/MET/RET. LiverTox Likelihood Score E*: unproven but suspected rare cause of clinically apparent liver injury (no convincing published cases yet). Mapped: A/B/C=1, D/E=0."
Regorafenib,CNC(=O)c1cc(Oc2ccc(NC(=O)Nc3ccc(Cl)c(C(F)(F)F)c3)c(F)c2)ccn1,1,LiverTox,https://www.ncbi.nlm.nih.gov/books/NBK548608/,B,"Kinase target: VEGFR/multikinase. LiverTox Likelihood Score B: highly likely cause of clinically apparent liver injury; well documented. Mapped: A/B/C=1, D/E=0."
Lenvatinib,COc1cc2nccc(Oc3ccc(NC(=O)NC4CC4)c(Cl)c3)c2cc1C(N)=O,0,LiverTox,https://www.ncbi.nlm.nih.gov/books/NBK547897/,D,"Kinase target: VEGFR/FGFR/RET. LiverTox Likelihood Score D: possible rare cause of clinically apparent liver injury (limited published case reports). Mapped: A/B/C=1, D/E=0."
Tivozanib,COc1cc2nccc(Oc3ccc(NC(=O)Nc4cc(C)on4)c(Cl)c3)c2cc1OC,0,LiverTox,https://www.ncbi.nlm.nih.gov/books/NBK601408/,E*,"Kinase target: VEGFR. LiverTox Likelihood Score E*: unproven but suspected rare cause of clinically apparent liver injury (no convincing published cases yet). Mapped: A/B/C=1, D/E=0."
Fruquintinib,CNC(=O)c1c(C)oc2cc(Oc3ncnc4cc(OC)c(OC)cc34)ccc12,0,LiverTox,https://www.ncbi.nlm.nih.gov/books/NBK613515/,E*,"Kinase target: VEGFR. LiverTox Likelihood Score E*: unproven but suspected rare cause of clinically apparent liver injury (no convincing published cases yet). Mapped: A/B/C=1, D/E=0."
Nintedanib,COC(=O)c1ccc2c(C(=Nc3ccc(N(C)C(=O)CN4CCN(C)CC4)cc3)c3ccccc3)c(O)[nH]c2c1,0,LiverTox,https://www.ncbi.nlm.nih.gov/books/NBK548135/,E*,"Kinase target: VEGFR/FGFR/PDGFR. LiverTox Likelihood Score E*: unproven but suspected rare cause of clinically apparent liver injury (no convincing published cases yet). Mapped: A/B/C=1, D/E=0."
Anlotinib,COc1cc2c(Oc3ccc4[nH]c(C)cc4c3F)ccnc2cc1OCC1(N)CC1,uncertain,no-LiverTox-China-only,https://pubmed.ncbi.nlm.nih.gov/33031574/,uncertain,Kinase target: VEGFR/multikinase. Multikinase (VEGFR/FGFR/PDGFR/c-Kit) inhibitor approved in China only (NMPA 2018). No LiverTox chapter; ALTER trials report hepatic AEs but no DILI signal characterized. Labelled uncertain.
Apatinib,N#CC1(c2ccc(NC(=O)c3cccnc3NCc3ccncc3)cc2)CCCC1,uncertain,no-LiverTox-China-only,https://www.ncbi.nlm.nih.gov/pmc/articles/PMC5779795/,uncertain,"Kinase target: VEGFR2. VEGFR2 TKI (rivoceranib) approved in China (NMPA 2014); FDA NDA accepted 2024 for HCC combination, decision pending. Phase III gastric cancer trial: Grade 3/4 transaminase elevation 8.0% (vs 4.4% placebo); HCC study: Grade 3 elevation 6.45%. Not yet in LiverTox. Labelled uncertain pending FDA review."
Crizotinib,CC(Oc1cc(-c2cnn(C3CCNCC3)c2)cnc1N)c1c(Cl)ccc(F)c1Cl,1,LiverTox,https://www.ncbi.nlm.nih.gov/books/NBK548638/,C,"Kinase target: ALK/ROS1/MET. LiverTox Likelihood Score C: probable cause of clinically apparent liver injury; multiple reports. Mapped: A/B/C=1, D/E=0."
Ceritinib,Cc1cc(Nc2ncc(Cl)c(Nc3ccccc3S(=O)(=O)C(C)C)n2)c(OC(C)C)cc1C1CCNCC1,0,LiverTox,https://www.ncbi.nlm.nih.gov/books/NBK548045/,D,"Kinase target: ALK. LiverTox Likelihood Score D: possible rare cause of clinically apparent liver injury (limited published case reports). Mapped: A/B/C=1, D/E=0."
Alectinib,CCc1cc2c(cc1N1CCC(N3CCOCC3)CC1)C(C)(C)c1[nH]c3cc(C#N)ccc3c1C2=O,0,LiverTox,https://www.ncbi.nlm.nih.gov/books/NBK548060/,D,"Kinase target: ALK. LiverTox Likelihood Score D: possible rare cause of clinically apparent liver injury (limited published case reports). Mapped: A/B/C=1, D/E=0."
Brigatinib,COc1cc(N2CCC(N3CCN(C)CC3)CC2)ccc1Nc1ncc(Cl)c(Nc2ccccc2P(C)(C)=O)n1,0,LiverTox,https://www.ncbi.nlm.nih.gov/books/NBK548523/,E*,"Kinase target: ALK. LiverTox Likelihood Score E*: unproven but suspected rare cause of clinically apparent liver injury (no convincing published cases yet). Mapped: A/B/C=1, D/E=0."
Lorlatinib,CC1Oc2cc(cnc2N)-c2c(nn(C)c2C#N)CN(C)C(=O)c2ccc(F)cc21,0,LiverTox,https://www.ncbi.nlm.nih.gov/books/NBK548564/,E*,"Kinase target: ALK/ROS1. LiverTox Likelihood Score E*: unproven but suspected rare cause of clinically apparent liver injury (no convincing published cases yet). Mapped: A/B/C=1, D/E=0."
Entrectinib,CN1CCN(c2ccc(C(=O)Nc3n[nH]c4ccc(Cc5cc(F)cc(F)c5)cc34)c(NC3CCOCC3)c2)CC1,0,LiverTox,https://www.ncbi.nlm.nih.gov/books/NBK574352/,E*,"Kinase target: ALK/ROS1/NTRK. LiverTox Likelihood Score E*: unproven but suspected rare cause of clinically apparent liver injury (no convincing published cases yet). Mapped: A/B/C=1, D/E=0."
Ensartinib,CC1CN(C(=O)c2ccc(NC(=O)c3cc(OC(C)c4c(Cl)ccc(F)c4Cl)c(N)nn3)cc2)CC(C)N1,0,LiverTox,https://www.ncbi.nlm.nih.gov/books/NBK613924/,D*,"Kinase target: ALK. LiverTox Likelihood Score D*: possible but unproven rare cause of clinically apparent liver injury. Mapped: A/B/C=1, D/E=0."
Repotrectinib,CC1CNC(=O)c2cnn3ccc(nc23)NC(C)c2cc(F)ccc2O1,0,LiverTox,https://www.ncbi.nlm.nih.gov/books/NBK613921/,E*,"Kinase target: ROS1/NTRK. LiverTox Likelihood Score E*: unproven but suspected rare cause of clinically apparent liver injury (no convincing published cases yet). Mapped: A/B/C=1, D/E=0."
Vemurafenib,CCCS(=O)(=O)Nc1ccc(F)c(C(=O)c2c[nH]c3ncc(-c4ccc(Cl)cc4)cc23)c1F,0,LiverTox,https://www.ncbi.nlm.nih.gov/books/NBK548656/,E*,"Kinase target: BRAF. LiverTox Likelihood Score E*: unproven but suspected rare cause of clinically apparent liver injury (no convincing published cases yet). Mapped: A/B/C=1, D/E=0."
Dabrafenib,CC(C)(C)c1nc(-c2cccc(NS(=O)(=O)c3c(F)cccc3F)c2F)c(-c2ccnc(N)n2)s1,0,LiverTox,https://www.ncbi.nlm.nih.gov/books/NBK548234/,E*,"Kinase target: BRAF. LiverTox Likelihood Score E*: unproven but suspected rare cause of clinically apparent liver injury (no convincing published cases yet). Mapped: A/B/C=1, D/E=0."
Encorafenib,COC(=O)N[C@@H](C)CNc1nccc(-c2cn(C(C)C)nc2-c2cc(Cl)cc(NS(C)(=O)=O)c2F)n1,0,LiverTox-PKI-overview,https://www.ncbi.nlm.nih.gov/books/NBK548591/,E*,"Kinase target: BRAF. LiverTox Likelihood Score E*: unproven but suspected rare cause of clinically apparent liver injury (no convincing published cases yet). Mapped: A/B/C=1, D/E=0."
Tovorafenib,CC(NC(=O)c1ncnc(N)c1Cl)c1ncc(C(=O)Nc2cc(C(F)(F)F)c(Cl)cn2)s1,0,LiverTox,https://www.ncbi.nlm.nih.gov/books/NBK613920/,E*,"Kinase target: pan-RAF. LiverTox Likelihood Score E*: unproven but suspected rare cause of clinically apparent liver injury (no convincing published cases yet). Mapped: A/B/C=1, D/E=0."
Trametinib,CC(=O)Nc1cccc(-n2c(=O)n(C3CC3)c(=O)c3c(Nc4ccc(I)cc4F)n(C)c(=O)c(C)c32)c1,0,LiverTox,https://www.ncbi.nlm.nih.gov/books/NBK548731/,E*,"Kinase target: MEK. LiverTox Likelihood Score E*: unproven but suspected rare cause of clinically apparent liver injury (no convincing published cases yet). Mapped: A/B/C=1, D/E=0."
Cobimetinib,O=C(c1ccc(F)c(F)c1Nc1ccc(I)cc1F)N1CC(O)(C2CCCCN2)C1,0,LiverTox,https://www.ncbi.nlm.nih.gov/books/NBK548657/,D,"Kinase target: MEK. LiverTox Likelihood Score D: possible rare cause of clinically apparent liver injury (limited published case reports). Mapped: A/B/C=1, D/E=0."
Binimetinib,Cn1cnc2c(F)c(Nc3ccc(Br)cc3F)c(C(=O)NOCCO)cc21,0,LiverTox-PKI-overview,https://www.ncbi.nlm.nih.gov/books/NBK548591/,E*,"Kinase target: MEK. LiverTox Likelihood Score E*: unproven but suspected rare cause of clinically apparent liver injury (no convincing published cases yet). Mapped: A/B/C=1, D/E=0."
Selumetinib,Cn1cnc2c(F)c(Nc3ccc(Br)cc3Cl)c(C(=O)NOCCO)cc21,0,LiverTox,https://www.ncbi.nlm.nih.gov/books/NBK569419/,E*,"Kinase target: MEK. LiverTox Likelihood Score E*: unproven but suspected rare cause of clinically apparent liver injury (no convincing published cases yet). Mapped: A/B/C=1, D/E=0."
Idelalisib,CCC(Nc1ncnc2nc[nH]c12)c1nc2cccc(F)c2c(=O)n1-c1ccccc1,0,LiverTox,https://www.ncbi.nlm.nih.gov/books/NBK548840/,D,"Kinase target: PI3K-delta. LiverTox Likelihood Score D: possible rare cause of clinically apparent liver injury (limited published case reports). Mapped: A/B/C=1, D/E=0."
Copanlisib,COc1c(OCCCN2CCOCC2)ccc2c3n(c(=NC(=O)c4cnc(N)nc4)nc12)CCN3,0,LiverTox,https://www.ncbi.nlm.nih.gov/books/NBK548413/,E*,"Kinase target: PI3K. LiverTox Likelihood Score E*: unproven but suspected rare cause of clinically apparent liver injury (no convincing published cases yet). Mapped: A/B/C=1, D/E=0."
Duvelisib,CC(Nc1ncnc2nc[nH]c12)c1cc2cccc(Cl)c2c(=O)n1-c1ccccc1,0,LiverTox,https://www.ncbi.nlm.nih.gov/books/NBK548824/,E*,"Kinase target: PI3K. LiverTox Likelihood Score E*: unproven but suspected rare cause of clinically apparent liver injury (no convincing published cases yet). Mapped: A/B/C=1, D/E=0."
Alpelisib,Cc1nc(NC(=O)N2CCCC2C(N)=O)sc1-c1ccnc(C(C)(C)C(F)(F)F)c1,0,LiverTox,https://www.ncbi.nlm.nih.gov/books/NBK574353/,E*,"Kinase target: PI3K-alpha. LiverTox Likelihood Score E*: unproven but suspected rare cause of clinically apparent liver injury (no convincing published cases yet). Mapped: A/B/C=1, D/E=0."
Umbralisib,CC(C)Oc1ccc(-c2nn(C(C)c3oc4ccc(F)cc4c(=O)c3-c3cccc(F)c3)c3ncnc(N)c23)cc1F,0,LiverTox,https://www.ncbi.nlm.nih.gov/books/NBK597223/,E*,"Kinase target: PI3K-delta. LiverTox Likelihood Score E*: unproven but suspected rare cause of clinically apparent liver injury (no convincing published cases yet). Mapped: A/B/C=1, D/E=0."
Inavolisib,CC(Nc1ccc2c(c1)OCCn1cc(N3C(=O)OCC3C(F)F)nc1-2)C(N)=O,0,LiverTox,https://www.ncbi.nlm.nih.gov/books/NBK613925/,E*,"Kinase target: PI3K-alpha. LiverTox Likelihood Score E*: unproven but suspected rare cause of clinically apparent liver injury (no convincing published cases yet). Mapped: A/B/C=1, D/E=0."
Capivasertib,NC1(C(=O)NC(CCO)c2ccc(Cl)cc2)CCN(c2ncnc3[nH]ccc23)CC1,0,LiverTox,https://www.ncbi.nlm.nih.gov/books/NBK613922/,E*,"Kinase target: AKT. LiverTox Likelihood Score E*: unproven but suspected rare cause of clinically apparent liver injury (no convincing published cases yet). Mapped: A/B/C=1, D/E=0."
Leniolisib,CCC(=O)N1CCC(Nc2ncnc3c2CN(c2cnc(OC)c(C(F)(F)F)c2)CC3)C1,0,LiverTox,https://www.ncbi.nlm.nih.gov/books/NBK605498/,E,"Kinase target: PI3K-delta. LiverTox Likelihood Score E: unlikely cause of clinically apparent liver injury despite wide clinical use. Mapped: A/B/C=1, D/E=0."
Everolimus,COC1CC2CCC(C)C(O)(O2)C(=O)C(=O)N2CCCCC2C(=O)OC(C(C)CC2CCC(OCCO)C(OC)C2)CC(=O)C(C)C=C(C)C(O)C(OC)C(=O)C(C)CC(C)C=CC=CC=C1C,0,LiverTox,https://www.ncbi.nlm.nih.gov/books/NBK548857/,E,"Kinase target: mTOR. LiverTox Likelihood Score E: unlikely cause of clinically apparent liver injury despite wide clinical use. Mapped: A/B/C=1, D/E=0."
Temsirolimus,COC1CC2CCC(C)C(O)(O2)C(=O)C(=O)N2CCCCC2C(=O)OC(C(C)CC2CCC(OC(=O)C(C)(CO)CO)C(OC)C2)CC(=O)C(C)C=C(C)C(O)C(OC)C(=O)C(C)CC(C)C=CC=CC=C1C,0,LiverTox,https://www.ncbi.nlm.nih.gov/books/NBK548811/,E,"Kinase target: mTOR. LiverTox Likelihood Score E: unlikely cause of clinically apparent liver injury despite wide clinical use. Mapped: A/B/C=1, D/E=0."
Sirolimus,COC1CC2CCC(C)C(O)(O2)C(=O)C(=O)N2CCCCC2C(=O)OC(C(C)CC2CCC(O)C(OC)C2)CC(=O)C(C)C=C(C)C(O)C(OC)C(=O)C(C)CC(C)C=CC=CC=C1C,1,LiverTox,https://www.ncbi.nlm.nih.gov/books/NBK548028/,C,"Kinase target: mTOR. LiverTox Likelihood Score C: probable cause of clinically apparent liver injury; multiple reports. Mapped: A/B/C=1, D/E=0."
Erdafitinib,COc1cc(OC)cc(N(CCNC(C)C)c2ccc3ncc(-c4cnn(C)c4)nc3c2)c1,0,LiverTox,https://www.ncbi.nlm.nih.gov/books/NBK574354/,E*,"Kinase target: FGFR. LiverTox Likelihood Score E*: unproven but suspected rare cause of clinically apparent liver injury (no convincing published cases yet). Mapped: A/B/C=1, D/E=0."
Pemigatinib,CCN1C(=O)N(c2c(F)c(OC)cc(OC)c2F)Cc2cnc3[nH]c(CN4CCOCC4)cc3c21,0,LiverTox,https://www.ncbi.nlm.nih.gov/books/NBK588134/,E*,"Kinase target: FGFR. LiverTox Likelihood Score E*: unproven but suspected rare cause of clinically apparent liver injury (no convincing published cases yet). Mapped: A/B/C=1, D/E=0."
Infigratinib,CCN1CCN(c2ccc(Nc3cc(N(C)C(=O)Nc4c(Cl)c(OC)cc(OC)c4Cl)ncn3)cc2)CC1,0,LiverTox,https://www.ncbi.nlm.nih.gov/books/NBK588133/,E*,"Kinase target: FGFR. LiverTox Likelihood Score E*: unproven but suspected rare cause of clinically apparent liver injury (no convincing published cases yet). Mapped: A/B/C=1, D/E=0."
Futibatinib,C=CC(=O)N1CCC(n2nc(C#Cc3cc(OC)cc(OC)c3)c3c(N)ncnc32)C1,0,LiverTox,https://www.ncbi.nlm.nih.gov/books/NBK588135/,E*,"Kinase target: FGFR. LiverTox Likelihood Score E*: unproven but suspected rare cause of clinically apparent liver injury (no convincing published cases yet). Mapped: A/B/C=1, D/E=0."
Midostaurin,COC1C(N(C)C(=O)c2ccccc2)CC2OC1(C)n1c3ccccc3c3c4c(c5c6ccccc6n2c5c31)C(=O)NC4,0,LiverTox,https://www.ncbi.nlm.nih.gov/books/NBK548874/,E*,"Kinase target: FLT3/multikinase. LiverTox Likelihood Score E*: unproven but suspected rare cause of clinically apparent liver injury (no convincing published cases yet). Mapped: A/B/C=1, D/E=0."
Gilteritinib,CCc1nc(C(N)=O)c(Nc2ccc(N3CCC(N4CCN(C)CC4)CC3)c(OC)c2)nc1NC1CCOCC1,0,LiverTox,https://www.ncbi.nlm.nih.gov/books/NBK548423/,E*,"Kinase target: FLT3. LiverTox Likelihood Score E*: unproven but suspected rare cause of clinically apparent liver injury (no convincing published cases yet). Mapped: A/B/C=1, D/E=0."
Quizartinib,CC(C)(C)c1cc(NC(=O)Nc2ccc(-c3cn4c(n3)sc3cc(OCCN5CCOCC5)ccc34)cc2)no1,0,LiverTox,https://www.ncbi.nlm.nih.gov/books/NBK605695/,E,"Kinase target: FLT3. LiverTox Likelihood Score E: unlikely cause of clinically apparent liver injury despite wide clinical use. Mapped: A/B/C=1, D/E=0."
Selpercatinib,COc1ccc(CN2C3CC2CN(c2ccc(-c4cc(OCC(C)(C)O)cn5ncc(C#N)c45)cn2)C3)cn1,0,LiverTox,https://www.ncbi.nlm.nih.gov/books/NBK594575/,E*,"Kinase target: RET. LiverTox Likelihood Score E*: unproven but suspected rare cause of clinically apparent liver injury (no convincing published cases yet). Mapped: A/B/C=1, D/E=0."
Pralsetinib,COC1(C(=O)NC(C)c2ccc(-n3cc(F)cn3)nc2)CCC(c2nc(C)cc(Nc3cc(C)[nH]n3)n2)CC1,0,LiverTox,https://www.ncbi.nlm.nih.gov/books/NBK594574/,E*,"Kinase target: RET. LiverTox Likelihood Score E*: unproven but suspected rare cause of clinically apparent liver injury (no convincing published cases yet). Mapped: A/B/C=1, D/E=0."
Capmatinib,CNC(=O)c1ccc(-c2cnc3ncc(Cc4ccc5ncccc5c4)n3n2)cc1F,0,LiverTox,https://www.ncbi.nlm.nih.gov/books/NBK595111/,E*,"Kinase target: MET. LiverTox Likelihood Score E*: unproven but suspected rare cause of clinically apparent liver injury (no convincing published cases yet). Mapped: A/B/C=1, D/E=0."
Tepotinib,CN1CCC(COc2cnc(-c3cccc(Cn4nc(-c5cccc(C#N)c5)ccc4=O)c3)nc2)CC1,0,LiverTox,https://www.ncbi.nlm.nih.gov/books/NBK595113/,E*,"Kinase target: MET. LiverTox Likelihood Score E*: unproven but suspected rare cause of clinically apparent liver injury (no convincing published cases yet). Mapped: A/B/C=1, D/E=0."
Avapritinib,Cn1cc(-c2cc3c(N4CCN(c5ncc(C(C)(N)c6ccc(F)cc6)cn5)CC4)ncnn3c2)cn1,0,LiverTox,https://www.ncbi.nlm.nih.gov/books/NBK595114/,E*,"Kinase target: KIT/PDGFR. LiverTox Likelihood Score E*: unproven but suspected rare cause of clinically apparent liver injury (no convincing published cases yet). Mapped: A/B/C=1, D/E=0."
Ripretinib,CCn1c(=O)c(-c2cc(NC(=O)Nc3ccccc3)c(F)cc2Br)cc2cnc(NC)cc21,0,LiverTox,https://www.ncbi.nlm.nih.gov/books/NBK597222/,E,"Kinase target: KIT/PDGFR. LiverTox Likelihood Score E: unlikely cause of clinically apparent liver injury despite wide clinical use. Mapped: A/B/C=1, D/E=0."
Larotrectinib,O=C(Nc1cnn2ccc(N3CCCC3c3cc(F)ccc3F)nc12)N1CCC(O)C1,0,LiverTox,https://www.ncbi.nlm.nih.gov/books/NBK548088/,E*,"Kinase target: NTRK. LiverTox Likelihood Score E*: unproven but suspected rare cause of clinically apparent liver injury (no convincing published cases yet). Mapped: A/B/C=1, D/E=0."
Ibrutinib,C=CC(=O)N1CCCC(n2nc(-c3ccc(Oc4ccccc4)cc3)c3c(N)ncnc32)C1,0,LiverTox,https://www.ncbi.nlm.nih.gov/books/NBK548449/,D,"Kinase target: BTK. LiverTox Likelihood Score D: possible rare cause of clinically apparent liver injury (limited published case reports). Mapped: A/B/C=1, D/E=0."
Acalabrutinib,CC#CC(=O)N1CCCC1c1nc(-c2ccc(C(=O)Nc3ccccn3)cc2)c2c(N)nccn12,0,LiverTox,https://www.ncbi.nlm.nih.gov/books/NBK548486/,D,"Kinase target: BTK. LiverTox Likelihood Score D: possible rare cause of clinically apparent liver injury (limited published case reports). Mapped: A/B/C=1, D/E=0."
Zanubrutinib,C=CC(=O)N1CCC(C2CCNc3c(C(N)=O)c(-c4ccc(Oc5ccccc5)cc4)nn32)CC1,0,LiverTox,https://www.ncbi.nlm.nih.gov/books/NBK553313/,E*,"Kinase target: BTK. LiverTox Likelihood Score E*: unproven but suspected rare cause of clinically apparent liver injury (no convincing published cases yet). Mapped: A/B/C=1, D/E=0."
Pirtobrutinib,COc1ccc(F)cc1C(=O)NCc1ccc(-c2nn(C(C)C(F)(F)F)c(N)c2C(N)=O)cc1,0,LiverTox,https://www.ncbi.nlm.nih.gov/books/NBK605693/,E*,"Kinase target: BTK. LiverTox Likelihood Score E*: unproven but suspected rare cause of clinically apparent liver injury (no convincing published cases yet). Mapped: A/B/C=1, D/E=0."
Ruxolitinib,N#CCC(C1CCCC1)n1cc(-c2ncnc3[nH]ccc23)cn1,1,LiverTox,https://www.ncbi.nlm.nih.gov/books/NBK548534/,C,"Kinase target: JAK1/2. LiverTox Likelihood Score C: probable cause of clinically apparent liver injury; multiple reports. Mapped: A/B/C=1, D/E=0."
Tofacitinib,CC1CCN(C(=O)CC#N)CC1N(C)c1ncnc2[nH]ccc12,0,LiverTox,https://www.ncbi.nlm.nih.gov/books/NBK547848/,E*,"Kinase target: JAK. LiverTox Likelihood Score E*: unproven but suspected rare cause of clinically apparent liver injury (no convincing published cases yet). Mapped: A/B/C=1, D/E=0."
Baricitinib,CCS(=O)(=O)N1CC(CC#N)(n2cc(-c3ncnc4[nH]ccc34)cn2)C1,0,LiverTox,https://www.ncbi.nlm.nih.gov/books/NBK548012/,E*,"Kinase target: JAK1/2. LiverTox Likelihood Score E*: unproven but suspected rare cause of clinically apparent liver injury (no convincing published cases yet). Mapped: A/B/C=1, D/E=0."
Upadacitinib,CCC1CN(C(=O)NCC(F)(F)F)CC1c1cnc2cnc3[nH]ccc3n12,0,LiverTox,https://www.ncbi.nlm.nih.gov/books/NBK574351/,D,"Kinase target: JAK1. LiverTox Likelihood Score D: possible rare cause of clinically apparent liver injury (limited published case reports). Mapped: A/B/C=1, D/E=0."
Fedratinib,Cc1cnc(Nc2ccc(OCCN3CCCC3)cc2)nc1Nc1cccc(S(=O)(=O)NC(C)(C)C)c1,0,LiverTox,https://www.ncbi.nlm.nih.gov/books/NBK574355/,D,"Kinase target: JAK2. LiverTox Likelihood Score D: possible rare cause of clinically apparent liver injury (limited published case reports). Mapped: A/B/C=1, D/E=0."
Pacritinib,C1=CCOCc2cc(ccc2OCCN2CCCC2)Nc2nccc(n2)-c2cccc(c2)COC1,0,LiverTox,https://www.ncbi.nlm.nih.gov/books/NBK601409/,E*,"Kinase target: JAK2. LiverTox Likelihood Score E*: unproven but suspected rare cause of clinically apparent liver injury (no convincing published cases yet). Mapped: A/B/C=1, D/E=0."
Momelotinib,N#CCNC(=O)c1ccc(-c2ccnc(Nc3ccc(N4CCOCC4)cc3)n2)cc1,0,LiverTox,https://www.ncbi.nlm.nih.gov/books/NBK601410/,D,"Kinase target: JAK1/2. LiverTox Likelihood Score D: possible rare cause of clinically apparent liver injury (limited published case reports). Mapped: A/B/C=1, D/E=0."
Abrocitinib,CCCS(=O)(=O)NC1CC(N(C)c2ncnc3[nH]ccc23)C1,0,LiverTox,https://www.ncbi.nlm.nih.gov/books/NBK581695/,E,"Kinase target: JAK1. LiverTox Likelihood Score E: unlikely cause of clinically apparent liver injury despite wide clinical use. Mapped: A/B/C=1, D/E=0."
Filgotinib,O=C(Nc1nc2cccc(-c3ccc(CN4CCS(=O)(=O)CC4)cc3)n2n1)C1CC1,0,EMA-Jyseleca-EPAR,https://www.ema.europa.eu/en/documents/product-information/jyseleca-epar-product-information_en.pdf,E-EMA,Kinase target: JAK1. EMA Jyseleca SmPC (filgotinib): only mild ALT/AST elevations without drug-induced hepatocellular injury reported. Not FDA-approved; not in LiverTox. Equivalent to LiverTox Score E.
Deucravacitinib,CNC(=O)c1nnc(NC(=O)C2CC2)cc1Nc1cccc(-c2ncn(C)n2)c1OC,0,LiverTox,https://www.ncbi.nlm.nih.gov/books/NBK601411/,E,"Kinase target: TYK2. LiverTox Likelihood Score E: unlikely cause of clinically apparent liver injury despite wide clinical use. Mapped: A/B/C=1, D/E=0."
Ritlecitinib,C=CC(=O)N1CC(Nc2ncnc3[nH]ccc23)CCC1C,0,LiverTox,https://www.ncbi.nlm.nih.gov/books/NBK602817/,E*,"Kinase target: JAK3. LiverTox Likelihood Score E*: unproven but suspected rare cause of clinically apparent liver injury (no convincing published cases yet). Mapped: A/B/C=1, D/E=0."
Deuruxolitinib,[2H]C1([2H])C([C@@H](CC#N)n2cc(-c3ncnc4[nH]ccc34)cn2)C([2H])([2H])C([2H])([2H])C1([2H])[2H],0,LiverTox,https://www.ncbi.nlm.nih.gov/books/NBK609110/,E*,"Kinase target: JAK1/2. LiverTox Likelihood Score E*: unproven but suspected rare cause of clinically apparent liver injury (no convincing published cases yet). Mapped: A/B/C=1, D/E=0."
Palbociclib,CC(=O)c1c(C)c2cnc(Nc3ccc(N4CCNCC4)cn3)nc2n(C2CCCC2)c1=O,1,LiverTox,https://www.ncbi.nlm.nih.gov/books/NBK547882/,C,"Kinase target: CDK4/6. LiverTox Likelihood Score C: probable cause of clinically apparent liver injury; multiple reports. Mapped: A/B/C=1, D/E=0."
Ribociclib,CN(C)C(=O)c1cc2cnc(Nc3ccc(N4CCNCC4)cn3)nc2n1C1CCCC1,1,LiverTox,https://www.ncbi.nlm.nih.gov/books/NBK548818/,C,"Kinase target: CDK4/6. LiverTox Likelihood Score C: probable cause of clinically apparent liver injury; multiple reports. Mapped: A/B/C=1, D/E=0."
Abemaciclib,CCN1CCN(Cc2ccc(Nc3ncc(F)c(-c4cc(F)c5nc(C)n(C(C)C)c5c4)n3)nc2)CC1,0,LiverTox,https://www.ncbi.nlm.nih.gov/books/NBK548807/,E*,"Kinase target: CDK4/6. LiverTox Likelihood Score E*: unproven but suspected rare cause of clinically apparent liver injury (no convincing published cases yet). Mapped: A/B/C=1, D/E=0."
Trilaciclib,CN1CCN(c2ccc(Nc3ncc4cc5n(c4n3)C3(CCCCC3)CNC5=O)nc2)CC1,0,LiverTox,https://www.ncbi.nlm.nih.gov/books/NBK597510/,E,"Kinase target: CDK4/6. LiverTox Likelihood Score E: unlikely cause of clinically apparent liver injury despite wide clinical use. Mapped: A/B/C=1, D/E=0."
Pexidartinib,FC(F)(F)c1ccc(CNc2ccc(Cc3c[nH]c4ncc(Cl)cc34)cn2)cn1,1,LiverTox,https://www.ncbi.nlm.nih.gov/books/NBK551730/,B,"Kinase target: CSF1R. LiverTox Likelihood Score B: highly likely cause of clinically apparent liver injury; well documented. Mapped: A/B/C=1, D/E=0."
Vimseltinib,Cc1nc(-c2cnc(NC(C)C)n(C)c2=O)ccc1Oc1ccnc(-c2cnn(C)c2)c1,0,FDA-label-Romvimza,https://www.accessdata.fda.gov/drugsatfda_docs/label/2025/219304s000lbl.pdf,E-FDA,"Kinase target: CSF1R. FDA Romvimza prescribing info (Feb 2025 approval, NDA 219304): no serious or fatal DILI observed. Grade 3 AST in 2%, Grade 3 ALT in 1%, no Hy's law cases across 253 patients in MOTION trial; no boxed warning. Equivalent to LiverTox Score E."
Fostamatinib,COc1cc(Nc2ncc(F)c(Nc3ccc4c(n3)N(COP(=O)(O)O)C(=O)C(C)(C)O4)n2)cc(OC)c1OC,0,LiverTox,https://www.ncbi.nlm.nih.gov/books/NBK548340/,E*,"Kinase target: SYK. LiverTox Likelihood Score E*: unproven but suspected rare cause of clinically apparent liver injury (no convincing published cases yet). Mapped: A/B/C=1, D/E=0."
Belumosudil,CC(C)NC(=O)COc1cccc(-c2nc(Nc3ccc4[nH]ncc4c3)c3ccccc3n2)c1,0,LiverTox,https://www.ncbi.nlm.nih.gov/books/NBK605691/,E,"Kinase target: ROCK2. LiverTox Likelihood Score E: unlikely cause of clinically apparent liver injury despite wide clinical use. Mapped: A/B/C=1, D/E=0."
Netarsudil,Cc1ccc(C(=O)OCc2ccc([C@@H](CN)C(=O)Nc3ccc4cnccc4c3)cc2)c(C)c1,0,FDA-label-Rhopressa,https://www.accessdata.fda.gov/drugsatfda_docs/label/2017/208254lbl.pdf,E-FDA,Kinase target: ROCK. Topical ophthalmic ROCK inhibitor; minimal systemic absorption. FDA Rhopressa label (NDA 208254): no hepatic adverse events flagged. Hepatic abnormality in only 1/55 (1.8%) in Japan trial. Equivalent to LiverTox Score E (unlikely systemic DILI).
