inchi_key,canonical_smiles,name
AAGFPTSOPGCENQ-UHFFFAOYSA-N,O=C1C=CCC2C3CCCN4CCCC(CN12)C34,sophocarpine
BKIACVAZUKISOR-UHFFFAOYSA-N,CC(C)=CC(O)CC(C)=CCOc1c2ccoc2cc2oc(=O)ccc12,notopterol
RUTGHCUXABPJTJ-UHFFFAOYSA-N,COc1cc(O)c2c(=O)cc(-c3ccc(O)cc3)oc2c1C1CC(O)C(O)C(C)O1,aciculatin
JUSMHIGDXPKSID-UHFFFAOYSA-N,OCC1OC(S)C(O)C(O)C1O,Aurothioglucose
KDZOUSULXZNDJH-UHFFFAOYSA-N,C=C(C)C1CCC(C)=CC1c1c(C)cc(O)cc1O,O-1602 compound
BGLUXFNVVSVEET-UHFFFAOYSA-N,CC1C=CC(=O)O1,angelica lactone
NVLPQIPTCCLBEU-UHFFFAOYSA-N,C=CCSC,allyl methyl sulfide
XWMMEBCFHUKHEX-UHFFFAOYSA-N,C=C1CCC2(C)CCC3(C)C(CCC4C5(C)CCC(O)C(C)(C)C5CCC43C)C2C1C,taraxasterol
DBTMGCOVALSLOR-UHFFFAOYSA-N,OCC1OC(OC2C(O)C(CO)OC(OC3C(O)C(O)OC(CO)C3O)C2O)C(O)C(O)C1O,laminaran
NJGWOFRZMQRKHT-UHFFFAOYSA-N,CC(C)CCCCCCCCCC1CC(=O)NC(CCC(=O)O)C(=O)NC(CC(C)C)C(=O)NC(CC(C)C)C(=O)NC(C(C)C)C(=O)NC(CC(=O)O)C(=O)NC(CC(C)C)C(=O)NC(CC(C)C)C(=O)O1,surfactin peptide
PHZOWSSBXJXFOR-UHFFFAOYSA-N,C=CCC(=NOS(=O)(=O)O)SC1OC(CO)C(O)C(O)C1O,sinigrin
UCZJPQIEFFTIEV-UHFFFAOYSA-N,COc1c2ccc(-c3ccccc3)oc-2cc(=O)c1C,dracorhodin
PYXFVCFISTUSOO-UHFFFAOYSA-N,CC(C)=CCCC(C)(O)C1CCC2(C)C1C(O)CC1C3(C)CCC(O)C(C)(C)C3CCC12C,protopanaxadiol
WRYCSMQKUKOKBP-UHFFFAOYSA-N,C1CNCN1,Imidazolidines
QJVXKWHHAMZTBY-UHFFFAOYSA-N,COc1cc(C=CCO)cc(OC)c1OC1OC(CO)C(O)C(O)C1O,syringin
KXDROGADUISDGY-UHFFFAOYSA-N,NC(=NCc1ccccc1)NC(=O)c1nc(Cl)c(N)nc1N,benzamil
CPAXNXCTPKOPTH-UHFFFAOYSA-N,Cc1ccc(S(=O)(=O)C(=C(Br)c2ccccc2)c2ccccc2)cc1,Sulfones
SJHPCNCNNSSLPL-UHFFFAOYSA-N,CCOC=C1N=C(c2ccccc2)OC1=O,Oxazolone
MNQZXJOMYWMBOU-UHFFFAOYSA-N,O=CC(O)CO,Glyceraldehyde
OIUBYZLTFSLSBY-UHFFFAOYSA-N,O=c1c(O)c(-c2ccc(OC3OC(CO)C(O)C(O)C3O)c(O)c2)oc2cc(O)cc(O)c12,spiraeoside
ONFOSYPQQXJWGS-UHFFFAOYSA-N,CSCCC(O)C(=O)O,alpha-hydroxy-gamma-methylmercaptobutyric acid
GNRIZKKCNOBBMO-UHFFFAOYSA-N,COc1c(O)cc2oc3cc(O)c(CC=C(C)C)c(O)c3c(=O)c2c1CC=C(C)C,mangostin
OCHOKXCPKDPNQU-UHFFFAOYSA-N,ClC1=C(Cl)C2(Cl)C3C(Cl)C(Cl)C(Cl)C3C1(Cl)C2(Cl)Cl,nonachlor
BMWPPNAUMLRKML-UHFFFAOYSA-N,N#CC(Cl)Br,bromochloroacetonitrile
VLGATXOTCNBWIT-UHFFFAOYSA-N,COC(=O)c1c2c(c3ccccc3c1O)OC(C)(C)C=C2,rubimaillin
MWOFPQAPILIIPR-UHFFFAOYSA-N,CC1(C)C2CC34CCCN3C(=O)C2(CC12Nc1ccccc1C2=O)NC4=O,brevianamide A
XEVQXKKKAVVSMW-UHFFFAOYSA-N,CC1(C)CC(O)CC2(C)OC(=O)C=C12,loliolide
JZIQWNPPBKFOPT-UHFFFAOYSA-N,COC(=O)CC1C2(C)C3=C(C)C(c4ccoc4)CC3OC2C2OC(=O)C3(C)C=CC(=O)C1(C)C23,nimbolide
GMNAPBAUIVITMI-UHFFFAOYSA-N,CNC(C)C1C(O)CC2(C)C3CCC4C(C)(C)C(NC)CCC45CC35CCC12C,cyclovirobuxine D
WDJUZGPOPHTGOT-UHFFFAOYSA-N,CC1OC(OC2C(O)CC(OC3C(O)CC(OC4CCC5(C)C(CCC6C5CCC5(C)C(C7=CC(=O)OC7)CCC65O)C4)OC3C)OC2C)CC(O)C1O,Digitoxin
WSKWDMOVMQKKQI-UHFFFAOYSA-N,N#C[Se]Cc1ccccc1,benzyl selenocyanate
DXDRHHKMWQZJHT-UHFFFAOYSA-N,O=C(C=Cc1ccc(O)cc1)c1ccc(O)cc1O,isoliquiritigenin
AXDXVEYHEODSPN-UHFFFAOYSA-N,CC(CCC(=O)O)C1CCC2C3CCC4CC(OS(=O)(=O)O)CCC4(C)C3CCC12C,sulfolithocholic acid
XFGRNAPKLGXDGF-UHFFFAOYSA-N,CCC(CCCC(=O)O)COC(=O)c1ccccc1C(=O)O,2-ethyl-5-carboxypentyl phthalate
JAYAGJDXJIDEKI-UHFFFAOYSA-N,CC(=O)OC1CC(OC2C(O)CC(OC3C(O)CC(OC4CCC5(C)C(CCC6C5CC(O)C5(C)C(C7=CC(=O)OC7)CCC65O)C4)OC3C)OC2C)OC(C)C1OC1OC(CO)C(O)C(O)C1O,lanatoside C
OJLWVPDNBQAHRT-UHFFFAOYSA-N,CC(=O)OCC1(O)CC23CCC4c5ccoc5C=CC4(C)C2CCC1C3,kahweol acetate
BRZYSWJRSDMWLG-UHFFFAOYSA-N,CNC1C(O)C(OC2C(N)CC(N)C(OC3OC(C(C)O)C(O)C(O)C3N)C2O)OCC1(C)O,antibiotic G 418
GIHNTRQPEMKFKO-UHFFFAOYSA-N,CC1=CCC(C)(C)C=CC(=O)C(C)=CCC1,zerumbone
JYTUBIHWMKQZRB-UHFFFAOYSA-N,CCC(O)C=CC=O,4-hydroxy-2-hexenal
ZJUKTBDSGOFHSH-UHFFFAOYSA-N,Nc1ncnc2c1ncn2C1OC(CSCCC(N)C(=O)O)C(O)C1O,S-Adenosylhomocysteine
NOFOAYPPHIUXJR-UHFFFAOYSA-N,CC1(CO)C(O)CCC2(C)C1CCC1CC3CC12CCC3(O)CO,Aphidicolin
QWCNQXNAFCBLLV-UHFFFAOYSA-N,C=CC(O)C#CC#CC(O)C=CCCCCCCC,falcarindiol
MIBATSHDJRIUJK-UHFFFAOYSA-N,COc1ccc(CC2c3cc(Oc4cc(CC5c6cc(OC)c(OC)cc6CCN5C)ccc4O)c(OC)cc3CCN2C)cc1,neferine
PJQLSMYMOKWUJG-UHFFFAOYSA-N,COc1ccc(-c2oc3cc(OC)c(OC)c(O)c3c(=O)c2OC)cc1O,casticin
PSFDQSOCUJVVGF-UHFFFAOYSA-N,Cc1nccc2c1[nH]c1ccccc12,harman
ADWFEADZGIHPDE-UHFFFAOYSA-N,CC(=O)OC1CC2C3(C)CCCC(C)(C)C3CCC2(C)C2CC=C(C=O)C(C=O)C12C,scalaradial
LKMNXYDUQXAUCZ-UHFFFAOYSA-N,COc1ccc(-c2cc(=O)c3c(OC)c(OC)c(OC)cc3o2)cc1OC,sinensetin
DQTMTQZSOJMZSF-UHFFFAOYSA-N,CCCCCCCCCCCCCCCc1cccc(O)c1O,urushiol
HEOCBCNFKCOKBX-UHFFFAOYSA-N,Cc1ccc(C=C2C(=O)C3(C)CCC2C3(C)C)cc1,enzacamene
QCDLLIUTDGNCPO-UHFFFAOYSA-N,C=C1C(=O)OC2C3C(COC(=O)Cc4ccc(O)cc4)=CC(=O)C3=C(C)CC(O)C12,intybin
FQWLMRXWKZGLFI-UHFFFAOYSA-N,Oc1ccc(C=Cc2cc(O)cc3c2C(c2cc(O)cc(O)c2)C(c2ccc(O)cc2)O3)cc1,epsilon-viniferin
IXELFRRANAOWSF-UHFFFAOYSA-N,C=CCSSC=CC[S+]([O-])CC=C,ajoene
INBGSXNNRGWLJU-UHFFFAOYSA-N,CC(CCCC(C)(C)O)C1CCC2C3CC=C4CC(O)CCC4(C)C3CCC12C,25-hydroxycholesterol
SJBVIACHVWONKG-UHFFFAOYSA-N,Nc1ccc([Hg+])cc1,4-aminophenylmercuriacetate
FHKHGNFKBPFJCB-UHFFFAOYSA-N,CC1CCC2(OC1)OC1CC3C4CC=C5CC(O)CC(OC6OC(C)C(O)C(OC7OCC(O)C(O)C7O)C6OC6OC(C)C(O)C(O)C6O)C5(C)C4CCC3(C)C1C2C,ophiopogonin D
RSWGJHLUYNHPMX-UHFFFAOYSA-N,CC(C)C1=CC2=CCC3C(C)(C(=O)O)CCCC3(C)C2CC1,abietic acid
UBAXRAHSPKWNCX-UHFFFAOYSA-N,C=CCSSSCC=C,diallyl trisulfide
ZHTQCPCDXKMMLU-UHFFFAOYSA-N,O=c1c2cc(O)c(O)cc2oc2cc(O)cc(O)c12,norathyriol
YJXDGWUNRYLINJ-UHFFFAOYSA-N,CC(=O)OC1CC2C(C)(C)C(=O)C=CC2(C)C2CCC3(C)C(c4ccoc4)OC(=O)C4OC43C12C,gedunin
SWOVVKGLGOOUKI-UHFFFAOYSA-N,CC(C)C12OC1C1OC13C1(C)CCC4=C(COC4=O)C1CC1OC13C2=O,triptonide
DUAGQYUORDTXOR-UHFFFAOYSA-N,C=CC1C2=CCOC(=O)C2=COC1OC1OC(CO)C(O)C(O)C1O,gentiopicroside
FYEHYMARPSSOBO-UHFFFAOYSA-N,O=C1C=CC(=C(c2ccc(O)cc2)c2ccc(O)cc2)C=C1,aurin
MEJOVVKHFORGKW-UHFFFAOYSA-N,CC(=O)NC(C=O)C(OC(C)C(=O)NC(C)C(=O)NC(CCC(=O)O)C(N)=O)C(O)C(O)CO,Acetylmuramyl-Alanyl-Isoglutamine
XHSQDZXAVJRBMX-UHFFFAOYSA-N,OCC1OC(n2cnc3cc(Cl)c(Cl)cc32)C(O)C1O,Dichlororibofuranosylbenzimidazole
JTZZGWPIBBTYNE-UHFFFAOYSA-N,COc1cc2c(cc1OC)C1C(C)c3ccc4c(c3CN1CC2)OCO4,cavidine
SZXDNGVQRDTJSD-UHFFFAOYSA-N,CCCCCC1=CC(=Cc2[nH]c(-c3ccc[nH]3)cc2OC)N=C1C,Prodigiosin
DYCJFJRCWPVDHY-UHFFFAOYSA-N,O=[N+]([O-])c1ccc(CSc2ncnc3c2ncn3C2OC(CO)C(O)C2O)cc1,4-nitrobenzylthioinosine
WACCDLYIHBADOZ-UHFFFAOYSA-N,COC1C=CC=CC=CCC(OC(=O)C(C)NC(=O)C2CCCCC2)C(C)C(O)C(C)=CCCc2cc(O)cc(c2)NC(=O)C1,trienomycin A
AMOGMTLMADGEOQ-UHFFFAOYSA-N,CC1C(=O)OC2C(O)C34C5OC(=O)C3(OC3OC(=O)C(O)C34C(C(C)(C)C)C5O)C12O,ginkgolide C
JPMYFOBNRRGFNO-UHFFFAOYSA-N,COc1cc(O)c2c(=O)cc(-c3ccc(O)cc3)oc2c1,genkwanin
PRYIJAGAEJZDBO-UHFFFAOYSA-N,CC(C)CCCC(C)C1CCC2C3CC4OC45CC(O)CCC5(C)C3CCC12C,cholesterol alpha-oxide
KXGHHSIMRWPVQM-UHFFFAOYSA-N,CC1CCC=C2C(=O)CC3OOC(C)(C)C3C21C,nardosinone
AWMHMGFGCLBSAY-UHFFFAOYSA-N,C=CC(C)(C)c1cc2cc3c(cc2oc1=O)OC(C(C)(C)OC(C)=O)C3,rutamarin
LZJRNLRASBVRRX-UHFFFAOYSA-N,COc1cc2c(cc1O)CC1c3c(cc(O)c(OC)c3-2)CCN1C,boldine
VNQXSTWCDUXYEZ-UHFFFAOYSA-N,CC12CCC(C(=O)C1=O)C2(C)C,camphorquinone
WVVXBPKOIZGVNS-UHFFFAOYSA-N,CC(=O)NCCc1c(Cc2ccccc2)[nH]c2ccccc12,luzindole
OLHQOJYVQUNWPL-UHFFFAOYSA-N,CN(C)CCCSC(=N)N,Dimaprit
OQWKEEOHDMUXEO-UHFFFAOYSA-N,CCCCCC=CC(=O)CCc1ccc(O)c(OC)c1,shogaol
SEBIKDIMAPSUBY-UHFFFAOYSA-N,CC(C=CC=C(C)C(=O)OC1OC(COC2OC(CO)C(O)C(O)C2O)C(O)C(O)C1O)=CC=CC=C(C)C=CC=C(C)C(=O)OC1OC(COC2OC(CO)C(O)C(O)C2O)C(O)C(O)C1O,crocin
YXHVCZZLWZYHSA-UHFFFAOYSA-N,CCCCCCC=CCCCCCCCc1cccc(O)c1C(=O)O,ginkgolic acid
CTAPFRYPJLPFDF-UHFFFAOYSA-N,c1cnoc1,Isoxazoles
DBOVHQOUSDWAPQ-UHFFFAOYSA-N,C=CC1C(OC2OC(CO)C(O)C(O)C2OC(=O)c2c(O)cc(O)cc2-c2cccc(O)c2)OC=C2C(=O)OCCC21,amarogentin
LVVKXRQZSRUVPY-UHFFFAOYSA-N,COc1cc2c(cc1O)C(Cc1ccc(O)cc1)NCC2,coclaurine
FZDZULUFHNDEDJ-UHFFFAOYSA-N,O=C(COCC(=O)Nc1c(I)cc(I)c(C(=O)O)c1I)Nc1c(I)cc(I)c(C(=O)O)c1I,ioglycamic acid
YZEUHQHUFTYLPH-UHFFFAOYSA-N,O=[N+]([O-])c1ncc[nH]1,Nitroimidazoles
OCNYGKNIVPVPPX-UHFFFAOYSA-N,COC(=O)C=Cc1ccc(O)c(O)c1,methyl caffeate
CXQGFLBVUNUQIA-UHFFFAOYSA-N,CN(C)C(=O)CCCOC(=O)C(C)(C)Oc1ccc(Cl)cc1,clofibride
YNCMLFHHXWETLD-UHFFFAOYSA-N,Cn1c2cccc(=O)c-2nc2ccccc21,Pyocyanine
PGERTGWKXFAEFR-UHFFFAOYSA-N,O=C1C=CC2=C3c4cc(O)c(O)cc4CC3(O)COC2=C1,brazilein
FBSFWRHWHYMIOG-UHFFFAOYSA-N,COC(=O)c1cc(O)c(O)c(O)c1,methyl gallate
JDIORNFCMMYMLF-UHFFFAOYSA-N,COc1cc(O)c2c(=O)c3c(O)ccc(O)c3oc2c1,bellidifolin
XZYXCQXTKOYHGK-UHFFFAOYSA-N,Cn1c(O)c(C2=c3ccccc3=NC2=O)c2ccccc21,N-methylisoindigotin
WAAPEIZFCHNLKK-UHFFFAOYSA-N,NC(=O)C1CC2(NC(=O)NC2=O)c2cc(F)ccc2O1,fidarestat
XJMPAUZQVRGFRE-UHFFFAOYSA-N,COC(=O)C1=COC(OC2OC(CO)C(O)C(O)C2O)C2C1C=CC2(O)CO,gardenoside
YYFOFDHQVIODOQ-UHFFFAOYSA-O,COc1cc2c(cc1O)-c1cc3ccc(OC)c(OC)c3c[n+]1CC2,columbamine
JOVXNHIPEIWDDU-UHFFFAOYSA-N,C[N+](C)(C)CCC(=O)c1ccc2ccccc2c1,2-naphthoylethyltrimethylammonium
NDVASEGYNIMXJL-UHFFFAOYSA-N,C=C1CCC2(C(C)C)CC12,sabinene
XZTUSOXSLKTKJQ-UHFFFAOYSA-N,CC12CCC(O)CC1CCC1C2CCC2(C)C(C3=CC(=O)OC3)CCC12O,Digitoxigenin
GRTOGORTSDXSFK-UHFFFAOYSA-N,COC(=O)C1=COC(C)C2CN3CCc4c([nH]c5ccccc45)C3CC12,raubasine
RBRPTFMVULVGIC-UHFFFAOYSA-N,C=C1C(=O)OC2CC(C)C(C=CC(C)=O)=CCC12,xanthatin
LFYJSSARVMHQJB-UHFFFAOYSA-N,C=CC(C)(C=Cc1ccc(O)cc1)CCC=C(C)C,bakuchiol
VKOSQMWSWLZQPA-UHFFFAOYSA-N,COc1cc(-c2cc(=O)c3c(O)c(OC)c(OC)cc3o2)ccc1O,cirsilineol
QRMPRVXWPCLVNI-UHFFFAOYSA-N,C=C1CC2(O)OC3(CC2C(C)C)C(C)CCC13,curcumol
DNVZSDMHLPWULM-UHFFFAOYSA-N,CC(=O)N(C)C(C)C1CCC2C3CC=C4CC(N(C)C)CCC4(C)C3CCC21C,Steroids
GBJKHDVRXAVITG-UHFFFAOYSA-N,CC(CC(O)C1OC1(C)C)C1=C2CC(O)C3C4(C)CCC(=O)C(C)(C)C4CCC3(C)C2(C)CC1,alisol B
VRXFDHAGFYWGHT-UHFFFAOYSA-N,CCNCc1cc(Nc2ccnc3cc(Cl)ccc23)ccc1O,desethylamodiaquine
HGJXAVROWQLCTP-UHFFFAOYSA-N,O=C(O)CC1C(=O)OC2C3COC(=O)c4cc(O)c(O)c(O)c4-c4c(cc(O)c(O)c4O)C(=O)OC2C(OC(=O)c2cc(O)c(O)c4c2C1C(O)C(=O)O4)C(OC(=O)c1cc(O)c(O)c(O)c1)O3,chebulagic acid
MYEJFUXQJGHEQK-UHFFFAOYSA-N,CC1OC(OC2C=C3CCC4C(CCC5(C)C(c6ccc(=O)oc6)CCC45O)C3(C)CC2)C(O)C(O)C1O,Proscillaridin
SNTRKUOVAPUGAY-UHFFFAOYSA-N,CP(=O)(F)OC1CCCCC1,cyclohexyl methylphosphonofluoridate
PHYFQTYBJUILEZ-UHFFFAOYSA-N,CCCCCCCCC=CCCCCCCCC(=O)OCC(COC(=O)CCCCCCCC=CCCCCCCCC)OC(=O)CCCCCCCC=CCCCCCCCC,Triolein
BELPJCDYWUCHKF-UHFFFAOYSA-N,CC(=O)OCN=[N+](C)[O-],Methylazoxymethanol Acetate
MKGIQRNAGSSHRV-UHFFFAOYSA-N,C[N+]1(C)CCN(c2ccccc2)CC1,Dimethylphenylpiperazinium Iodide
DNJVYWXIDISQRD-UHFFFAOYSA-N,CC12CCc3occc3C1CCC13CC(CCC12)C(O)(CO)C3,cafestol
XQWFHGOIUZFQPJ-UHFFFAOYSA-N,O=C(C=Cc1ccc(O)cc1)c1ccc(OC2OC(CO)C(O)C(O)C2O)cc1O,neoisoliquiritin
OHCQJHSOBUTRHG-UHFFFAOYSA-N,C=CC1(C)CC(=O)C2(O)C(C)(O1)C(OC(C)=O)C(O)C1C(C)(C)CCC(O)C12C,Colforsin
CLJAWWBXVXWHFD-UHFFFAOYSA-N,COC(=O)C(C)(C)Oc1ccc(-c2ccc(Cl)cc2)cc1,Clofenapate
LHDWRKICQLTVDL-UHFFFAOYSA-N,OCC1OC(OC2OC=CC3C(O)C4OC4(CO)C23)C(O)C(O)C1O,catalpol
ACVGWSKVRYFWRP-UHFFFAOYSA-N,O=c1c2ccccc2nc2n1CCc1c-2[nH]c2ccccc12,rutecarpine
MBDOYVRWFFCFHM-UHFFFAOYSA-N,CCCC=CC=O,2-hexenal
IZQSVPBOUDKVDZ-UHFFFAOYSA-N,COc1cc(-c2oc3cc(O)cc(O)c3c(=O)c2O)ccc1O,3-methylquercetin
MYWLBRTZOYHDOU-UHFFFAOYSA-N,O=c1c2c(O)cc(O)cc2oc2c(O)ccc(OC3OC(CO)C(O)C(O)C3O)c12,norswertianolin
RYAHJFGVOCZDEI-UHFFFAOYSA-N,CC(C)C1C2OC(=O)C1C1CCC3CN(C)C2C31C,dendrobine
GYOGHROCTSEKDY-UHFFFAOYSA-N,CCC1C2CCCCN3C(C4CC(C)C(=O)O4)CC(C4C(C)C(=O)OC14)C23,tuberostemonine
VNONINPVFQTJOC-UHFFFAOYSA-N,CC1CCC2(OC1)OC1CC3C4CC=C5CC(OC6OC(CO)C(OC7OC(C)C(O)C(O)C7O)C(O)C6OC6OC(C)C(O)C(O)C6O)CCC5(C)C4CCC3(C)C1C2C,dioscin
XETHJOZXBVWLLM-UHFFFAOYSA-N,CC(C)=CCC12Oc3cc(O)c(C4C=C(C)CC(c5ccc(O)cc5O)C4C(=O)c4ccc(O)cc4O)c(O)c3C(=O)C1(O)Oc1cc(O)ccc12,sanggenone C
KZMACGJDUUWFCH-UHFFFAOYSA-O,COc1cc(-c2[o+]c3cc(O)cc(O)c3cc2O)cc(OC)c1O,malvidin
SPSXSWRZQFPVTJ-UHFFFAOYSA-N,CSCCC(N)C(=O)NC(CCC(N)=O)C(=O)NC(Cc1c[nH]c2ccccc12)C(=O)NC(CC(N)=O)C(=O)NC(CO)C(=O)NC(C(=O)NC(C(=O)NC(Cc1ccccc1)C(=O)NC(CC1C=NC=N1)C(=O)NC(CCC(N)=O)C(=O)NC(C(=O)NC(CC(C)C)C(=O)NC(CCC(N)=O)C(=O)NC(CC(=O)O)C(=O)N1CCCC1C(=O)NC(CCCNC(=N)N)C(=O)NC(C(=O)OC(=O)CNC(=O)CNC(=O)C(C)NC(=O)C1CCCN1C(=O)C(Cc1ccccc1)NC(=O)C(Cc1ccc(O)cc1)NC(=O)C(CC(C)C)NC(=O)CNC(=O)C(N)CCCNC(=N)N)C(C)C)C(C)O)C(C)O)C(C)O,Hepatitis B Vaccines
DAXYUDFNWXHGBE-UHFFFAOYSA-N,CCC1CN2CCC3(C(=O)Nc4ccccc43)C2CC1C(=COC)C(=O)OC,rhyncophylline
TUSDEZXZIZRFGC-UHFFFAOYSA-N,O=C(OC1OC2COC(=O)c3cc(O)c(O)c(O)c3-c3c(cc(O)c(O)c3O)C(=O)OC(C2O)C1O)c1cc(O)c(O)c(O)c1,corilagin
LPMXVESGRSUGHW-UHFFFAOYSA-N,CC1OC(OC2CC(O)C3(CO)C4C(O)CC5(C)C(C6=CC(=O)OC6)CCC5(O)C4CCC3(O)C2)C(O)C(O)C1O,Ouabain
MRAUNPAHJZDYCK-UHFFFAOYSA-N,NC(=NCCCC(N)C(=O)O)N[N+](=O)[O-],Nitroarginine
PLIUCYCUYQIBDZ-UHFFFAOYSA-N,CC(C=CC1=C(C)C(=O)CCC1(C)C)=CC=CC(C)=CCO,4-oxoretinol
ORQFDHFZSMXRLM-UHFFFAOYSA-N,COc1ccc(CC(C)C(C)Cc2ccc(OC)c(OC)c2)cc1OC,terameprocol
VOZHMAYHYHEWBW-UHFFFAOYSA-N,CC(=O)OC1CC2(O)C3CCC4CC(O)CCC4(C)C3CCC2(C)C1c1ccc(=O)oc1,bufotalin
JADDQZYHOWSFJD-UHFFFAOYSA-N,CCNC(=O)C1OC(n2cnc3c(N)ncnc32)C(O)C1O,Adenosine-5'-(N-ethylcarboxamide)
WCPAKWJPBJAGKN-UHFFFAOYSA-N,c1conn1,Oxadiazoles
PWAOOJDMFUQOKB-UHFFFAOYSA-N,CC(C)=CCCC(C)(OC1OC(CO)C(O)C(O)C1O)C1CCC2(C)C1C(O)CC1C3(C)CCC(O)C(C)(C)C3C(OC3OC(CO)C(O)C(O)C3OC3OC(C)C(O)C(O)C3O)CC12C,ginsenoside Re
DEZFNHCVIZBHBI-UHFFFAOYSA-N,CC(=O)c1c(O)c(C)c(O)c(Cc2c(O)c3c(c(C(=O)C=Cc4ccccc4)c2O)OC(C)(C)C=C3)c1O,rottlerin
ZPTSRWNMMWXEHX-UHFFFAOYSA-N,C=C1CCC2C(C)(C)CCCC2(C)C1CO,albicanol
IBIPGYWNOBGEMH-UHFFFAOYSA-N,CC(=O)OCC1=CC2OC(=O)C3=COC(OC4OC(CO)C(O)C(O)C4O)C1C32,asperuloside
JEKMKNDURXDJAD-UHFFFAOYSA-N,CC12C=Cc3occc3C1CCC13CC(CCC12)C(O)(CO)C3,kahweol
YCXRBCHEOFVYEN-UHFFFAOYSA-N,COc1ccc(-c2cc(=O)c3c(O)cc(O)c(-c4cc(-c5cc(=O)c6c(O)cc(OC)cc6o5)ccc4OC)c3o2)cc1,sciadopitysin
IMKHDCBNRDRUEB-UHFFFAOYSA-N,CC1(C)CCCC2(C)OC(=O)C=C12,dihydroactinidiolide
HGHOPAZIUPORIN-UHFFFAOYSA-N,CC(C)=CCc1c2c(c(O)c3c(=O)c(-c4ccc(O)cc4)coc13)C=CC(C)(C)O2,warangalone
DFMMVLFMMAQXHZ-UHFFFAOYSA-N,CC(C=O)=CC=CC(C)=CC=CC=C(C)C=CC=C(C)C=CC1=C(C)CCCC1(C)C,apocarotenal
MRIAQLRQZPPODS-UHFFFAOYSA-N,COc1ccc(-c2cc(=O)c3c(OC)c(OC)c(OC)c(OC)c3o2)cc1OC,nobiletin
AQBZCCQCDWNNJQ-UHFFFAOYSA-N,COc1cc2c(cc1OC)C1(O)C(=O)c3ccc4c(c3OC1CO2)C=CC(C)(C)O4,tephrosin
BZAFROBDXRJYTQ-UHFFFAOYSA-N,O=C(OC1OC2COC(=O)c3cc(O)c(O)c(O)c3-c3c(cc(O)c(O)c3O)C(=O)OC2C2OC(=O)c3cc(O)c(O)c(O)c3-c3c(cc(O)c(O)c3O)C(=O)OC12)c1cc(O)c(O)c(Oc2c(C(=O)OC3OC4COC(=O)c5cc(O)c(O)c(O)c5-c5c(cc(O)c(O)c5O)C(=O)OC4C4OC(=O)c5cc(O)c(O)c(O)c5-c5c(cc(O)c(O)c5O)C(=O)OC34)cc(O)c(O)c2O)c1,agrimoniin
SHIBSTMRCDJXLN-UHFFFAOYSA-N,CC12CCC(O)CC1CCC1C2CC(O)C2(C)C(C3=CC(=O)OC3)CCC12O,Digoxigenin
KKJZEUXMWDXPAU-UHFFFAOYSA-N,NC1=CC(=Nc2ccc(N)cc2)C(N)=CC1=Nc1ccc(N)cc1,Bandrowski's base
UMZARYXKQBKPOL-UHFFFAOYSA-N,CCCCCCCCCCCCCCCC(=O)OCC1(O)CC23CCC4c5ccoc5C=CC4(C)C2CCC1C3,kahweol palmitate
UVYVLBIGDKGWPX-UHFFFAOYSA-N,CC1CCC2(OC1)OC1C(O)C3C4CCC5CC(OC6OC(CO)C(OC7OC(CO)C(O)C(OC8OCC(O)C(O)C8O)C7OC7OC(CO)C(O)C(OC8OC(CO)C(O)C(O)C8O)C7O)C(O)C6O)C(O)CC5(C)C4CCC3(C)C1C2C,Digitonin
AZKVWQKMDGGDSV-UHFFFAOYSA-N,COC(=O)C1=COC(O)C2C(CO)=CCC12,genipin
SDHTXBWLVGWJFT-UHFFFAOYSA-N,C=C1C(=O)C23C(O)C1CCC2C12COC3(O)C(O)C1C(C)(C)CCC2O,oridonin
IEORSVTYLWZQJQ-UHFFFAOYSA-N,CCCCCCCCCc1ccccc1OCCO,terics
WEKCEGQSIIQPAQ-UHFFFAOYSA-N,COc1cc(C2OCC3C(c4cc(OC)c(OC5OC(CO)C(O)C(O)C5O)c(OC)c4)OCC23)cc(OC)c1O,acanthoside B
YNGDWRXWKFWCJY-UHFFFAOYSA-N,C1=CNC=CC1,"1,4-dihydropyridine"
DSRJIHMZAQEUJV-UHFFFAOYSA-N,O=C(NN=C1CCCCC1)C(=O)NN=C1CCCCC1,Cuprizone
FEALTYYKRMRXTG-UHFFFAOYSA-N,CC(C)=CCc1cc(C(=O)C=Cc2ccc(O)c(O)c2)c(O)cc1O,broussochalcone A
VVJDHJZQBGWPEQ-UHFFFAOYSA-N,COC1C=CC=CC=CCC(OC(=O)C(C)NC(=O)C2CCCCC2)C(C)C(O)C(C)=CCCc2cc(O)cc(c2O)NC(=O)C1,mycotrienin II
UBJVUCKUDDKUJF-UHFFFAOYSA-N,C=CCSCC=C,allyl sulfide
INYYVPJSBIVGPH-UHFFFAOYSA-N,COC1=CC2C3Cc4ccc(OC)c(O)c4C2(CCN3C)CC1=O,sinomenine
ADFWQBGTDJIESE-UHFFFAOYSA-N,CCCCCCCCCCCCCCCc1cccc(O)c1C(=O)O,anacardic acid
BGYNLOSBKBOJJD-UHFFFAOYSA-N,COC1=C(Br)C(O)C(O)(CC#N)C=C1Br,aeroplysinin I
FTNJWQUOZFUQQJ-UHFFFAOYSA-N,CC=C(C)C(=O)OC1CC(OC(C)=O)C2(C(=O)OC)COC3C2C12COC(O)(C(=O)OC)C2C(C)(C12OC1(C)C1CC2OC2OC=CC21O)C3O,azadirachtin
UILPJVPSNHJFIK-UHFFFAOYSA-N,COc1ccc(C(C)=O)c(O)c1,paeonol
RDIMTXDFGHNINN-UHFFFAOYSA-N,C=CC(O)C#CC#CCC(O)C(O)CCCCCCC,panaxytriol
GVLDSGIQZAFIAN-UHFFFAOYSA-N,C=CC(O)C#CC#CCC1OC1CCCCCCC,panaxydol
DANYIYRPLHHOCZ-UHFFFAOYSA-N,COc1ccc(-c2cc(=O)c3c(O)cc(O)cc3o2)cc1,acacetin
RHVPEFQDYMMNSY-UHFFFAOYSA-N,CC1=NCCc2c1[nH]c1cc(O)ccc21,harmalol
IPDMWUNUULAXLU-UHFFFAOYSA-N,COc1c(C=O)c(O)cc2c1C(=O)c1ccccc1C2=O,damnacanthal
DQFBYFPFKXHELB-UHFFFAOYSA-N,O=C(C=Cc1ccccc1)c1ccccc1,Chalcone
BQCRLWBELMWYQA-UHFFFAOYSA-N,CCCN(CCC)C(=S)S,di-n-propyldithiocarbamate
LBOJYSIDWZQNJS-UHFFFAOYSA-N,CC12NC(Cc3ccccc31)c1ccccc12,Dizocilpine Maleate
PHPWISAFHNEMSR-UHFFFAOYSA-N,CC(=O)Nc1cccc2c1-c1ccccc1C2,4-acetylaminofluorene
SWRFKGRMQVLMKA-UHFFFAOYSA-N,O=C(OC1OC2COC(=O)c3cc(O)c(O)c(O)c3-c3c(cc(O)c(O)c3O)C(=O)OC2C2OC(=O)c3cc(O)c(O)c(O)c3-c3c(cc(O)c(O)c3O)C(=O)OC12)c1cc(O)c(O)c(O)c1,casuarictin
AWDRATDZQPNJFN-UHFFFAOYSA-N,CC(CCC(=O)NCCS(=O)(=O)O)C1CCC2C3CCC4CC(O)CCC4(C)C3CC(O)C12C,Taurodeoxycholic Acid
HEYZWPRKKUGDCR-UHFFFAOYSA-N,C=CC1C(OC2OC(CO)C(O)C(O)C2O)OC=C2C(=O)OCCC21O,swertiamarin
ZVLOPMNVFLSSAA-UHFFFAOYSA-N,C=C1C(=O)OC2CC(C)C3C=CC(=O)C3(C)C(O)C12,helenalin
VJFHEFUXNJKIJE-UHFFFAOYSA-N,CCN(C)C(=O)C(C)[S+](C)[O-],N-methyl-N-2-(methylsulfinyl)ethylpropionic acid amide
YURJSTAIMNSZAE-UHFFFAOYSA-N,CC(C)=CCCC(C)(OC1OC(CO)C(O)C(O)C1O)C1CCC2(C)C1C(O)CC1C3(C)CCC(O)C(C)(C)C3C(OC3OC(CO)C(O)C(O)C3O)CC12C,ginsenoside Rg1
IAVUBSCVWHLRGE-UHFFFAOYSA-N,O=C1C(=C(O)C=Cc2ccc(O)cc2)C(O)=C(C2OC(CO)C(O)C(O)C2O)C(=O)C1(O)C1OC(CO)C(O)C(O)C1O,hydroxysafflor yellow A
ZROGCCBNZBKLEL-UHFFFAOYSA-N,CC1OC(OC2C(=O)c3c(O)cc(O)cc3OC2c2ccc(O)c(O)c2)C(O)C(O)C1O,astilbin
FKNXQNWAXFXVNW-UHFFFAOYSA-N,CCC(NC(C)C)C(O)c1ccc(O)c2[nH]c(=O)ccc12,Procaterol
ATKWJXUJUNLTFU-UHFFFAOYSA-N,Oc1ccc(CN=C=S)cc1,4-hydroxybenzyl isothiocyanate
AFHJQYHRLPMKHU-UHFFFAOYSA-N,O=C1c2c(O)cccc2C(C2OC(CO)C(O)C(O)C2O)c2cc(CO)cc(O)c21,alloin
XOJVVFBFDXDTEG-UHFFFAOYSA-N,CC(C)CCCC(C)CCCC(C)CCCC(C)C,pristane
LBQIJVLKGVZRIW-UHFFFAOYSA-N,CC1(C)C=Cc2c(ccc3c2OCC(c2ccc(O)cc2O)C3)O1,glabridin
CXQWRCVTCMQVQX-UHFFFAOYSA-N,O=C1c2c(O)cc(O)cc2OC(c2ccc(O)c(O)c2)C1O,taxifolin
GKUMMDFLKGFCKH-UHFFFAOYSA-N,CSCCCCC(=NOS(=O)(=O)O)SC1OC(CO)C(O)C(O)C1O,glucoerucin
KURWKDDWCJELSV-UHFFFAOYSA-N,Cn1c2c3ccccc3nc-2cc2ccccc21,cryptolepine
UIFFUZWRFRDZJC-UHFFFAOYSA-N,CCCCCCC1C(=O)OC(C)C(NC(=O)c2cccc(NC=O)c2O)C(=O)OC(C)C1OC(=O)CC(C)C,Antimycin A
USMNOWBWPHYOEA-UHFFFAOYSA-N,CC1C(=O)CC2(C(C)C)CC12,beta-thujone
LARPFJIXBULVPK-UHFFFAOYSA-N,CC1CCC2(C(=O)OC3OC(CO)C(O)C(O)C3O)CCC3(C)C(=CCC4C5(C)CCC(O)C(C)(CO)C5CCC43C)C2C1(C)O,pedunculoside
NTKNGUAZSFAKEE-UHFFFAOYSA-N,COc1c(O)cc2oc(Oc3ccc(O)cc3)cc(=O)c2c1O,capillarisin
BCSVCWVQNOXFGL-UHFFFAOYSA-N,O=C(O)Cc1nn(Cc2nc3cc(C(F)(F)F)ccc3s2)c(=O)c2ccccc12,Zopolrestat
UFUVJROSOIXJGR-UHFFFAOYSA-N,CC=C(C)C(=O)OC1C(OC(=O)CC(C)C)c2c(ccc3ccc(=O)oc23)OC1(C)C,praeruptorin C
DATAGRPVKZEWHA-UHFFFAOYSA-N,CCNC(=O)CCC(N)C(=O)O,theanine
YHQDZJICGQWFHK-UHFFFAOYSA-N,O=[N+]([O-])c1cc[n+]([O-])c2ccccc12,4-Nitroquinoline-1-oxide
JZVFJDZBLUFKCA-UHFFFAOYSA-N,CCC(C=CC(C)C1CCC2C3=CCC4CC(O)CCC4(C)C3CCC21C)C(C)C,spinasterol
HCWNFKHKKHNSSL-UHFFFAOYSA-N,CCC(CCC(C)=O)COC(=O)c1ccccc1C(=O)O,mono(2-ethyl-5-oxohexyl)phthalate
SOEDEYVDCDYMMH-UHFFFAOYSA-N,O=c1c(O)c(-c2cc(O)c(O)c(O)c2)oc2cc(O)ccc12,robinetin
YCVPRTHEGLPYPB-UHFFFAOYSA-N,Oc1cc(O)cc(C=Cc2ccccc2)c1,pinosylvin
QUNWUDVFRNGTCO-UHFFFAOYSA-N,Cn1c(=O)[nH]c2ncn(C)c2c1=O,"1,7-dimethylxanthine"
YVPXVXANRNDGTA-UHFFFAOYSA-N,COc1ccc2cc1Oc1ccc(cc1)CC1c3c(cc4c(c3Oc3cc5c(cc3OC)CCN(C)C5C2)OCO4)CCN1C,cepharanthine
NTCPGTZTPGFNOM-UHFFFAOYSA-N,CNC(C)Cc1ccc(O)c(O)c1,alpha-methylepinine
GGCUJPCCTQNTJF-UHFFFAOYSA-N,CC(C=CC1=C(C)C(=O)CCC1(C)C)=CC=CC(C)=CC(=O)O,4-oxoretinoic acid
MPNFMCAOBNNFJF-UHFFFAOYSA-N,c1ccc(-c2oc3ccccc3c2-c2ccccc2)cc1,Benzofurans
RARQGXBOCXOJPM-UHFFFAOYSA-N,O=C(O)C(F)(F)C(F)(F)C(F)(F)C(F)(F)C(F)(F)C(F)(F)C(F)(F)C(F)F,hexadecafluoro-nonanoic acid
MJQUEDHRCUIRLF-UHFFFAOYSA-N,CCCC=CC=CC(=O)OC1C(=CC(=O)OC)CC2CC(C(C)O)OC(=O)CC(O)CC3CC(OC(C)=O)C(C)(C)C(O)(CC4CC(=CC(=O)OC)CC(C=CC(C)(C)C1(O)O2)O4)O3,bryostatin 1
HMBUZXLDGPYXCY-UHFFFAOYSA-N,CCCCCCCCCCCCCCC(I)C=O,2-iodohexadecanal
DKZBBWMURDFHNE-UHFFFAOYSA-N,COc1cc(C=CC=O)ccc1O,coniferaldehyde
PUQSUZTXKPLAPR-UHFFFAOYSA-N,OCc1ccc(OC2OC(CO)C(O)C(O)C2O)cc1,gastrodin
XUAAAHFMBMDZCQ-UHFFFAOYSA-N,COc1c(Cl)c(C)c(C=O)c(O)c1CC=C(C)C=CC1(C)C(C)CCC(=O)C1C,4-O-methylascochlorin
LWCKQMHMTSRRAA-UHFFFAOYSA-N,CC1=CCCC2=CC(OC2=O)c2c(C)coc2C1,linderalactone
ULSUXBXHSYSGDT-UHFFFAOYSA-N,COc1ccc(-c2cc(=O)c3c(OC)c(OC)c(OC)c(OC)c3o2)cc1,tangeretin
DLEDLHFNQDHEOJ-UHFFFAOYSA-N,C=C(C)C12OC3(c4ccccc4)OC1C1C4OC4(CO)C(O)C4(O)C(=O)C(C)=CC4C1(O3)C(C)C2OC(=O)C=CC=Cc1ccccc1,mezerein
PCZZRBGISTUIOA-UHFFFAOYSA-N,Oc1cc(O)cc(Oc2c(O)cc(O)c3c2Oc2c(O)cc(O)cc2O3)c1,eckol
NHFGEHLUROYMEB-UHFFFAOYSA-N,O=c1oc(-c2ccc(O)c(O)c2)cc2cc(O)cc(O)c12,thunberginol B
RTRQQBHATOEIAF-UHFFFAOYSA-N,NC(=O)c1ncn(C2OC(CO)C(O)C2O)c1N,acadesine
DSCFFEYYQKSRSV-UHFFFAOYSA-N,COC1C(O)C(O)C(O)C(O)C1O,pinitol
RLDVZILFNVRJTL-UHFFFAOYSA-N,CC(C)=CCCC(C)(OC1OC(CO)C(O)C(O)C1O)C1CCC2(C)C1C(O)CC1C3(C)CCC(OC4OC(CO)C(O)C(O)C4OC4OC(CO)C(O)C(O)C4O)C(C)(C)C3CCC12C,ginsenoside Rd
MBRLOUHOWLUMFF-UHFFFAOYSA-N,COc1ccc2ccc(=O)oc2c1CC=C(C)C,osthol
RLGHFVLWYYVMQZ-UHFFFAOYSA-N,O=C1C=CCC(C=Cc2ccccc2)O1,goniothalamin
NIOHELZQFBGCEO-UHFFFAOYSA-N,NC(=Nc1ccccc1)NC(=O)c1nc(Cl)c(N)nc1N,phenylamil
MBLBDJOUHNCFQT-UHFFFAOYSA-N,CC(=O)NC(C=O)C(O)C(O)C(O)CO,Acetylglucosamine
IPBVNPXQWQGGJP-UHFFFAOYSA-N,CC(=O)Oc1ccccc1,Acetates
CWSLXJMVCZTXGK-UHFFFAOYSA-N,CC1=C2C3OC34CCC3C(C)(C)CCCC3(C)C4C3OC23OC1O,17-hydroxyjolkinolide B
DBRXOUCRJQVYJQ-UHFFFAOYSA-N,CC1=C(CO)C(=O)OC(C(C)C2CCC3C4CC5OC56C(O)C=CC(=O)C6(C)C4CCC23C)C1,withaferin A
NCAJWYASAWUEBY-UHFFFAOYSA-N,CCc1c(C)c2cc3[nH]c(cc4nc(cc5nc(cc1[nH]2)C(C)=C5CCC(=O)O)C(CCC(=O)O)=C4C)c(C)c3CC,mesoporphyrin IX
FRMCCTDTYSRUBE-UHFFFAOYSA-N,C=C1CCC2C(C3C1CCC3(C)O)C2(C)C,spathulenol
MGRVRXRGTBOSHW-UHFFFAOYSA-N,NCP(=O)(O)O,1-aminomethylphosphonic acid
WTIJXIZOODAMJT-UHFFFAOYSA-N,COC1C(OC(=O)c2ccc(C)[nH]2)C(O)C(Oc2ccc3c(O)c(NC(=O)c4c[nH]c(C(=O)Nc5c(O)c6ccc(OC7OC(C)(C)C(OC)C(OC(=O)c8ccc(C)[nH]8)C7O)c(C)c6oc5=O)c4C)c(=O)oc3c2C)OC1(C)C,coumermycin
LSGOTAXPWMCUCK-UHFFFAOYSA-N,O=C1NC(Cc2ccc(O)cc2)C(=O)N2CCCC12,maculosin
XOFLBQFBSOEHOG-UHFFFAOYSA-N,Nc1nc2c(ncn2C2OC(COP(=O)(O)OP(=O)(O)OP(O)(O)=S)C(O)C2O)c(=O)[nH]1,Guanosine 5'-O-(3-Thiotriphosphate)
WIONIXOBNMDJFJ-UHFFFAOYSA-N,COc1c2ccccc2nc2occc12,dictamnine
NETSQGRTUNRXEO-UHFFFAOYSA-N,C=C1C(=O)OC2C1CCC(=C)C1CCC(=C)C12,dehydrocostus lactone
FODTZLFLDFKIQH-UHFFFAOYSA-N,COc1cc(C=CC(=O)OC2CCC34CC35CCC3(C)C(C(C)CCC=C(C)C)CCC3(C)C5CCC4C2(C)C)ccc1O,gamma-oryzanol
AKNILCMFRRDTEY-UHFFFAOYSA-N,COc1cc(C(=O)OC2C3C=COC(OC4OC(CO)C(O)C(O)C4O)C3C3(CO)OC23)ccc1O,picroside II
FQSRGOGWCPXJIN-UHFFFAOYSA-N,CCN(CC)C(=O)[S+](C)[O-],"S-methyl N,N-diethylthiolcarbamate sulfoxide"
TUJUPTAJHFFHJT-UHFFFAOYSA-N,CCOC1(NC(=O)c2ccccc2)CC1,benzcoprine
IAJOBQBIJHVGMQ-UHFFFAOYSA-N,CP(=O)(O)CCC(N)C(=O)O,phosphinothricin
NGNZQSPFQJCBJQ-UHFFFAOYSA-N,CC(C)CC(NC(=O)C(Cc1ccccc1)NC(=O)C(CC(C)C)NC(=O)C(Cc1ccccc1)NC(=O)OC(C)(C)C)C(=O)NC(Cc1ccccc1)C(=O)O,butyloxycarbonyl-phenylalanyl-leucyl-phenylalanyl-leucyl-phenylalanine
JPKKMFOXWKNEEN-UHFFFAOYSA-N,CC(O)C[N+](C)(C)C,beta-methylcholine
KXPSZHIUQPHVGH-UHFFFAOYSA-N,O=C(O)C1CCCN1C(=S)S,prolinedithiocarbamate
JTIGKVIOEQASGT-UHFFFAOYSA-N,Cc1ccc2c(-c3ccccc3)nc(=O)n(C(C)C)c2c1,proquazone
SCULJPGYOQQXTK-UHFFFAOYSA-N,CC(=O)OC1C(c2ccc(=O)oc2)C2(C)CCC3C(CCC4CC(O)CCC43C)C23OC13,cinobufagin
SJJCQDRGABAVBB-UHFFFAOYSA-N,O=C(O)c1ccc2ccccc2c1O,1-hydroxy-2-naphthoic acid
ZGONASGBWOJHDD-UHFFFAOYSA-N,CCN(N=O)C(=N)N[N+](=O)[O-],ENNG
SCLDJNREJBDLHE-UHFFFAOYSA-N,COc1ccc(C2CC2N)cc1,4-methoxytranylcypromine
DFMAXQKDIGCMTL-UHFFFAOYSA-N,COc1c2ccoc2c(OC)c2oc(=O)ccc12,isopimpinellin
WPBZMCGPFHZRHJ-UHFFFAOYSA-N,NNC(=O)c1ccc(N)cc1,4-aminobenzhydrazide
RAQNTCRNSXYLAH-UHFFFAOYSA-N,CC(C)=CCCC(C)(O)C1CCC2(C)C1C(O)CC1C3(C)CCC(O)C(C)(C)C3C(OC3OC(CO)C(O)C(O)C3O)CC12C,ginsenoside Rh1
RZPAXNJLEKLXNO-UHFFFAOYSA-N,CC(C)CCC(O)C(C)C1CCC2C3CC=C4CC(O)CCC4(C)C3CCC12C,22-hydroxycholesterol
AYMYWHCQALZEGT-UHFFFAOYSA-N,O=C(C=Cc1ccc(O)c(O)c1)c1ccc(O)cc1O,butein
YSLFLCIPPPJEHH-UHFFFAOYSA-N,O=C(OC1C2OC(=O)c3cc(O)c(O)c(O)c3Oc3cc4c(c(O)c3O)-c3c(cc(O)c(O)c3O)C(=O)OCC3OC(O)C(OC(=O)c5cc(O)c(O)c(O)c5Oc5cc6c(c(O)c5O)-c5c(cc(O)c(O)c5O)C(=O)OC1C(COC6=O)OC2O)C(OC(=O)c1cc(O)c(O)c(O)c1)C3OC4=O)c1cc(O)c(O)c(O)c1,oenothein B
GEZHEQNLKAOMCA-UHFFFAOYSA-N,CC(C)=CCCC1(C)C=Cc2c(O)c3c(c(CC=C(C)C)c2O1)OC12C(=CC4CC1C(C)(C)OC2(CC=C(C)C(=O)O)C4=O)C3=O,gambogic acid
RRRSSAVLTCVNIQ-UHFFFAOYSA-N,COc1cc(O)c2c(=O)cc(-c3ccc(O)c(O)c3)oc2c1,hydroxygenkwanin
MRQIXHXHHPWVIL-UHFFFAOYSA-N,Oc1ccc2ccccc2c1N=Nc1ccccc1,1-phenylazo-2-naphthol
AQFFXPQJLZFABJ-UHFFFAOYSA-N,CC(C)Oc1ccc2c(=O)c3cc(C(=O)O)ccc3oc2c1,6-isopropoxy-9-oxoxanthene-2-carboxylic acid
WNGSUWLDMZFYNZ-UHFFFAOYSA-N,COc1cc(C(=O)OCCCCN=C(N)N)cc(OC)c1O,leonurine
JQQBXPCJFAKSPG-UHFFFAOYSA-N,O=C1OC2C3COC(=O)c4cc(O)c(O)c(O)c4-c4c(cc(O)c(O)c4O)C(=O)OC2C(OC(=O)c2cc(O)c(O)c4c2C2C1=CC(=O)C(O)(O4)C2(O)O)C(OC(=O)c1cc(O)c(O)c(O)c1)O3,Geraniin
BHWMRBGNDAWZAO-UHFFFAOYSA-N,COc1cc2c(cc1OC)C(Cc1ccc(O)c(Oc3ccc(CC4c5cc(OC)c(OC)cc5CCN4C)cc3)c1)NCC2,N-desmethyldauricine
RETJLKUBHXTIGH-UHFFFAOYSA-N,COc1cc2oc(-c3ccc(OC4OC(CO)C(O)C(O)C4O)cc3)cc(=O)c2c(O)c1OC,cirsimarin
MWBJDDYEYGDWCZ-UHFFFAOYSA-N,CC1CCC2C(C)C3CCC4C(CC5C4CC(=O)C4CC(O)CCC45C)C3CN2C1,sinpeinine A
CYBWUNOAQPMRBA-UHFFFAOYSA-N,CC1OC(OC2C(OC(=O)C34CCC(C)(C)CC3C3=CCC5C6(C)CC(O)C(OC7OC(CO)C(O)C(O)C7O)C(CO)(CO)C6CCC5(C)C3(C)CC4O)OCC(O)C2O)C(O)C(O)C1OC1OCC(O)C(OC2OCC(O)(CO)C2O)C1O,platycodin D
ODJLBQGVINUMMR-UHFFFAOYSA-N,CC12CCC3C(CCC4(O)CC(O)CCC34C=O)C1(O)CCC2C1=CC(=O)OC1,Strophanthidin
RCKCYCDBDYUIGM-UHFFFAOYSA-N,O=C(OC1C(Oc2ccccc2COC(=O)C2(O)C=CCCC2=O)OC(CO)C(O)C1O)c1ccccc1,tremulacin
KQMVAGISDHMXJJ-UHFFFAOYSA-N,COc1cc(O)c2c(=O)c(-c3ccc(O)cc3)coc2c1,prunetin
NSUUUQRFPXZFLI-UHFFFAOYSA-N,CC#CC1(O)CCC2C3CCC4=CC(=O)CCC4(Cc4ccc(C)cc4)C3=CCC21C,RU 43044
ORXQGKIUCDPEAJ-UHFFFAOYSA-N,COc1cc(O)c(CC=C(C)C)c(O)c1C(=O)C=Cc1ccc(O)cc1,xanthohumol
XNZOTQPMYMCTBZ-UHFFFAOYSA-N,C=CCSSC,allyl methyl disulfide
RPMBYDYUVKEZJA-UHFFFAOYSA-N,COc1ccccc1CNCCCCCCNCCCCCCCCNCCCCCCNCc1ccccc1OC,methoctramine
ZLWYEPMDOUQDBW-UHFFFAOYSA-N,NC(=O)c1ccc(N)nc1,6-Aminonicotinamide
WMBOCUXXNSOQHM-UHFFFAOYSA-N,CCCC=C1OC(=O)c2ccccc21,butylidenephthalide
PCMORTLOPMLEFB-UHFFFAOYSA-N,COc1cc(C=CC(=O)O)cc(OC)c1O,sinapinic acid
SKNLUADAGHCXKF-UHFFFAOYSA-N,O=CC1OC(=O)c2cc(O)c(O)c(O)c2-c2c(cc(O)c(O)c2O)C(=O)OC1C1OC(=O)c2cc(O)c(O)c(O)c2-c2c(O)c(O)c3oc(=O)c4c(c(O)c(O)c5oc(=O)c2c3c54)-c2c(cc(O)c(O)c2O)C(=O)OCC1O,punicalagin
WWUVMHRJRCRFSL-UHFFFAOYSA-N,COC1C=CC=CC=CCC(OC(=O)C(C)NC(=O)C2CCCCC2)C(C)C(O)C(C)=CCCC2=CC(=O)C=C(NC(=O)C1)C2=O,mycotrienin I
JYGFTBXVXVMTGB-UHFFFAOYSA-N,O=C1Cc2ccccc2N1,2-oxindole
CKUVNOCSBYYHIS-UHFFFAOYSA-N,CC(C)=CCCC(C)(O)C1CCC2(C)C1C(O)CC1C3(C)CCC(OC4OC(CO)C(O)C(O)C4O)C(C)(C)C3CCC12C,ginsenoside Rh2
IYVFNTXFRYQLRP-UHFFFAOYSA-N,CC1OC(OCC2OC(Oc3c(-c4ccc(OCCO)c(OCCO)c4)oc4cc(OCCO)cc(O)c4c3=O)C(O)C(O)C2O)C(O)C(O)C1O,troxerutin
DZTWAOVNNLDWNH-UHFFFAOYSA-N,C=C1C(=O)OC2C=C(C)C(O)CC3OC3(C)CC(OC(=O)C(C)=CC)C12,leptocarpin
BLDWFKHVHHINGR-UHFFFAOYSA-N,CC(C)=CCCC1(C)CC(O)c2c(O)c3c(c(CC=C(C)C)c2O1)OC12C(=CC4CC1C(C)(C)OC2(CC=C(C)C(=O)O)C4=O)C3=O,neo-gambogic acid
KDXFPEKLLFWHMN-UHFFFAOYSA-N,O=c1c2cc(O)ccc2oc2cccc(O)c12,euxanthone
SQOJOAFXDQDRGF-UHFFFAOYSA-N,CC1C(=O)OC2C(O)C34C5CC(C(C)(C)C)C36C(OC(=O)C6O)OC4(C(=O)O5)C12O,ginkgolide B
NGXUJKBJBFLCAR-UHFFFAOYSA-N,CN(Cc1ccccc1)N=O,nitrosobenzylmethylamine
HSHGZXNAXBPPDL-UHFFFAOYSA-N,CC(=O)OCC1=C(C(=O)O)N2C(=O)C(N)C2SC1,7-aminocephalosporanic acid
FCOAHACKGGIURQ-UHFFFAOYSA-N,CC(C)OP(=O)(OC(C)C)SCc1ccccc1,"O,O-diisopropyl-S-benzylthiophosphate"
RXMUPNVSYKGKMY-UHFFFAOYSA-N,CN(C)c1nc(N)c(C(=O)N=C(N)N)nc1Cl,5-dimethylamiloride
FMGYKKMPNATWHP-UHFFFAOYSA-N,C[n+]1ccc(-c2ccccc2)cc1,1-Methyl-4-phenylpyridinium
AGBCLJAHARWNLA-UHFFFAOYSA-N,CC(C)=CCCC(C)(O)C1CCC2(C)C1C(O)CC1C3(C)CCC(O)C(C)(C)C3C(OC3OC(CO)C(O)C(O)C3OC3OC(C)C(O)C(O)C3O)CC12C,ginsenoside Rg2
HMWAJFNEGAJETK-UHFFFAOYSA-N,C=CC(=O)c1ccc2cc(N(C)C)ccc2c1,acrylodan
VEAUNWQYYMXIRB-UHFFFAOYSA-N,C=CC(C=Cc1ccc(O)cc1)c1ccc(O)cc1,hinokiresinol
XAXVWWYPKOGXSY-UHFFFAOYSA-N,Oc1ccc(C2Oc3cc(O)cc(C=Cc4ccc(O)c(C5c6cc(O)cc7c6C(c6cc(O)cc(O)c6C5c5ccc(O)cc5)C(c5ccc(O)cc5)O7)c4)c3C2c2cc(O)cc(O)c2)cc1,vitisin A
NKTGCVUIESDXPU-UHFFFAOYSA-N,CCCC=CCC=CC=CC=NNN=O,triacsin C
PXUQTDZNOHRWLI-UHFFFAOYSA-O,COc1cc(-c2[o+]c3cc(O)cc(O)c3cc2OC2OC(CO)C(O)C(O)C2O)cc(OC)c1O,malvidin-3-glucoside
KVRQGMOSZKPBNS-UHFFFAOYSA-N,CC1(OC(=O)C=Cc2ccccc2)CC(O)C2(O)C=COC(OC3OC(CO)C(O)C(O)C3O)C12,harpagoside
PWWCDTYUYPOAIU-UHFFFAOYSA-N,O=C(C=Cc1ccc(O)cc1)c1ccccc1,4-hydroxychalcone
GOZCEKPKECLKNO-UHFFFAOYSA-N,CC(=O)c1ccc(OC2OC(CO)C(O)C(O)C2O)cc1,picein
OZIHYFWYFUSXIS-UHFFFAOYSA-N,CC1CCC2(OC1)OC1CC3C4CC=C5CC(OC6OC(CO)C(OC7OC(C)C(OC8OC(C)C(O)C(O)C8O)C(O)C7O)C(O)C6OC6OC(C)C(O)C(O)C6O)CCC5(C)C4CCC3(C)C1C2C,formosanin C
QLFZZSKTJWDQOS-UHFFFAOYSA-N,COC1CC(OC2C(C)OC(OC3C(C)=CCC4CC(CC5(C=CC(C)C(C6CCCCC6)O5)O4)OC(=O)C4C=C(C)C(O)C5OCC(=CC=CC3C)C45O)CC2OC)OC(C)C1O,doramectin
KVKRFLVYJLIZFD-UHFFFAOYSA-N,CC(C)=CC1CC(C)(O)C2C3CCC4C5(C)CCC(OC6OCC(O)C(OC7OC(COC8OC(CO)C(O)C(O)C8O)C(O)C(O)C7OC7OCC(O)C(O)C7O)C6OC6OC(C)C(O)C(O)C6O)C(C)(C)C5CCC4(C)C34COC2(C4)O1,jujuboside A
BAXOFTOLAUCFNW-UHFFFAOYSA-N,c1ccc2[nH]ncc2c1,Indazoles
XVFMGWDSJLBXDZ-UHFFFAOYSA-O,Oc1ccc(-c2[o+]c3cc(O)cc(O)c3cc2O)cc1,pelargonidin
WHWHDGKOSUKYOV-UHFFFAOYSA-N,CC1C(=O)CCC2C1(C)CCC1C2(C)CCC2(C)C3CC(C)(C(=O)O)CCC3(C)CCC12C,maytenonic acid
FTSUPYGMFAPCFZ-UHFFFAOYSA-N,CCCN1CCCC2Cc3[nH]ncc3CC21,Quinpirole
FWYVRZOREBYLCY-UHFFFAOYSA-N,Cc1nnc2n1-c1sc3c(c1C(c1ccccc1Cl)=NC2)CC(C(=O)N1CCOCC1)C3,bepafant
KKVZAVRSVHUSPL-UHFFFAOYSA-N,COc1ccccc1C=CC=O,2-methoxycinnamaldehyde
NCYCYZXNIZJOKI-UHFFFAOYSA-N,CC(C=CC=C(C)C=CC1=C(C)CCCC1(C)C)=CC=O,9-cis-retinal
NEHDRDVHPTWWFG-UHFFFAOYSA-N,CCCCCCCCOC(=O)CCCCC(=O)OCCCCCCCC,dioctyl adipate
KIAKLFLISZCITK-UHFFFAOYSA-N,CC1(C)C(O)CCC2(C)C1CCC1(C)C2C=CC2=C(O)C(=O)C(=O)C21C,palbinone
FOANIXZHAMJWOI-UHFFFAOYSA-N,CC(C)OC(=O)C(O)(c1ccc(Br)cc1)c1ccc(Br)cc1,"isopropyl 4,4'-dibromobenzilate"
LKXMXUPYWQQHNY-UHFFFAOYSA-N,COC(=O)C1=COC(OC2OC(COC(C)=O)C(OC(C)=O)C(OC(C)=O)C2OC(C)=O)C2C(COC(C)=O)=CCC12,pentaacetyl geniposide
TZMFJUDUGYTVRY-UHFFFAOYSA-N,CCC(=O)C(C)=O,"2,3-pentanedione"
KBEZZLAAKIIPFK-UHFFFAOYSA-N,Cc1ccc2c(c1)C13CCCCC1C(C2)N(C)CC3,dimemorfan
XFFOMNJIDRDDLQ-UHFFFAOYSA-N,CC(C)=CCc1c(-c2ccc(O)cc2O)oc2c3c(cc(O)c2c1=O)OC(C)(C)C=C3,morusin
KUTVNHOAKHJJFL-UHFFFAOYSA-N,Oc1ccc(C2Oc3cc(O)cc4c3C2c2cc(O)cc3c2C(c2cc(O)cc5c2C4C(c2ccc(O)cc2)O5)C(c2ccc(O)cc2)O3)cc1,alpha-viniferin
RMKCQUWJDRTEHE-UHFFFAOYSA-N,C=CCSSSSCC=C,diallyl tetrasulfide
FBSKJMQYURKNSU-UHFFFAOYSA-N,CC1OC(OC2C(O)C(OCCc3ccc(O)c(O)c3)OC(CO)C2OC(=O)C=Cc2ccc(O)c(O)c2)C(O)C(O)C1O,acteoside
DRRWBCNQOKKKOL-UHFFFAOYSA-N,COc1ccc(-c2cc(=O)c3c(O)c(OC)c(O)cc3o2)cc1OC,eupatilin
XXRVYAFBUDSLJX-UHFFFAOYSA-N,CC(C)(Oc1ccc(Cl)cc1)C(=O)OCCOC(=O)c1cccnc1,etofibrate
ILRYLPWNYFXEMH-UHFFFAOYSA-N,NC(CCSCC(N)C(=O)O)C(=O)O,Cystathionine
JSPUCPNQXKTYRO-UHFFFAOYSA-N,CC1=CCCC2C1(C)CCC(C)C2(C)Cc1cc(O)ccc1O,avarol
WDFZWSZNOFELJY-UHFFFAOYSA-N,C1=CC2OC2C=C1,benzene oxide
HJXMNVQARNZTEE-UHFFFAOYSA-N,CCCCC1OC(=O)c2ccccc21,butylphthalide
UICBHOXXGLYZJH-UHFFFAOYSA-N,c1ccc2c(c1)CC[n+]1cc3ccccc3cc1-2,protoberberine
ONKNPOPIGWHAQC-UHFFFAOYSA-N,CC1COCc2cc3c(cc21)C(C)(C)C(C)C3(C)C,galaxolide
YOOVTUPUBVHMPG-UHFFFAOYSA-N,OCC1OC(n2cnc3c2NC=NCC3O)C(O)C1O,Coformycin
DYHOLQACRGJEHX-UHFFFAOYSA-N,Cc1c(O)c(C)c2c(c1O)C(=O)CC(c1ccc(O)cc1)O2,farrerol
RJWJHRPNHPHBRN-UHFFFAOYSA-N,OCC1=CC(O)C2C=COC(OC3OC(CO)C(O)C(O)C3O)C12,aucubin
KQSFNXMDCOFFGW-UHFFFAOYSA-N,CC1(C)CCC2(C(=O)OC3OC(CO)C(O)C(O)C3O)CCC3(C)C(=CCC4C5(C)CCC(OC6OC(C(=O)O)C(OC7OC(CO)C(O)C7O)C(O)C6O)C(C)(C)C5CCC43C)C2C1,araloside A
CJGYSWNGNKCJSB-UHFFFAOYSA-N,CCCC(=O)Nc1ncnc2c1ncn2C1OC2COP(=O)(O)OC2C1OC(=O)CCC,Bucladesine
VCCRNZQBSJXYJD-UHFFFAOYSA-N,O=c1c(O)c(-c2ccccc2)oc2cc(O)cc(O)c12,galangin
NOTGFIUVDGNKRI-UHFFFAOYSA-N,NC(=O)c1ncn(C2OC(COP(=O)(O)O)C(O)C2O)c1N,AICA ribonucleotide
QDERNBXNXJCIQK-UHFFFAOYSA-N,CCN(c1nc(N)c(C(=O)N=C(N)N)nc1Cl)C(C)C,ethylisopropylamiloride
FHEHIXJLCWUPCZ-UHFFFAOYSA-N,C=CCc1ccc(O)c(O)c1,2-hydroxychavicol
JZQKTMZYLHNFPL-UHFFFAOYSA-N,CCCCCC=CC=CC=O,"2,4-decadienal"
RKFAZBXYICVSKP-UHFFFAOYSA-N,CC=Cc1cc(OC)c(OC)cc1OC,asarone
XRISENIKJUKIHD-UHFFFAOYSA-N,CCCC1(C(O)CC=CC2C(O)CC(=O)C2CCCCCCC(=O)OC)CCC1,butaprost
AEDDIBAIWPIIBD-UHFFFAOYSA-N,O=c1c2cc(O)c(O)cc2oc2cc(O)c(C3OC(CO)C(O)C(O)C3O)c(O)c12,mangiferin
MUKYVRVYBBYJSI-UHFFFAOYSA-N,O=C1COc2cc(O)ccc2-c2cc(O)c(O)cc2C1,protosappanin A
COCFEDIXXNGUNL-UHFFFAOYSA-N,CCC(C)C(NC(=O)CN)C(=O)NC(C(=O)NC(CCC(=O)O)C(=O)NC(CCC(N)=O)C(=O)NC1CSSCC2NC(=O)C(C(C)CC)NC(=O)C(CO)NC(=O)C(C(C)O)NC(=O)C(CSSCC(NC(=O)C(CC(C)C)NC(=O)C(Cc3c[nH]cn3)NC(=O)C(CCC(N)=O)NC(=O)C(CC(N)=O)NC(=O)C(NC(=O)C(N)Cc3ccccc3)C(C)C)C(=O)NCC(=O)NC(CO)C(=O)NC(Cc3c[nH]cn3)C(=O)NC(CC(C)C)C(=O)NC(C(C)C)C(=O)NC(CCC(=O)O)C(=O)NC(C)C(=O)NC(CC(C)C)C(=O)NC(Cc3ccc(O)cc3)C(=O)NC(CC(C)C)C(=O)NC(C(C)C)C(=O)NC(C(=O)NCC(=O)NC(CCC(=O)O)C(=O)NC(CCCNC(=N)N)C(=O)NCC(=O)NC(Cc3ccccc3)C(=O)NC(Cc3ccccc3)C(=O)NC(Cc3ccc(O)cc3)C(=O)NC(C(=O)N3CCCC3C(=O)NC(CCCCN)C(=O)NC(C(=O)NC(CCCNC(=N)N)C(=O)NC(CCCNC(=N)N)C(=O)O)C(C)O)C(C)O)CSSCC(C(=O)NCC(=O)O)NC(=O)C(Cc3ccc(O)cc3)NC(=O)C(CC(N)=O)NC(=O)C(CCC(=O)O)NC(=O)C(CC(C)C)NC(=O)C(CCC(N)=O)NC(=O)C(Cc3ccc(O)cc3)NC(=O)C(CC(C)C)NC(=O)C(CO)NC2=O)NC1=O)C(C)C,insulin glargine
JVGNTXGHBHMJDO-UHFFFAOYSA-N,COc1cc(O)ccc1C(=O)C=Cc1ccc(O)c(O)c1,sappanchalcone
RXPRRQLKFXBCSJ-UHFFFAOYSA-N,CCC12CCCN3CCc4c(n(c5ccccc45)C(O)(C(=O)OC)C1)C32,Vincamine
IHQDGXUYTSZGOG-UHFFFAOYSA-N,CSCCCCN=C=S,erucin
APPXYONGBIXGRO-UHFFFAOYSA-N,CC(C)=CCc1c(-c2ccc(O)cc2O)oc2c(C3C=C(C)CC(c4ccc(O)cc4O)C3C(=O)c3ccc(O)cc3O)c(O)cc(O)c2c1=O,kuwanon G
MNOILHPDHOHILI-UHFFFAOYSA-N,CN(C)C(=S)N(C)C,tetramethylthiourea
IPMYMEWFZKHGAX-UHFFFAOYSA-N,O=c1c(O)cc(C2Oc3cc(O)cc(O)c3CC2O)cc2c(C3Oc4cc(O)cc(O)c4CC3O)cc(O)c(O)c12,theaflavin
IQVQXVFMNOFTMU-UHFFFAOYSA-N,CCCC=C1OC(=O)C2=C1CCC=C2,ligustilide
KHVMAMXQPVHXTJ-UHFFFAOYSA-N,O=C(O)C1OC(Oc2c(O)cc(O)c3c(=O)c(O)c(-c4ccc(O)c(O)c4)oc23)C(O)C(O)C1O,hibifolin
FGJIDQWRRLDGDB-UHFFFAOYSA-N,CC(=CCCC1=CCC(C2=CC(=O)OC2O)OC1O)CCC1=C(C)CCCC1(C)C,manoalide
GHBNZZJYBXQAHG-UHFFFAOYSA-N,CC(CCC(OC1OC(COC2OC(CO)C(O)C(O)C2O)C(O)C(O)C1OC1OC(CO)C(O)C(O)C1O)C(C)(C)O)C1CCC2(C)C3CC=C4C(CCC(OC5OC(COC6OC(CO)C(O)C(O)C6O)C(O)C(O)C5O)C4(C)C)C3(C)C(O)CC12C,mogroside V
SLWPBUMYPRVYIJ-UHFFFAOYSA-N,Oc1cc(O)cc(Oc2c(O)cc(O)c3c2Oc2c(O)cc4oc5c(Oc6cc(O)cc(O)c6)c(O)cc(O)c5c4c2O3)c1,phlorofucofuroeckol A
YKPUWZUDDOIDPM-UHFFFAOYSA-N,COc1cc(CNC(=O)CCCCC=CC(C)C)ccc1O,Capsaicin
KAESVJOAVNADME-UHFFFAOYSA-N,c1cc[nH]c1,Pyrroles
BQYIXOPJPLGCRZ-UHFFFAOYSA-N,Cc1ncc(CO)c(C=NNC(=O)c2ccncc2)c1O,pyridoxal isonicotinoyl hydrazone
LNWGWFVAPQTGMG-UHFFFAOYSA-N,NC(=NCCCC(N)C(=O)Nc1ccc([N+](=O)[O-])cc1)N[N+](=O)[O-],N(G)-nitroarginine-4-nitroanilide
YIKKMWSQVKJCOP-UHFFFAOYSA-N,CC(C)CCCC(C)C1CCC2C3C(=O)C=C4CC(O)CCC4(C)C3CCC12C,7-ketocholesterol
DAEFUOXKPZLQMM-UHFFFAOYSA-N,CCCCCCC(O)CCCC(O)C1CCC(C2CCC(C(O)CCCCCCCCCCCCC3=CC(C)OC3=O)O2)O1,squamocin
IQUGPRHKZNCHGC-UHFFFAOYSA-N,CN1Cc2c(ccc3c2OCO3)C2(C)C(O)Cc3cc4c(cc3C12)OCO4,corynoline
XOSAHGWVGLNMBK-UHFFFAOYSA-N,O=C1OC2(c3cc(Br)c(O)c(Br)c3Oc3c2cc(Br)c(O)c3Br)c2c(Cl)ccc(Cl)c21,phloxine
XHMJOUIAFHJHBW-UHFFFAOYSA-N,NC1C(O)OC(COP(=O)(O)O)C(O)C1O,glucosamine 6-phosphate
VSWICNJIUPRZIK-UHFFFAOYSA-N,C1=CNCCC1,Pyrrolidines
XCUCMLUTCAKSOZ-UHFFFAOYSA-N,COc1cc2c(cc1OC)C(Cc1ccc(O)c(Oc3cc4c(cc3OC)CCN(C)C4Cc3ccc(O)cc3)c1)N(C)CC2,liensinine
XVPBINOPNYFXID-UHFFFAOYSA-N,O=C1CCCC2C3CCC[N+]4([O-])CCCC(CN12)C34,oxymatrine
IOWMKBFJCNLRTC-UHFFFAOYSA-N,CC(C)C(O)CCC(C)C1CCC2C3CC=C4CC(O)CCC4(C)C3CCC12C,24-hydroxycholesterol
BOPIMTNSYWYZOC-UHFFFAOYSA-N,C=C1CCCC2(C)CCC(C(C)(C)O)CC12,beta-eudesmol
ANJTVLIZGCUXLD-UHFFFAOYSA-N,O=c1cccc2n1CC1CNCC2C1,cytisine
CKHJPWQVLKHBIH-UHFFFAOYSA-N,CC(=C(CCOC(=O)C(C)C)SSC(CCOC(=O)C(C)C)=C(C)N(C=O)Cc1cnc(C)nc1N)N(C=O)Cc1cnc(C)nc1N,sulbutiamine
LPQZKKCYTLCDGQ-UHFFFAOYSA-N,CC1(Cn2ccnn2)C(C(=O)O)N2C(=O)CC2S1(=O)=O,Tazobactam
DSDNAKHZNJAGHN-UHFFFAOYSA-N,C=C(C)C12CC(C)C34OC(Cc5ccccc5)(OC1C3C=C(COC(=O)Cc1ccc(O)c(OC)c1)CC1(O)C(=O)C(C)=CC14)O2,resiniferatoxin
QEEBRPGZBVVINN-UHFFFAOYSA-N,CC12CCC(O)CC1CCC1C2CCC2(C)C(c3ccc(=O)oc3)CCC12O,bufalin
SUWYPNNPLSRNPS-UHFFFAOYSA-N,CC(C)=CCCC(C)=CCCC(=CCCC(C)=CCO)CO,plaunotol
NPNNKDMSXVRADT-UHFFFAOYSA-N,COc1cc(C=CC(=O)NCCc2ccc(O)cc2)ccc1O,feruloyltyramine
SWZMSZQQJRKFBP-UHFFFAOYSA-N,O=C1C=C2C=CC3CC2(O1)C1CCCCN31,securinine
GGHMUJBZYLPWFD-UHFFFAOYSA-N,CC1CCC2(O)C(C)(C)C3CCC2(C)C1C3,patchouli alcohol
ORJVQPIHKOARKV-UHFFFAOYSA-N,COc1cc2c3c(c1OC)-c1ccccc1CC3N(C)CC2,nuciferine
ZZZYHIMVKOHVIH-UHFFFAOYSA-N,COC(=O)C12OCC34C(CC5C(C)=C(O)C(=O)CC5(C)C3C(O)C1O)OC(=O)C(OC(=O)C=C(C)C)C24,brusatol
OUQGDTNNZRAKIB-UHFFFAOYSA-N,O=C(O)CCCCCCCn1ccnc1,1-carboxyheptylimidazole
WZNJWVWKTVETCG-UHFFFAOYSA-N,NC(Cn1ccc(=O)c(O)c1)C(=O)O,Mimosine
NNWHUJCUHAELCL-UHFFFAOYSA-N,CC=Cc1ccc(OC)c(OC)c1,isomethyleugenol
SDXKZPQOVUDXIY-UHFFFAOYSA-N,COc1cc(O)cc(CCc2ccc(OC)c(O)c2)c1,gigantol
NLDDIKRKFXEWBK-UHFFFAOYSA-N,CCCCCC(O)CC(=O)CCc1ccc(O)c(OC)c1,gingerol
WJRBRSLFGCUECM-UHFFFAOYSA-N,O=C1CNC(=O)N1,Hydantoins
MGMQAZXDRJETOM-UHFFFAOYSA-M,O=C([O-])c1ccc([Hg+])cc1,4-hydroxymercuribenzoate
PDHAOJSHSJQANO-UHFFFAOYSA-N,Oc1cc(O)cc(C=Cc2ccc(O)cc2O)c1,puag-haad
PXGWEUQZDRUMRE-UHFFFAOYSA-N,O=C(OC1C(Oc2c(-c3ccc(O)c(O)c3)oc3cc(O)cc(O)c3c2=O)OC(CO)C(O)C1O)c1cc(O)c(O)c(O)c1,2''-galloylhyperin
LELAOEBVZLPXAZ-UHFFFAOYSA-N,C[S+]([O-])CCCN=C=S,iberin
ITVGXXMINPYUHD-UHFFFAOYSA-N,COc1ccc(CCC(=O)c2c(O)cc(OC3OC(CO)C(O)C(O)C3OC3OC(C)C(O)C(O)C3O)cc2O)cc1O,neohesperidin dihydrochalcone
XCBWMEWFFNUFLV-UHFFFAOYSA-N,COc1cc(N(CC(=O)O)CC(=O)O)c2nc(COc3cc(C)ccc3N(CC(=O)O)CC(=O)O)ccc2c1,Quin2
VUAFHZCUKUDDBC-UHFFFAOYSA-N,CC(C)(S)C(=O)NC(CS)C(=O)O,bucillamine
RFWGABANNQMHMZ-UHFFFAOYSA-N,CC=C1C(OC2OC(CO)C(O)C(O)C2O)OC=C(C(=O)OC)C1CC(=O)OCCc1ccc(O)c(O)c1,oleuropein
FXLOVSHXALFLKQ-UHFFFAOYSA-N,Cc1ccc(C=O)cc1,4-methylbenzaldehyde
PTMZTTPJFDLIOR-UHFFFAOYSA-N,CC(C)=CCCC(C)=CCCC(C)=CCCC(C)=CCCC(C)=CCCC(C)=CCCC(C)=CCCC(C)=CCCC1(C)CCc2cc(O)c(C)c(C)c2O1,plastochromanol 8
WBEFUVAYFSOUEA-UHFFFAOYSA-N,O=C1C(=Cc2ccc(O)c(O)c2)Oc2cc(O)cc(O)c21,aureusidin
VSWDORGPIHIGNW-UHFFFAOYSA-N,S=C(S)N1CCCC1,pyrrolidine dithiocarbamic acid
VEUMANXWQDHAJV-UHFFFAOYSA-N,Oc1ccccc1C=NCCN=Cc1ccccc1O,"N,N'-bis(salicylideneamino)ethane-manganese(II)"
KJHHAPASNNVTSN-UHFFFAOYSA-N,COc1ccc(C(=O)C=Cc2ccccc2)cc1,4'-methoxychalcone
QIRUFAFQGKOTKA-UHFFFAOYSA-N,CC1=C(O)C(=O)C=C2C1=CC=C1C2(C)CCC2(C)C3CC(C)C(=O)C(O)C3(C)CCC12C,tingenin B
CMLFRMDBDNHMRA-UHFFFAOYSA-N,C1=Cc2ccccc2ON1,Benzoxazines
XOJVHLIYNSOZOO-UHFFFAOYSA-N,COc1ccc(CC2COC(=O)C2Cc2ccc(OC3OC(CO)C(O)C(O)C3O)c(OC)c2)cc1OC,arctiin
FZWGECJQACGGTI-UHFFFAOYSA-N,Cn1cnc2nc(N)[nH]c(=O)c21,7-methylguanine
MTDHILKWIRSIHB-UHFFFAOYSA-N,NC1C(O)OC(COS(=O)(=O)O)C(O)C1O,glucosamine 6-O-sulfate
XLFLNLAIJULEFF-UHFFFAOYSA-N,CC1=C2N=C(C=C3N=C(C(C)=C4NC(C)(C5N=C1C(C)(CCC(=O)NCC(C)OP(=O)(O)OC1C(CO)OC(n6cnc7cc(C)c(C)cc76)C1O)C5CC(N)=O)C(C)(CC(N)=O)C4CCC(N)=O)C(C)(CC(N)=O)C3CCC(N)=O)C(C)(C)C2CCC(N)=O,mecobalamin
BTGAJCKRXPNBFI-UHFFFAOYSA-N,CCCN1CCc2cccc3c2C1Cc1ccc(O)c(O)c1-3,N-n-propylnorapomorphine
WHSUEVLJUHPROF-UHFFFAOYSA-N,C=C1C(=O)C23C(O)CC4C(C)(C)CCC(O)C4(CO)C2CCC1C3O,kamebakaurin
FAXWFCTVSHEODL-UHFFFAOYSA-N,Oc1ccc(Br)cc1Br,"2,4-dibromophenol"
UIKROCXWUNQSPJ-UHFFFAOYSA-N,CN1C(=O)CCC1c1cccnc1,Cotinine
XOBRUPBUBNAFDI-UHFFFAOYSA-N,CCC(C)C(NC(=O)C(CCSC)NC(=O)OC(C)(C)C)C(=O)NC(Cc1ccccc1)C(=O)O,t-butyloxycarbonyl-methionyl-leucyl-phenylalanine
IZXIZTKNFFYFOF-UHFFFAOYSA-N,O=C1NCCO1,Oxazolidinones
XBZYWSMVVKYHQN-UHFFFAOYSA-N,CC1(C)CCC2(C(=O)O)CCC3(C)C(=CCC4C5(C)CCC(O)C(C)(COS(=O)(=O)O)C5CCC43C)C2C1,Triterpenes
SJRXVLUZMMDCNG-UHFFFAOYSA-N,O=c1c(O)c(-c2ccc(O)c(O)c2)oc2c(OC3OC(CO)C(O)C(O)C3O)c(O)cc(O)c12,gossypin
LVWAKZBZWYHYCJ-UHFFFAOYSA-N,COc1ccc2c(c1OC)C(OC)N(C)c1c-2ccc2cc3c(cc12)OCO3,angoline
OFEZSBMBBKLLBJ-UHFFFAOYSA-N,Nc1ncnc2c1ncn2C1OC(CO)CC1O,cordycepin
GRBKWAXRYIITKG-UHFFFAOYSA-N,CC=CC#CC#CC=Cc1ccco1,atractylodin
GKAJCVFOJGXVIA-UHFFFAOYSA-N,COc1ccc(C=Cc2cc(O)cc(OC3OC(CO)C(O)C(O)C3O)c2)cc1O,rhapontin
XJQPQKLURWNAAH-UHFFFAOYSA-N,COc1cc(CNC(=O)CCCCCCC(C)C)ccc1O,dihydrocapsaicin
XUWSHXDEJOOIND-UHFFFAOYSA-N,CC1(O)CC(O)C2(O)C=COC(OC3OC(CO)C(O)C(O)C3O)C12,harpagide
FNGGIPWAZSFKCN-UHFFFAOYSA-N,CCC12C=CCN3CCC4(C(=C(C(=O)OC)C1)Nc1ccccc14)C32,tabersonine
IUPDWMUZBVKRGM-UHFFFAOYSA-N,Cc1cnc(C(=O)Nc2ccc(S(=O)(=O)NC(C)C)cc2)cn1,L-Lactate Dehydrogenase
IRHTZOCLLONTOC-UHFFFAOYSA-N,CCCCCCCCCCCCCCCCCCCCCCCCCCO,1-hexacosanol
UCDVIBNDYLUWFP-UHFFFAOYSA-N,C=C1C(=O)C23C(O)CC4C(C)(C)C(=O)CCC4(C)C2CCC1C3O,glaucocalyxin A
JKHRCGUTYDNCLE-UHFFFAOYSA-O,Oc1cc(O)c2cc(O)c(-c3cc(O)c(O)c(O)c3)[o+]c2c1,delphinidin
LBBJNGFCXDOYMQ-UHFFFAOYSA-N,Cc1[nH]ccc2c1[nH]c1cc(=O)ccc12,harmol
MHVJRKBZMUDEEV-UHFFFAOYSA-N,C=CC1(C)C=C2CCC3C(C)(C(=O)O)CCCC3(C)C2CC1,pimaric acid
AIZFEOPQVZBNGH-UHFFFAOYSA-N,O=C1CN=C(c2ccccc2)c2c(sc3c2CCCC3)N1,bentazepam
DTGZHCFJNDAHEN-UHFFFAOYSA-N,CCC1CN2CCc3cc(OC)c(OC)cc3C2CC1CC1NCCc2cc(O)c(OC)cc21,cephaelin
WQCWELFQKXIPCN-UHFFFAOYSA-N,O=C(C=Cc1ccc(O)cc1)c1c(O)cc(O)cc1OC1OC(CO)C(O)C(O)C1O,isosalipurposide
LELBFTMXCIIKKX-UHFFFAOYSA-N,CCC1CN2CCc3c([nH]c4cccc(OC)c34)C2CC1C(=COC)C(=O)OC,mitragynine
PIMZUZSSNYHVCU-UHFFFAOYSA-N,C=C(C)C1C2OC(=O)C1C1(O)CC3OC34C(=O)OC2C14C,picrotoxinin
KYFBXCHUXFKMGQ-UHFFFAOYSA-N,CC(C)=CCc1c(O)ccc2c1OC(c1ccc(O)cc1)CC2=O,isobavachin
SDIVYZXRQHWCKF-UHFFFAOYSA-N,O=c1c2ccccc2nc2n1CCC2O,vasicinone
XDEURYRPQDIBSL-UHFFFAOYSA-N,O=C1C=C2CCNC2=CC1=O,aminochrome 1
ACNHBCIZLNNLRS-UHFFFAOYSA-N,CC(C)(O)C1OC2CCC3(C)C(O)(CCC4Cc5c([nH]c6ccccc56)C43C)C2=CC1=O,paxilline
XLTANAWLDBYGFU-UHFFFAOYSA-N,CCN1CC2(COC(=O)c3ccccc3N3C(=O)CC(C)C3=O)CCC(OC)C34C5CC6C(OC)CC(O)(C5C6OC)C(O)(C(OC)C23)C14,methyllycaconitine
NAAJVHHFAXWBOK-UHFFFAOYSA-N,CC(C)=CC(=O)CC(C)c1ccc(C)cc1,ar-turmerone
WFUGQJXVXHBTEM-UHFFFAOYSA-N,CCC(C)(OO)OOC(C)(CC)OO,methyl ethyl ketone peroxide
QMGVPVSNSZLJIA-UHFFFAOYSA-N,O=C1CC2OCC=C3CN4CCC56c7ccccc7N1C5C2C3CC46,Strychnine
RGZSQWQPBWRIAQ-UHFFFAOYSA-N,CC(C)=CCCC(C)(O)C1CC=C(C)CC1,bisabolol
AADCDMQTJNYOSS-UHFFFAOYSA-N,CCc1cc(Cl)c(OC)c(C(=O)NCC2CCCN2CC)c1O,eticlopride
SZINUGQCTHLQAZ-UHFFFAOYSA-N,CC(=O)C1=C(O)C2C3c4c[nH]c5cccc(c45)CC3C(C)(C)N2C1=O,cyclopiazonic acid
SDCUWFRXMLQNCS-UHFFFAOYSA-N,CC12CC(c3ccc(OCCCCCS(=O)(=O)CCCC(F)(F)C(F)(F)F)cc3)C3c4ccc(O)cc4CCC3C1CCC2O,RU 58668
