name,smiles,canonical_smiles,inchi_key,label,reference,reasoning
Trovafloxacin,C1C2CC1C2N3C4=NC(=CC(=C4C(=O)C(=C3)C(=O)O)F)C5=CC(=CC(=C5)F)F,O=C(O)c1cn(C2C3CC2C3)c2nc(-c3cc(F)cc(F)c3)cc(F)c2c1=O,QTKAQGHUJFAJKX-UHFFFAOYSA-N,1,"LiverTox A, withdrawn",fluoroquinolone withdrawn for severe hepatotoxicity
Telithromycin,CCC1C(=O)N(CC(=O)C(C(C(=O)C(C(C1OC)C)OC2C(C(CC(O2)C)N(C)C)O)(C)CCCN3C=NC(=N3)C4=CC=NC=C4)C)C,CCC1C(=O)N(C)CC(=O)C(C)C(C)(CCCn2cnc(-c3ccncc3)n2)C(=O)C(OC2OC(C)CC(N(C)C)C2O)C(C)C1OC,IPBXTYUXACAAQO-UHFFFAOYSA-N,1,LiverTox A,ketolide associated with acute liver failure
Tigecycline,CN(C)C1C2CC3CC(=C(C(=O)C3=C(C2=C(C(=O)C1(C(=O)C(=C(N)O)C(=O)N)O)O)O)O)NC(=O)CNC(C)(C)C,CN(C)C1C2CC3CC(NC(=O)CNC(C)(C)C)=C(O)C(=O)C3=C(O)C2=C(O)C(=O)C1(O)C(=O)C(C(N)=O)=C(N)O,JWNUFHOPNMUWHT-UHFFFAOYSA-N,1,LiverTox B,glycylcycline with hepatotoxicity warning
Bedaquiline,CN(C)C(CC(C1=CC=CC=C1)(C2=CC=CC=C2)O)C3=NC4=CC=C(C=C4C(=C3)C5=CC=CC=C5)Br,CN(C)C(CC(O)(c1ccccc1)c1ccccc1)c1cc(-c2ccccc2)c2cc(Br)ccc2n1,FKWWBXNUAYZADU-UHFFFAOYSA-N,1,LiverTox B,"diarylquinoline antitubercular, ALT elevations"
Delamanid,CC1(COC(O1)CN2C=CC(=N2)OC3=CC=C(C=C3)OC4=CC=C(C=C4)C(F)(F)F)[N+](=O)[O-],CC1([N+](=O)[O-])COC(Cn2ccc(Oc3ccc(Oc4ccc(C(F)(F)F)cc4)cc3)n2)O1,ONNYOFRAIGFOGW-UHFFFAOYSA-N,1,LiverTox C,nitroimidazole antitubercular
Pretomanid,C1CCN2C(C1)C(N(C2=O)C3=CC=C(C=C3)OCC4=CC=C(C=C4)C(F)(F)F)([N+](=O)[O-])O,O=C1N2CCCCC2C(O)([N+](=O)[O-])N1c1ccc(OCc2ccc(C(F)(F)F)cc2)cc1,WPIOSPXZLFCBKC-UHFFFAOYSA-N,1,LiverTox C,nitroimidazole antitubercular
Cefoperazone,CC1=NN=C(S1)SCC2=C(N3C(C(C3=O)NC(=O)C(C4=CC=C(C=C4)O)NC(=O)N5CCN(C(=O)C5=O)CC)SC2)C(=O)O,CCN1CCN(C(=O)NC(C(=O)NC2C(=O)N3C(C(=O)O)=C(CSc4nnc(C)s4)CSC23)c2ccc(O)cc2)C(=O)C1=O,DNFGCTAQZQQJEN-UHFFFAOYSA-N,1,LiverTox C,third-gen cephalosporin with cholestatic injury
Cefdinir,C1=CC(=CC=C1C(C(=O)NC2C3N(C2=O)C(=C(CS3)C=C)C(=O)O)N)O.O.O.O,C=CC1=C(C(=O)O)N2C(=O)C(NC(=O)C(N)c3ccc(O)cc3)C2SC1.O.O.O,HBCLMXYBCZTPRU-UHFFFAOYSA-N,1,LiverTox D,cephalosporin with hepatic adverse events
Bromfenac,C1=CC(=CC=C1Br)C(=O)C2=C(C=CC=C2N)CC(=O)O,Nc1cccc(CC(=O)O)c1C(=O)c1ccc(Br)cc1,PULPWMZEAPPQTO-UHFFFAOYSA-N,1,"LiverTox A, withdrawn",withdrawn due to fatal hepatic failure
Nimesulide,CS(=O)(=O)NC1=CC=C(C=C1)OC2=CC=CC=C2[N+](=O)[O-],CS(=O)(=O)Nc1ccc(Oc2ccccc2[N+](=O)[O-])cc1,FIPFIMNUYKQFQH-UHFFFAOYSA-N,1,"LiverTox A, withdrawn in some countries",NSAID with severe DILI
Sulindac,CC1=C(C2=C(S1)C=C(C=C2)F)CC3=CC=C(C=C3)S(=O)C,Cc1sc2cc(F)ccc2c1Cc1ccc(S(C)=O)cc1,CEMHMGSEXOKWHO-UHFFFAOYSA-N,1,LiverTox B,NSAID with idiosyncratic hepatic injury
Lumiracoxib,CC1=C(C=CC(=C1)F)NC2=C(C=CC=C2Cl)CC(=O)O,Cc1cc(F)ccc1Nc1c(Cl)cccc1CC(=O)O,FOHRGHOQLWOAQF-UHFFFAOYSA-N,1,"LiverTox A, withdrawn",COX-2 inhibitor withdrawn for hepatotoxicity
Benoxaprofen,CC(C1=CC2=C(C=C1)N=C(O2)C3=CC=C(C=C3)Cl)C(=O)O,CC(C(=O)O)c1ccc2nc(-c3ccc(Cl)cc3)oc2c1,NCWBFAPXFARNEF-UHFFFAOYSA-N,1,"LiverTox A, withdrawn","withdrawn NSAID, fatal cholestatic hepatitis"
Felbamate,C(C(COC(=O)N)OC(=O)N)C1=CC=CC=C1,NC(=O)OCC(Cc1ccccc1)OC(N)=O,IBMAGAZWDDRNEV-UHFFFAOYSA-N,1,LiverTox A,antiepileptic with severe hepatic failure
Tolcapone,CC1=CC(=C(C(=C1)[N+](=O)[O-])O)O.C2=CC(=C(C=C2C(=O)C3=CC=C(C=C3)C)O)O,Cc1cc(O)c(O)c([N+](=O)[O-])c1.Cc1ccc(C(=O)c2ccc(O)c(O)c2)cc1,XYYXZQFYBYGCCL-UHFFFAOYSA-N,1,LiverTox A,COMT inhibitor with fatal hepatitis
Nefazodone,CCC1=NN=C(N1CCCN2CCN(CC2)C3=CC=CC=C3OCC)CCN4C(=O)N(CC4)C5=CC=C(C=C5)Cl,CCOc1ccccc1N1CCN(CCCn2c(CC)nnc2CCN2CCN(c3ccc(Cl)cc3)C2=O)CC1,ACAOAZZLTVSPRX-UHFFFAOYSA-N,1,LiverTox A,antidepressant withdrawn for hepatotoxicity
Tacrine,C1CCC2=C(C1)C3=CC=CC=C3N=C2N,Nc1nc2ccccc2c2c1CCCC2,VXDFWJZQHSBOCA-UHFFFAOYSA-N,1,LiverTox A,cholinesterase inhibitor with hepatotoxicity
Lamotrigine,C1=CC(=C(C(=C1)Cl)Cl)C2=NN=C(N=N2)N,Nc1nnc(-c2cccc(Cl)c2Cl)nn1,LOBUCJLTBKBFIB-UHFFFAOYSA-N,1,LiverTox B,antiepileptic with hepatic injury reports
Cerivastatin,CC(C)C1=NC(=C(C(=C1C=CC(CC(CC(=O)O)O)O)C2=CC=C(C=C2)F)C(C)C)COC,COCc1nc(C(C)C)c(C=CC(O)CC(O)CC(=O)O)c(-c2ccc(F)cc2)c1C(C)C,CSISFTJEELIQEI-UHFFFAOYSA-N,1,"LiverTox A, withdrawn","withdrawn statin, rhabdomyolysis + hepatic injury"
Bosentan,CCOC1=CC=C(C=C1)S(=O)(=O)NC2=NC(=NC(=C2OCCOC3=NC=CC=N3)C4=CC=CC=C4)C(C)C,CCOc1ccc(S(=O)(=O)Nc2nc(C(C)C)nc(-c3ccccc3)c2OCCOc2ncccn2)cc1,SAKGFJJBNRSHEA-UHFFFAOYSA-N,1,LiverTox A,endothelin antagonist with hepatotoxicity
Sitaxentan,CC1=CC(=NO1)NS(=O)(=O)C2=C(C=CC=C2OC)CC3=CC4=C(C=C3Cl)OCO4,COc1cccc(Cc2cc3c(cc2Cl)OCO3)c1S(=O)(=O)Nc1cc(C)on1,BCYNMCGUVRZXRE-UHFFFAOYSA-N,1,"LiverTox A, withdrawn",withdrawn ERA for fatal liver failure
Ambrisentan,CC1=CC(=NC=C1)C(C(=O)O)(OC2=CC(=CC(=C2)C)C)C3=CC=CC=C3,Cc1cc(C)cc(OC(C(=O)O)(c2ccccc2)c2cc(C)ccn2)c1,PMHVTOARUGALGT-UHFFFAOYSA-N,1,LiverTox B,ERA with hepatic injury monitoring
Macitentan,CCCNS(=O)(=O)NC1=NC=C(C(=N1)OCCOC2=NC=C(C=C2)Br)C3=CC=C(C=C3)Br,CCCNS(=O)(=O)Nc1ncc(-c2ccc(Br)cc2)c(OCCOc2ccc(Br)cn2)n1,FKHWUQAIKYHGGD-UHFFFAOYSA-N,1,LiverTox C,"ERA, hepatotoxicity risk class"
Dronedarone,CCCCC1=C(C2=CC=CC=C2O1)C(=O)C3=CC(=C(C=C3)OCCCN(CCCC)CCCC)NS(=O)(=O)C,CCCCc1oc2ccccc2c1C(=O)c1ccc(OCCCN(CCCC)CCCC)c(NS(C)(=O)=O)c1,PUWPEDKWBGBIQV-UHFFFAOYSA-N,1,LiverTox B,amiodarone analog with hepatic injury
Hydralazine,C1=CC2=CC=CC=C2C(=N1)NN,NNc1nccc2ccccc12,IOOUWJDACLDFNP-UHFFFAOYSA-N,1,LiverTox B,vasodilator with hepatic injury
Labetalol,CC(CC1=CC=C(C(=C1)C(=O)N)O)NC(C)CC2=CC=CC=C2,CC(Cc1ccccc1)NC(C)Cc1ccc(O)c(C(N)=O)c1,MTQOHRSKRNJKNX-UHFFFAOYSA-N,1,LiverTox B,alpha/beta blocker with hepatic injury
Pazopanib,CC1=CC2=C(C=C1)N(C=N2)C3=CC=C(C=C3)NC4=NC=CC(=N4)N(C)C5=CC6=NN(C=C6C=C5)C,Cc1ccc2c(c1)ncn2-c1ccc(Nc2nccc(N(C)c3ccc4cn(C)nc4c3)n2)cc1,XMRVJPDTXVJUNF-UHFFFAOYSA-N,1,LiverTox A,TKI with hepatotoxicity warning
Regorafenib,CNC(=O)C1=CC(=CC=N1)OC2=CC(=C(C=C2)NC(=O)NC3=CC=C(C(=C3)Cl)F)F,CNC(=O)c1cc(Oc2ccc(NC(=O)Nc3ccc(F)c(Cl)c3)c(F)c2)ccn1,LMTHJHNKUGDNHN-UHFFFAOYSA-N,1,LiverTox A,"kinase inhibitor, severe hepatic injury"
Ponatinib,CC1=C(C=C(C=C1)C(=O)NC2=C(C=NC=C2)C#CC3=CC4=C(C=C3)N=CN4C)CN5CCN(CC5)C,Cc1ccc(C(=O)Nc2ccncc2C#Cc2ccc3ncn(C)c3c2)cc1CN1CCN(C)CC1,HOVQRQNSHKRMGN-UHFFFAOYSA-N,1,LiverTox B,TKI with hepatic events
Idelalisib,CCC(C1=NC2=CC=CC=C2C(=O)N1C3=CC=CC=C3)NC4=NC5=CC=CC=C5N=C4N,CCC(Nc1nc2ccccc2nc1N)c1nc2ccccc2c(=O)n1-c1ccccc1,RDQVMSVBFQGTLN-UHFFFAOYSA-N,1,LiverTox A,"PI3K inhibitor, boxed warning hepatic injury"
Lenvatinib,CC1CC1NC(=O)NC2=CC3=C(C=C2)N=CC(=C3OC4=CC5=C(C=C4Cl)OCO5)C(=O)N,CC1CC1NC(=O)Nc1ccc2ncc(C(N)=O)c(Oc3cc4c(cc3Cl)OCO4)c2c1,ICBAQQDGJFEHIH-UHFFFAOYSA-N,1,LiverTox B,TKI with hepatic injury
Vandetanib,COC1=C(C=C2C(=C1)C(=NC=N2)NC3=CC(=C(C=C3)F)Br)OCC4CCN(CC4)C,COc1cc2c(Nc3ccc(F)c(Br)c3)ncnc2cc1OCC1CCN(C)CC1,KWNPLASCTSVVSX-UHFFFAOYSA-N,1,LiverTox B,TKI with QT and hepatic effects
Nevirapine,CC1=CC=NC2=C1C(=O)NC3=C(C=CC=N3)N2C4CC4,Cc1ccnc2c1C(=O)Nc1ncccc1N2C1CC1,UHEGMLGQJGZESD-UHFFFAOYSA-N,1,LiverTox A,NNRTI with severe hepatic injury
Indinavir,CC(C)(C)NC(=O)C1CN(CCN1CC(C(CC2=CC=CC=C2)NC(=O)C(C(C3=CC=CC=N3)O)C(=O)NCC4=CC=CC=C4)O)CC5=CN=CC=C5,CC(C)(C)NC(=O)C1CN(Cc2cccnc2)CCN1CC(O)C(Cc1ccccc1)NC(=O)C(C(=O)NCc1ccccc1)C(O)c1ccccn1,NEXBITPBBLMQQB-UHFFFAOYSA-N,1,LiverTox B,"protease inhibitor, indirect hyperbilirubinemia"
Stavudine,CC1=CN(C(=O)NC1=O)C2CC=C(O2)CO,Cc1cn(C2CC=C(CO)O2)c(=O)[nH]c1=O,VJIJJLHYGOITDN-UHFFFAOYSA-N,1,LiverTox B,NRTI with hepatic steatosis
Didanosine,C1C(C(O1)CO)N2C=NC3=C2N=CNC3=O,O=c1[nH]cnc2c1ncn2C1COC1CO,YAAFPHINAKTWAV-UHFFFAOYSA-N,1,LiverTox B,NRTI with hepatic injury
Acarbose,CC1C(C(C(C(O1)OC2C(C(C(C(O2)CO)O)O)NC3C=C(CCC3O)CO)O)O)O,CC1OC(OC2OC(CO)C(O)C(O)C2NC2C=C(CO)CCC2O)C(O)C(O)C1O,DSLRMVXHSIQJGF-UHFFFAOYSA-N,1,LiverTox C,alpha-glucosidase inhibitor with hepatic injury
Dantrolene,C1=CC(=CC=C1C2=CC(=NN2)C=NN3CC(=O)NC3=O)[N+](=O)[O-],O=C1CN(N=Cc2cc(-c3ccc([N+](=O)[O-])cc3)[nH]n2)C(=O)N1,NWPDPAYJDNSCKY-UHFFFAOYSA-N,1,LiverTox A,muscle relaxant with hepatic injury
Nilutamide,CC1(C(=O)N(C(=O)N1C2=CC(=C(C=C2)[N+](=O)[O-])C(F)(F)F)C)C,CN1C(=O)N(c2ccc([N+](=O)[O-])c(C(F)(F)F)c2)C(C)(C)C1=O,IBRPXAKSIIBNJG-UHFFFAOYSA-N,1,LiverTox A,antiandrogen with severe hepatitis
Enzalutamide,CC1(C(=O)N(C(=S)N1C2=CC(=C(C=C2)C#N)F)C3=CC(=C(C=C3)C(=O)NC)F)C,CNC(=O)c1ccc(N2C(=O)C(C)(C)N(c3ccc(C#N)c(F)c3)C2=S)cc1F,KKILHEVCZWFBDV-UHFFFAOYSA-N,1,LiverTox B,antiandrogen with hepatic events
Apalutamide,CC1(C(=O)N(C(=S)N1C2=CC(=C(C=N2)C#N)F)C3=CC(=NC(=C3)F)C(=O)NC)C,CNC(=O)c1cc(N2C(=O)C(C)(C)N(c3cc(F)c(C#N)cn3)C2=S)cc(F)n1,LLNXRKODABDYMZ-UHFFFAOYSA-N,1,LiverTox B,antiandrogen with hepatic events
Tolvaptan,CC1=CC=CC=C1C(=O)NC2=CC=C(C=C2)C(=O)N3CCCCC4=C3C=CC(=C4O)Cl,Cc1ccccc1C(=O)Nc1ccc(C(=O)N2CCCCc3c2ccc(Cl)c3O)cc1,MTKNNJGTINVXKR-UHFFFAOYSA-N,1,LiverTox A,vasopressin antagonist with severe hepatic injury
Aliskiren,CC(C)C(C(=O)NCC(C)(C)C(=O)N)NC(=O)C(CC1=CC(=C(C=C1)OC)OCCCOC)CC(C(C(C)C)O)N,COCCCOc1cc(CC(CC(N)C(O)C(C)C)C(=O)NC(C(=O)NCC(C)(C)C(N)=O)C(C)C)ccc1OC,CXZPAVMLDDCMJF-UHFFFAOYSA-N,1,LiverTox D,renin inhibitor with possible hepatic injury
Mipomersen,CC1=CN(C(=O)NC1=O)C2CC(C(O2)COP(=S)(O)OC3CC(OC3COP(=S)(O)O)N4C=NC5=C4N=CN=C5N)O,Cc1cn(C2CC(O)C(COP(O)(=S)OC3CC(n4cnc5c(N)ncnc54)OC3COP(O)(O)=S)O2)c(=O)[nH]c1=O,JZKDYGBRLRBMAJ-UHFFFAOYSA-N,1,LiverTox B,antisense oligonucleotide with hepatic steatosis
Lomitapide,C1CCN(CC1)CC2=CC=C(C=C2)CCCCC3(CCCCN3C(=O)NC4=CC=C(C=C4)C(F)(F)F)C(=O)NCC(F)(F)F,O=C(Nc1ccc(C(F)(F)F)cc1)N1CCCCC1(CCCCc1ccc(CN2CCCCC2)cc1)C(=O)NCC(F)(F)F,JWCFEAODLXWALK-UHFFFAOYSA-N,1,LiverTox B,MTP inhibitor with hepatic steatosis
Eltrombopag,CC1=CC(=C(C=C1C2=NNC(=O)/C2=N\NC3=CC(=C(C=C3)O)C(=O)O)C)C,Cc1cc(C)c(C2=NNC(=O)/C2=N\Nc2ccc(O)c(C(=O)O)c2)cc1C,YKTNBQQRUBDKQZ-UHFFFAOYSA-N,1,LiverTox B,TPO receptor agonist with hepatic injury
Avatrombopag,CC1(CCC1)C2=NC(=NC=C2)C3=CC=C(C=C3)C4=NC(=CS4)C5CCN(CC5)C6CCCCC6,CC1(c2ccnc(-c3ccc(-c4nc(C5CCN(C6CCCCC6)CC5)cs4)cc3)n2)CCC1,HAPUOTKWKVTPGW-UHFFFAOYSA-N,1,LiverTox C,TPO mimetic with mild hepatic events
Lopinavir,CC1=CC=CC=C1OCC(=O)NC(C(CC2=CC=CC=C2)NC(=O)C(C(C)C)NC(=O)N3CCCNC3=O)CC4=CC=CC=C4,Cc1ccccc1OCC(=O)NC(Cc1ccccc1)C(Cc1ccccc1)NC(=O)C(NC(=O)N1CCCNC1=O)C(C)C,DTHGUOZMQHSWDH-UHFFFAOYSA-N,1,LiverTox B,protease inhibitor with hepatic injury
Tipranavir,CCCCC(CCC)(C1=CC(=CC=C1)NS(=O)(=O)C2=NC=C(C=C2)C(F)(F)F)C3=C(CC(O3)C(=O)O)CC4=CC=CC=C4,CCCCC(CCC)(C1=C(Cc2ccccc2)CC(C(=O)O)O1)c1cccc(NS(=O)(=O)c2ccc(C(F)(F)F)cn2)c1,RESXYHUZIOLFCP-UHFFFAOYSA-N,1,LiverTox A,"protease inhibitor, boxed warning hepatic"
Bosutinib,CN(C)CCCOC1=C(C=C2C(=C1)C(=NC=N2)NC3=CC(=C(C=C3Cl)Cl)OC)C#N,COc1cc(Nc2ncnc3cc(C#N)c(OCCCN(C)C)cc23)c(Cl)cc1Cl,CYHIHKRXSOPYHO-UHFFFAOYSA-N,1,LiverTox B,Bcr-Abl TKI with hepatic injury
Dasatinib,CC1=NC(=C(C(=N1)NC2=NC=C(S2)C(=O)NC3=C(C=CC=C3C)Cl)NC4=NC=CS4)N5CCN(CC5)CCO,Cc1nc(Nc2ncc(C(=O)Nc3c(C)cccc3Cl)s2)c(Nc2nccs2)c(N2CCN(CCO)CC2)n1,DPGNPMXIPUWVQY-UHFFFAOYSA-N,1,LiverTox B,TKI with hepatic injury
Nilotinib,CC1=C(C=C(C=C1)NC(=O)C2=CC(=CN=C2)C3=CN=CC=C3)NC4=NC=CC(=N4)C5=CC(=CC=C5)C(F)(F)F,Cc1ccc(NC(=O)c2cncc(-c3cccnc3)c2)cc1Nc1nccc(-c2cccc(C(F)(F)F)c2)n1,IPDXLNCFEZXULX-UHFFFAOYSA-N,1,LiverTox B,TKI with hepatic injury
Ketoconazole,CC(=O)N1CCN(CC1)C2=CC=C(C=C2)OCC3COC(O3)(CN4C=CN=C4)C5=CC=C(C=C5)Cl,CC(=O)N1CCN(c2ccc(OCC3COC(Cn4ccnc4)(c4ccc(Cl)cc4)O3)cc2)CC1,DOZXGQAVVNJTKT-UHFFFAOYSA-N,1,LiverTox A,azole antifungal with severe hepatic injury
Voriconazole,CC(C1=NC=NC=C1F)C(C2=C(C=C(C=C2F)F)F)(CN3C=NC=N3)O,CC(c1ncncc1F)C(O)(Cn1cncn1)c1c(F)cc(F)cc1F,JTLDFQHOZJYXBP-UHFFFAOYSA-N,1,LiverTox A,antifungal with hepatic injury
Terbinafine,CC(C)(C)C#CCN(C)CC=CC1=CC=CC2=CC=CC=C21,CN(CC#CC(C)(C)C)CC=Cc1cccc2ccccc12,GRFYVQCTKJFKND-UHFFFAOYSA-N,1,LiverTox A,antifungal with cholestatic hepatitis
Griseofulvin,CC1CC(=O)C=C(C1(C2=C(C(=O)C=C(O2)C)Cl)OC)OC,COC1=CC(=O)CC(C)C1(OC)c1oc(C)cc(=O)c1Cl,SSXUUUDVWLFQNP-UHFFFAOYSA-N,1,LiverTox C,antifungal with hepatic injury
Minocycline,CN(C)C1=CC(=C2CC3CC4=C(C(=C(C=C4)O)C(=O)C3=C(C2=C1O)O)O)N(C)C,CN(C)c1cc(N(C)C)c2c(c1O)C(O)=C1C(=O)c3c(O)ccc(c3O)CC1C2,HBKUHTOCZGINFL-UHFFFAOYSA-N,1,LiverTox A,tetracycline with autoimmune hepatitis
Erythromycin estolate,CCC1C(C(C(C(=O)C(CC(C(C(C(C(C(=O)O1)C)OC2CC(C(C(O2)C)O)(C)OC(=O)CCC(=O)O)C)OC3C(C(CC(O3)C)N(C)C)OC(=O)CCC(=O)O)(C)O)C)C)O)(C)O,CCC1OC(=O)C(C)C(OC2CC(C)(OC(=O)CCC(=O)O)C(O)C(C)O2)C(C)C(OC2OC(C)CC(N(C)C)C2OC(=O)CCC(=O)O)C(C)(O)CC(C)C(=O)C(C)C(O)C1(C)O,VXWHKQVACSOFQE-UHFFFAOYSA-N,1,LiverTox A,macrolide ester with cholestatic injury
Sevoflurane,C(C(F)(F)F)(F)OCF,FCOC(F)C(F)(F)F,XDFJJLSCPQLSBD-UHFFFAOYSA-N,1,LiverTox B,anesthetic with hepatic injury
Allopurinol,C1=NNC2=C1N=CN=C2O,Oc1ncnc2cn[nH]c12,JFZSDNLQDTYVEE-UHFFFAOYSA-N,1,LiverTox A,"xanthine oxidase inhibitor, DRESS-hepatitis"
Sulfasalazine,C1=CC(=CC=C1N=NC2=C(C=C(C=C2)C(=O)O)O)S(=O)(=O)NC3=CC=CC=N3,O=C(O)c1ccc(N=Nc2ccc(S(=O)(=O)Nc3ccccn3)cc2)c(O)c1,FLPSTLOQVMDJAQ-UHFFFAOYSA-N,1,LiverTox A,sulfa drug with hepatic injury
Azathioprine,CN1C=NC2=C1N=CN=C2SC3=NC=NN3C(=O)O.N,Cn1cnc2c(Sc3ncnn3C(=O)O)ncnc21.N,MQPABZICJQYCDK-UHFFFAOYSA-N,1,LiverTox B,immunosuppressant with hepatic injury
Cyclophosphamide,C1CCNP(=O)(OC1)N(CCCl)CCCl,O=P1(N(CCCl)CCCl)NCCCCO1,VTLAANPLIFGAFQ-UHFFFAOYSA-N,1,LiverTox B,alkylator with VOD/SOS
Dacarbazine,CN(C)N=NC1=NC=NC2=C1N=CN2,CN(C)N=Nc1ncnc2[nH]cnc12,ZCSGIIBBZKPOCN-UHFFFAOYSA-N,1,LiverTox B,alkylator with hepatic VOD
Raloxifene,C1=CC(=CC=C1C2=C(C3=CC(=CC=C3S2)O)C(=O)C4=CC=C(C=C4)OCCN5CCCCC5)O,O=C(c1ccc(OCCN2CCCCC2)cc1)c1c(-c2ccc(O)cc2)sc2ccc(O)cc12,DZRXWLPTGRQBHC-UHFFFAOYSA-N,1,LiverTox C,SERM with hepatic injury
Toremifene,CCC(=C(C1=CC=CC=C1)C2=CC=C(C=C2)OCCN(C)C)CCCl,CCC(CCCl)=C(c1ccccc1)c1ccc(OCCN(C)C)cc1,TURZSXCHKNYXLO-UHFFFAOYSA-N,1,LiverTox C,SERM with hepatic injury
Anabolic steroid stanozolol,CC12CCC3C(C1CCC2(C)O)CCC4=C3C=NN4,CC1(O)CCC2C3CCc4[nH]ncc4C3CCC21C,GUCIEQCAEOJNBG-UHFFFAOYSA-N,1,LiverTox A,anabolic steroid with peliosis hepatis
Oxandrolone,CC12CCC3C(C1CCC2(C)O)CCC4(C3CC(=O)OC4)C,CC12CCC3C(CCC4(C)C3CCC4(C)O)C1CC(=O)OC2,CZINCXRTAYLEKT-UHFFFAOYSA-N,1,LiverTox A,anabolic steroid with hepatotoxicity
Danazol,CC12CCC3C(C1CCC2(C#C)O)CC4=C3C=NO4,C#CC1(O)CCC2C3Cc4oncc4C3CCC21C,CYFAHEZJHMKCKV-UHFFFAOYSA-N,1,LiverTox B,androgen with hepatic injury
Cyproterone,CC12CCC3C(C1CCC2(C(=O)C)OC(=O)C)CC4=CC(=O)C5CC5C4=C3Cl,CC(=O)OC1(C(C)=O)CCC2C3CC4=CC(=O)C5CC5C4=C(Cl)C3CCC21C,FKLCWRNELWWCSD-UHFFFAOYSA-N,1,LiverTox A,antiandrogen with fulminant hepatitis
Dabrafenib,CC(C)(C)C1=NC(=C(S1)C2=NC(=NC=C2)N)C3=C(C(=CC=C3)F)F.NS(=O)(=O)C4=C(C=CC=C4F)F,CC(C)(C)c1nc(-c2cccc(F)c2F)c(-c2ccnc(N)n2)s1.NS(=O)(=O)c1c(F)cccc1F,BWNHLCGBMMTSRX-UHFFFAOYSA-N,1,LiverTox B,BRAF inhibitor with hepatic injury
Trametinib,CC1=C2C(=O)N(C(=O)N(C2=NC(=C1)NC3=CC=C(C=C3I)F)C)C4CC4C(=O)NC,CNC(=O)C1CC1n1c(=O)c2c(C)cc(Nc3ccc(F)cc3I)nc2n(C)c1=O,ZZAIDMBMBQOMFP-UHFFFAOYSA-N,1,LiverTox B,MEK inhibitor with hepatic injury
Niraparib,C1CC(CNC1)C2=CC=C(C=C2)C3=CC=CC4=C3C=NN4C(=O)N,NC(=O)n1ncc2c(-c3ccc(C4CCCNC4)cc3)cccc21,GFUITZNEIIOUCT-UHFFFAOYSA-N,1,LiverTox B,PARP inhibitor with hepatic events
Olaparib,C1CC1C(=O)N2CCN(CC2)C(=O)C3=CC=C(C=C3F)CC4=NNC(=O)C5=CC=CC=C54,O=C(c1ccc(Cc2n[nH]c(=O)c3ccccc23)cc1F)N1CCN(C(=O)C2CC2)CC1,HUTZIPRGMCJLQS-UHFFFAOYSA-N,1,LiverTox B,PARP inhibitor with hepatic events
Rucaparib,CNCC1=CC=C(C=C1)C2=CC3=C(C=C2)C(=O)NCCC3=C4N=CC=C4F,CNCc1ccc(-c2ccc3c(c2)C(=C2N=CC=C2F)CCNC3=O)cc1,KANLDMGHIYFEPL-UHFFFAOYSA-N,1,LiverTox C,PARP inhibitor with hepatic injury
Vismodegib,CS(=O)(=O)C1=CC=C(C=C1)NC(=O)C2=CC(=C(C=C2)Cl)C3=CC=CC=N3,CS(=O)(=O)c1ccc(NC(=O)c2ccc(Cl)c(-c3ccccn3)c2)cc1,BZWRTXWTUBBZTG-UHFFFAOYSA-N,1,LiverTox C,hedgehog inhibitor with hepatic injury
Sonidegib,CC1=CC=C(C=C1)NC(=O)C2=C(C=CC(=C2)C3=CC=C(C=C3)N4CCOCC4)OC,COc1ccc(-c2ccc(N3CCOCC3)cc2)cc1C(=O)Nc1ccc(C)cc1,XKCUYEQVHPNHKO-UHFFFAOYSA-N,1,LiverTox C,hedgehog inhibitor with hepatic events
Tofacitinib,CC(CC1CCN(CC1)C(C2CC2)C#N)NC3=NC=NC4=C3C=CN4,CC(CC1CCN(C(C#N)C2CC2)CC1)Nc1ncnc2[nH]ccc12,ZHXVUTQBGOOBEI-UHFFFAOYSA-N,1,LiverTox C,JAK inhibitor with hepatic events
Loratadine,CCOC(=O)N1CCC(=C2C3=CC=CC=C3CCC4=C2N=CC=C4)CC1,CCOC(=O)N1CCC(=C2c3ccccc3CCc3cccnc32)CC1,YVMQUVFVYIFGLY-UHFFFAOYSA-N,0,LiverTox E,"antihistamine, very rare hepatic injury"
Desloratadine,C1CC2=C(C=CC=N2)C(=C3CCNCC3)C4=C1C=C(C=C4)Cl,Clc1ccc2c(c1)CCc1ncccc1C2=C1CCNCC1,OYKLOPBKHIQSMT-UHFFFAOYSA-N,0,LiverTox E,"antihistamine, well-documented safe"
Levocetirizine,C1CN(CCN1CCOCC(=O)O)[C@@H](C2=CC=CC=C2)C3=CC=C(C=C3)Cl,O=C(O)COCCN1CCN([C@@H](c2ccccc2)c2ccc(Cl)cc2)CC1,ZKLPARSLTMPFCP-NRFANRHFSA-N,0,LiverTox E,active enantiomer of cetirizine
Bilastine,CC(C)(C)C1=NC2=CC=CC=C2N1CCCCN3CCC(CC3)C4=NC5=CC=CC=C5N4,CC(C)(C)c1nc2ccccc2n1CCCCN1CCC(c2nc3ccccc3[nH]2)CC1,HKHHOTOSNKLETC-UHFFFAOYSA-N,0,LiverTox E,"non-sedating antihistamine, hepatically safe"
Rupatadine,CC1=CC2=C(C=N1)CCC3=CC(=CC=C3C2=C4CCN(CC4)CC5=CC=CN=C5)Cl,Cc1cc2c(cn1)CCc1cc(Cl)ccc1C2=C1CCN(Cc2cccnc2)CC1,JBUAGOZDTANDNC-UHFFFAOYSA-N,0,LiverTox E,"antihistamine PAF antagonist, safe"
Brivaracetam,CCCC1CN(C(C1)C(=O)N)C(CC)C(=O)N,CCCC1CC(C(N)=O)N(C(CC)C(N)=O)C1,YOLDZLXXLYVNQG-UHFFFAOYSA-N,0,LiverTox E,"newer analog of levetiracetam, safe"
Topiramate,CC1(C)OC2C3OS(=O)(=O)NC3OC2OC1(C)C,CC1(C)OC2OC3NS(=O)(=O)OC3C2OC1(C)C,REHDZOGKMQWSQV-UHFFFAOYSA-N,0,LiverTox D,"antiepileptic, rare hepatic injury"
Zonisamide,C1=CC=C2C(=C1)C=NC(=N2)CS(=O)(=O)N,NS(=O)(=O)Cc1ncc2ccccc2n1,KHCCLHVOPZELEO-UHFFFAOYSA-N,0,LiverTox D,"antiepileptic, rare hepatic injury"
Perampanel,C1=CC=C(C=C1)C2=CC=CC(=N2)C3=CC(=C(C=C3C#N)C4=CC=CC=N4)O,N#Cc1cc(-c2ccccn2)c(O)cc1-c1cccc(-c2ccccc2)n1,JPBWGYDKSFMASA-UHFFFAOYSA-N,0,LiverTox E,"AMPA antagonist, safe"
Vilazodone,C1=CC2=C(C=C1C(=O)N)C(=CC(=N2)C)C3=CC=C(C=C3)N4CCN(CC4)CCCNC5=CC=C6C=CC=CC6=N5,Cc1cc(-c2ccc(N3CCN(CCCNc4ccc5ccccc5n4)CC3)cc2)c2cc(C(N)=O)ccc2n1,GDTBEMUGTIGNJX-UHFFFAOYSA-N,0,LiverTox D,"newer antidepressant, rare hepatic injury"
Olmesartan,CCCC1=NC(=C(N1CC2=CC=C(C=C2)C3=CC=CC=C3C4=NN=NN4)C(=O)OC(C)C5=CC=CC=C5)C(C)(C)O,CCCc1nc(C(C)(C)O)c(C(=O)OC(C)c2ccccc2)n1Cc1ccc(-c2ccccc2-c2nnn[nH]2)cc1,AILHAFDCJBCJTH-UHFFFAOYSA-N,0,LiverTox E,"ARB, well-tolerated"
Azilsartan,CCOC(=O)C1=NC2=CC=CC=C2N1CC3=CC=C(C=C3)C4=CC=CC=C4C5=NOC(=N5)O,CCOC(=O)c1nc2ccccc2n1Cc1ccc(-c2ccccc2-c2noc(O)n2)cc1,VYMOTMGQVOLJCZ-UHFFFAOYSA-N,0,LiverTox E,"ARB, safe"
Sacubitril,CCC(C)(CC(C1=CC=C(C=C1)C2=CC=CC=C2)NC(=O)CCC(=O)O)C(=O)OCC,CCOC(=O)C(C)(CC)CC(NC(=O)CCC(=O)O)c1ccc(-c2ccccc2)cc1,JKNJMMJZRRIRDJ-UHFFFAOYSA-N,0,LiverTox E,"neprilysin inhibitor, safe"
Ivabradine,CCN(CCCCC1CCC2=CC(=C(C=C2C1)OC)OC)CC3=CC4=C(C=C3OC)CC(=O)N4C,CCN(CCCCC1CCc2cc(OC)c(OC)cc2C1)Cc1cc2c(cc1OC)CC(=O)N2C,KNIMHNJEKOJIKB-UHFFFAOYSA-N,0,LiverTox E,"If channel inhibitor, safe"
Vardenafil,CCCC1=NC(=C2N1NC(=NC2=O)C3=CC(=CC=C3OCC)S(=O)(=O)N4CCN(CC4C)CC)C,CCCc1nc(C)c2c(=O)nc(-c3cc(S(=O)(=O)N4CCN(CC)CC4C)ccc3OCC)[nH]n12,MQEKYAIFSAAMCG-UHFFFAOYSA-N,0,LiverTox D,"PDE5 inhibitor, rare hepatic injury"
Avanafil,COC1=C(C=CC(=C1)CNC2=C(C=NC(=N2)CN3CCC(C3)O)C(=O)NCC4=CN=CC=C4)Cl,COc1cc(CNc2nc(CN3CCC(O)C3)ncc2C(=O)NCc2cccnc2)ccc1Cl,PBHJYWVCZXDFFX-UHFFFAOYSA-N,0,LiverTox E,"PDE5 inhibitor, safe"
Riociguat,CN(C(=O)OC)C1=C(N)N=C(N=C1N)C2=NN(CC3=CC=CC=C3F)C4=CC=CC=C24,COC(=O)N(C)c1c(N)nc(-c2nn(Cc3ccccc3F)c3ccccc23)nc1N,CZSMFPRSDALXGM-UHFFFAOYSA-N,0,LiverTox E,"sGC stimulator, safe"
Dapagliflozin,CCOC1=C(C=C(C=C1)CC2=CC=C(C=C2)C3C(C(C(C(O3)CO)O)O)O)Cl,CCOc1ccc(Cc2ccc(C3OC(CO)C(O)C(O)C3O)cc2)cc1Cl,QSKXFIFSXXCUEQ-UHFFFAOYSA-N,0,LiverTox E,"SGLT2 inhibitor, safe"
Empagliflozin,CC1CCOC1OC2=C(C=C(C=C2)CC3=CC=C(C=C3)C4C(C(C(C(O4)CO)O)O)O)Cl,CC1CCOC1Oc1ccc(Cc2ccc(C3OC(CO)C(O)C(O)C3O)cc2)cc1Cl,LKGZVXHFHKMPML-UHFFFAOYSA-N,0,LiverTox E,"SGLT2 inhibitor, safe"
Canagliflozin,CC1=C(C=C(C=C1)CC2=CC=C(C=C2)C3C(C(C(C(O3)CO)O)O)O)C4=CC=C(S4)F,Cc1ccc(Cc2ccc(C3OC(CO)C(O)C(O)C3O)cc2)cc1-c1ccc(F)s1,RSUPGIRTPLTFNI-UHFFFAOYSA-N,0,LiverTox D,"SGLT2 inhibitor, rare hepatic events"
Ertugliflozin,CC1(C(C(C(C(O1)(CO)O)O)O)C2=CC(=C(C=C2)CC3=CC=C(C=C3)OCC)Cl)C4CCC(O4)CC,CCOc1ccc(Cc2ccc(C3C(O)C(O)C(O)(CO)OC3(C)C3CCC(CC)O3)cc2Cl)cc1,UNFUCERTADMGAD-UHFFFAOYSA-N,0,LiverTox E,"SGLT2 inhibitor, safe"
Linagliptin,CC1=C(C(=O)N(C(=N1)CN2CCC3CCNC3CC2)C)N4C=NC5=CC=CC=C54,Cc1nc(CN2CCC3CCNC3CC2)n(C)c(=O)c1-n1cnc2ccccc21,AIHAJTBYIRSFSW-UHFFFAOYSA-N,0,LiverTox E,"DPP-4 inhibitor, safe"
Saxagliptin,OC12CC3CC(C1)CC(C3)(C2)C(N)C(=O)N4CC5CC5C4C#N,N#CC1C2CC2CN1C(=O)C(N)C12CC3CC(CC(O)(C3)C1)C2,CMQBANQELDVBQJ-UHFFFAOYSA-N,0,LiverTox E,"DPP-4 inhibitor, safe"
Alogliptin,CC1=CC(=CC(=O)N1C)N(CC2=CC=CC=C2C#N)C3CCNC3,Cc1cc(N(Cc2ccccc2C#N)C2CCNC2)cc(=O)n1C,VTXUHNNNNVIKMC-UHFFFAOYSA-N,0,LiverTox D,"DPP-4 inhibitor, rare hepatic events"
Esomeprazole,CC1=CN=C(C(=C1OC)C)C[S@](=O)C2=NC3=C(N2)C=C(C=C3)OC,COc1ccc2nc([S@@](=O)Cc3ncc(C)c(OC)c3C)[nH]c2c1,SUBDBMMJDZJVOS-DEOSSOPVSA-N,0,LiverTox D,"PPI S-isomer, rare hepatic injury"
Lansoprazole,CC1=C(C(=CN=C1)CS(=O)C2=NC3=CC=CC=C3N2)OCC(F)(F)F,Cc1cncc(CS(=O)c2nc3ccccc3[nH]2)c1OCC(F)(F)F,SMLFJYFAFHGNGT-UHFFFAOYSA-N,0,LiverTox D,"PPI, rare hepatic injury"
Pantoprazole,COC1=C(C=CC=N1)CS(=O)C2=NC3=CC=C(C=C3N2)OC(F)F,COc1ncccc1CS(=O)c1nc2ccc(OC(F)F)cc2[nH]1,PRLJISXIOMEAOY-UHFFFAOYSA-N,0,LiverTox D,"PPI, rare hepatic injury"
Rabeprazole,CCOCCCOC1=CC=NC(=C1C)CS(=O)C2=NC3=CC=CC=C3N2,CCOCCCOc1ccnc(CS(=O)c2nc3ccccc3[nH]2)c1C,HXDXJECORYPIPV-UHFFFAOYSA-N,0,LiverTox D,"PPI, rare hepatic injury"
Dexlansoprazole,CC1=C(C(=CN=C1)C[S@](=O)C2=NC3=CC=CC=C3N2)OCC(F)(F)F,Cc1cncc(C[S@](=O)c2nc3ccccc3[nH]2)c1OCC(F)(F)F,SMLFJYFAFHGNGT-VWLOTQADSA-N,0,LiverTox D,"PPI R-isomer, rare hepatic events"
Metformin,CC(=N)N(C)C(=N)N,CC(=N)N(C)C(=N)N,ZEIUHISKPRKMDM-UHFFFAOYSA-N,0,LiverTox E,"biguanide, hepatically safe"
Hydrochlorothiazide,C1=CC2=C(C=C1S(=O)(=O)N)S(=O)(=O)NCN2,NS(=O)(=O)c1ccc2c(c1)S(=O)(=O)NCN2,BFUXUGOZJVHVMR-UHFFFAOYSA-N,0,LiverTox D,"diuretic, rare hepatic injury"
Chlorthalidone,C1=CC2=C(C=C1S(=O)(=O)N)C(=O)NC2(C3=CC=CC=C3)O,NS(=O)(=O)c1ccc2c(c1)C(=O)NC2(O)c1ccccc1,CGJQEDJNJULPAI-UHFFFAOYSA-N,0,LiverTox E,"diuretic, hepatically safe"
Furosemide,NS(=O)(=O)c1cc(Cl)c(NCc2ccco2)cc1C(=O)O,NS(=O)(=O)c1cc(Cl)c(NCc2ccco2)cc1C(=O)O,QXLHGOMGCAHFJR-UHFFFAOYSA-N,0,LiverTox D,"loop diuretic, rare hepatic injury"
Bumetanide,CCCCNC1=CC(=CC(=C1)S(=O)(=O)N)C(=O)O.OC2=CC=CC=C2,CCCCNc1cc(C(=O)O)cc(S(N)(=O)=O)c1.Oc1ccccc1,YPBJGPQGACFSMA-UHFFFAOYSA-N,0,LiverTox E,"loop diuretic, safe"
Spironolactone,CC(=O)SC1CC2=CC(=O)CCC2(C)C3C1C4CCC5(C)CCC(=O)OC54CC3,CC(=O)SC1CC2=CC(=O)CCC2(C)C2CCC34OC(=O)CCC3(C)CCC4C12,MTSVFHNZDWAEKJ-UHFFFAOYSA-N,0,LiverTox C,"aldosterone antagonist, rare hepatic injury"
Eplerenone,CC12CCC3C(C1CCC24CCC(=O)O4)CCC5(C3CC6C5O6)C(=O)OC,COC(=O)C12CCC3C(CCC4(C)C3CCC43CCC(=O)O3)C1CC1OC12,HYCDAHIWDPRWHC-UHFFFAOYSA-N,0,LiverTox E,"aldosterone antagonist, safe"
Finerenone,COC1=CC(=NC(=C1)N)C2=CC=NC(=C2C)C(=O)NC3=CN(C=N3)C,COc1cc(N)nc(-c2ccnc(C(=O)Nc3cn(C)cn3)c2C)c1,RZWUACNBGYFZGX-UHFFFAOYSA-N,0,LiverTox E,"non-steroidal MRA, safe"
Carvedilol,CC(COC1=CC=CC2=C1C3=CC=CC=C3N2)NCCOC4=CC=CC=C4OC,COc1ccccc1OCCNC(C)COc1cccc2[nH]c3ccccc3c12,YYTBFQWPMXAYGH-UHFFFAOYSA-N,0,LiverTox D,"alpha/beta blocker, rare hepatic injury"
Lercanidipine,CCOC(=O)C1=C(NC(=C(C1C2=CC(=CC=C2)[N+](=O)[O-])C(=O)OC(C)(C)CN(C)CCC3=CC=CC=C3)C)C,CCOC(=O)C1=C(C)NC(C)=C(C(=O)OC(C)(C)CN(C)CCc2ccccc2)C1c1cccc([N+](=O)[O-])c1,BJJVYTZIZRJERN-UHFFFAOYSA-N,0,LiverTox E,"CCB, safe"
Felodipine,CC1=C(C(C(=C(N1)C)C(=O)OC)C2=CC(=CC=C2Cl)Cl)C(=O)OCC,CCOC(=O)C1=C(C)NC(C)=C(C(=O)OC)C1c1cc(Cl)ccc1Cl,HIDGDADKDRJXFI-UHFFFAOYSA-N,0,LiverTox D,"CCB, rare hepatic injury"
Moxonidine,CC1=NC(=NC=C1NC2=NCCN2)OC,COc1ncc(NC2=NCCN2)c(C)n1,ZUKYUSCBVYSXFH-UHFFFAOYSA-N,0,LiverTox E,"alpha-2 agonist, safe"
Doxazosin,CC1=NC2=C(C=C(C=C2C(=N1)N)OC)OC.O=C(N3CCN(CC3)C4=NC5=CC(=C(C=C5N=C4N)OC)OC)C6CCCO6,COc1cc(OC)c2nc(C)nc(N)c2c1.COc1cc2nc(N)c(N3CCN(C(=O)C4CCCO4)CC3)nc2cc1OC,GJWWHVGAMFSGMR-UHFFFAOYSA-N,0,LiverTox E,"alpha-1 blocker, safe"
Silodosin,CC(CC1=CC2=C(C=C1)N(CC2)CCCOC3=CC=CC=C3C(=O)N)NCCOC4=C(C=C(C=C4)C(F)(F)F)C(=O)N,CC(Cc1ccc2c(c1)CCN2CCCOc1ccccc1C(N)=O)NCCOc1ccc(C(F)(F)F)cc1C(N)=O,JOZLCZCZCODMND-UHFFFAOYSA-N,0,LiverTox E,"alpha-1 blocker, safe"
Alfuzosin,CC1=NC2=C(C=C(C=C2C(=N1)N)OC)OC.O=C(NCCCN(C)C3=NC4=CC(=C(C=C4N=C3N)OC)OC)C5CCCO5,COc1cc(OC)c2nc(C)nc(N)c2c1.COc1cc2nc(N)c(N(C)CCCNC(=O)C3CCCO3)nc2cc1OC,UZZZXWBOEZVGPR-UHFFFAOYSA-N,0,LiverTox E,"alpha-1 blocker, safe"
Famotidine,C1=C(SC(=N1)N=C(N)N)CSCCC(=NS(=O)(=O)N)N,NC(N)=Nc1ncc(CSCCC(N)=NS(N)(=O)=O)s1,VAGHCKPUSRRCKV-UHFFFAOYSA-N,0,LiverTox E,"H2 blocker, safe"
Nizatidine,CC(=NS(=O)(=O)N)NCCSCC1=CC=C(S1)CN(C)C,CC(=NS(N)(=O)=O)NCCSCc1ccc(CN(C)C)s1,HEQLVOJCJWJSJJ-UHFFFAOYSA-N,0,LiverTox E,"H2 blocker, safe"
Roxatidine,CC(=O)OCCNC(=O)CCOC1=CC(=CC=C1)CN2CCCCC2,CC(=O)OCCNC(=O)CCOc1cccc(CN2CCCCC2)c1,QCDGURWDRWGDEH-UHFFFAOYSA-N,0,LiverTox E,"H2 blocker, safe"
Granisetron,CC1=NN(C2=CC=CC=C21)C(=O)NC3CC4CCC(C3)N4C,Cc1nn(C(=O)NC2CC3CCC(C2)N3C)c2ccccc12,XDVXLZSITIVREO-UHFFFAOYSA-N,0,LiverTox E,"5-HT3 antagonist, safe"
Palonosetron,C1CC2(CCC1N3C=C4CCCCC4=C3C2=O)C5CCN6CCCC6C5,O=C1c2c3c(cn2C2CCC1(C1CCN4CCCC4C1)CC2)CCCC3,ZWZISFMNFFXHCC-UHFFFAOYSA-N,0,LiverTox E,"5-HT3 antagonist, safe"
Cinitapride,CCOC1=C(C=C(C=C1OC)C(=O)NC2CCN(CC2)CCC=C)N,C=CCCN1CCC(NC(=O)c2cc(N)c(OCC)c(OC)c2)CC1,JDDDUCFSFWGPIB-UHFFFAOYSA-N,0,LiverTox E,"prokinetic, safe"
Mosapride,CCN1CCN(CC1)CCNC(=O)C2=C(C=C(C=C2OCC3=CC(=C(C=C3)Cl)F)N)OC,CCN1CCN(CCNC(=O)c2c(OC)cc(N)cc2OCc2ccc(Cl)c(F)c2)CC1,YGJIYEBTHDCHHS-UHFFFAOYSA-N,0,LiverTox E,"prokinetic, safe"
Domperidone,C1=CC=C2C(=C1)NC(=O)N2C3CCN(CC3)CCCN4C=CC5=C4C=CC(=C5)Cl,O=c1[nH]c2ccccc2n1C1CCN(CCCn2ccc3cc(Cl)ccc32)CC1,MIYUFEQJKXFPNK-UHFFFAOYSA-N,0,LiverTox E,"prokinetic, safe"
Loperamide,CC(C)(C(=O)N(C)C)C(C1=CC=CC=C1)(C2=CC=CC=C2)CCN3CCC(CC3)(C4=CC=C(C=C4)Cl)O,CN(C)C(=O)C(C)(C)C(CCN1CCC(O)(c2ccc(Cl)cc2)CC1)(c1ccccc1)c1ccccc1,KTJSUEKIMVFBJQ-UHFFFAOYSA-N,0,LiverTox E,"antidiarrheal, safe"
Lubiprostone,CCCCCC1(CCCCCCC(=O)O)CC(C2(C1CC(C2)=O)O)O,CCCCCC1(CCCCCCC(=O)O)CC(O)C2(O)CC(=O)CC12,UVHBSCMLHFRMRS-UHFFFAOYSA-N,0,LiverTox E,"ClC-2 activator, safe"
Eluxadoline,CC(C1=CC=CC=C1OC)NC(=O)C2=CC=CC(=C2)CN(CC3=CC=C(C=C3)C(=O)O)C(=O)C4=NC=C(N4)C,COc1ccccc1C(C)NC(=O)c1cccc(CN(Cc2ccc(C(=O)O)cc2)C(=O)c2ncc(C)[nH]2)c1,CTCIOQSOQLRGJB-UHFFFAOYSA-N,0,LiverTox E,"mu agonist/delta antagonist, safe"
Drospirenone,CC12CCC3C(C1CC4C25CC5C(=O)O4)CCC6=CC(=O)CCC36C,CC12CCC(=O)C=C1CCC1C2CCC2(C)C1CC1OC(=O)C3CC132,ILZDHZYANUXYGE-UHFFFAOYSA-N,0,LiverTox E,"progestin, safe at OC doses"
Medroxyprogesterone,CC(=O)C1(CCC2C1(CC(C3C2CCC4=CC(=O)CCC34C)C)C)OC(=O)C,CC(=O)OC1(C(C)=O)CCC2C3CCC4=CC(=O)CCC4(C)C3C(C)CC21C,JEKURCPEKNALBY-UHFFFAOYSA-N,0,LiverTox E,"synthetic progestin, safe"
Prednisone,CC12CC(C3(C(C1CCC2(C(=O)CO)O)CCC4=CC(=O)C=CC43C)F)O,CC12C=CC(=O)C=C1CCC1C3CCC(O)(C(=O)CO)C3(C)CC(O)C12F,WAIJIHDWAKJCBX-UHFFFAOYSA-N,0,LiverTox B,"glucocorticoid, rare hepatic injury at high doses"
Triamcinolone,CC12CC(C3(C(C1(CC(C2(C(=O)CO)O)O)C)CCC4=CC(=O)C=CC43C)F)O,CC12C=CC(=O)C=C1CCC1C3(C)CC(O)C(O)(C(=O)CO)C3(C)CC(O)C12F,AWDAMFSSEWUSGK-UHFFFAOYSA-N,0,LiverTox E,"glucocorticoid, safe at typical doses"
Levocarnitine,CC(C[N+](C)(C)C)CC(=O)[O-],CC(CC(=O)[O-])C[N+](C)(C)C,WPFHMRDMNFSOLO-UHFFFAOYSA-N,0,LiverTox E,"carnitine supplement, safe"
Neostigmine,CC[N+](C)(C)C1=CC=CC(=C1)OC(=O)N(C)C,CC[N+](C)(C)c1cccc(OC(=O)N(C)C)c1,LJRCDGVTPMEACV-UHFFFAOYSA-N,0,LiverTox E,"ACh esterase inhibitor, safe"
Galantamine,CN1CCC23C=CC(CC2OC4=C3C1=CC(=C4)OC)O,COc1cc2c3c(c1)N(C)CCC31C=CC(O)CC1O2,WECKEJPRUYARQH-UHFFFAOYSA-N,0,LiverTox E,"AChE inhibitor, safe"
Memantine,CC12CC3CC(C1)CC(C3)(C2)N,CC12CC3CC(C1)CC(N)(C3)C2,MWMFMCTUGUZSJJ-UHFFFAOYSA-N,0,LiverTox E,"NMDA antagonist, safe"
Cefepime,CO/N=C(/C(=O)NC1C2SCC(C[N+]3(C)CCCC3)=C(C(=O)[O-])N2C1=O)c1csc(N)n1,CO/N=C(/C(=O)NC1C(=O)N2C(C(=O)[O-])=C(C[N+]3(C)CCCC3)CSC12)c1csc(N)n1,HVFLCNVBZFFHBT-FSJBWODESA-N,0,LiverTox D,"fourth-gen cephalosporin, rare"
Ceftriaxone,CO/N=C(/C(=O)NC1C2SCC(CSc3nc(=O)c(=O)[nH]n3C)=C(C(=O)O)N2C1=O)c1csc(N)n1,CO/N=C(/C(=O)NC1C(=O)N2C(C(=O)O)=C(CSc3nc(=O)c(=O)[nH]n3C)CSC12)c1csc(N)n1,VAAUVRVFOQPIGI-KTZMUZOWSA-N,0,LiverTox D,"third-gen cephalosporin, mostly safe"
Doxycycline,CC1C2=C(C3=C(C(=C1O)O)C(=O)C(=C(C3=O)O)C(=O)N)C(=CC=C2O)O.N(C)C,CC1C(O)=C(O)C2=C(C(=O)C(O)=C(C(N)=O)C2=O)c2c(O)ccc(O)c21.CNC,JIIHYARRZCLLPH-UHFFFAOYSA-N,0,LiverTox C,"tetracycline, rare hepatic injury"
Azithromycin,CCC1C(C(C(N(CC(CC(C(C(C(C(C(=O)O1)C)OC2CC(C(C(O2)C)O)(C)OC)C)OC3C(C(CC(O3)C)N(C)C)O)(C)O)C)C)C)(C)O)C,CCC1OC(=O)C(C)C(OC2CC(C)(OC)C(O)C(C)O2)C(C)C(OC2OC(C)CC(N(C)C)C2O)C(C)(O)CC(C)CN(C)C(C)C(C)(O)C1C,IQXYXKJVWWKIDV-UHFFFAOYSA-N,0,LiverTox C,"macrolide, rare hepatic injury"
Clarithromycin,CCC1C(C(C(C(=O)C(CC(C(C(C(C(C(=O)O1)C)OC2CC(C(C(O2)C)O)(C)OC)C)OC3C(C(CC(O3)C)N(C)C)O)(C)O)C)C)(OC)C)C,CCC1OC(=O)C(C)C(OC2CC(C)(OC)C(O)C(C)O2)C(C)C(OC2OC(C)CC(N(C)C)C2O)C(C)(O)CC(C)C(=O)C(C)C(C)(OC)C1C,HMELXZBEZFZSDN-UHFFFAOYSA-N,0,LiverTox B,"macrolide, rare hepatic injury"
Acalabrutinib,CC#Cc1cnc(C(=O)N[C@@H]2CCCN2C(=O)C(C)C)c2c1[nH]c(-c1ccc(C(=O)NC)cc1)n2,CC#Cc1cnc(C(=O)N[C@@H]2CCCN2C(=O)C(C)C)c2nc(-c3ccc(C(=O)NC)cc3)[nH]c12,QBCWDPITBWLVPP-IBGZPJMESA-N,1,LiverTox C,BTK inhibitor with hepatic events
Zanubrutinib,C=CC(=O)N1CCC[C@@H](n2nc(-c3ccc(Oc4ccccc4)cc3)c3c(N)ncnc32)C1C(N)=O,C=CC(=O)N1CCC[C@@H](n2nc(-c3ccc(Oc4ccccc4)cc3)c3c(N)ncnc32)C1C(N)=O,NKIFJBNMAIPZFJ-HWYAHNCWSA-N,1,LiverTox C,BTK inhibitor with hepatic events
Ibrutinib,C=CC(=O)N1CCC[C@H](n2nc(-c3ccc(Oc4ccccc4)cc3)c3c(N)ncnc32)C1,C=CC(=O)N1CCC[C@H](n2nc(-c3ccc(Oc4ccccc4)cc3)c3c(N)ncnc32)C1,XYFPWWZEPKGCCK-SFHVURJKSA-N,1,LiverTox B,"BTK inhibitor, hepatic injury reported"
Venetoclax,CC1(C)CCC(CN2CCN(c3ccc(C(=O)NS(=O)(=O)c4ccc(NCC5CCOCC5)c([N+](=O)[O-])c4)cc3Oc3cnc4[nH]ccc4c3)CC2)=C(c2ccc(Cl)cc2)C1,CC1(C)CCC(CN2CCN(c3ccc(C(=O)NS(=O)(=O)c4ccc(NCC5CCOCC5)c([N+](=O)[O-])c4)cc3Oc3cnc4[nH]ccc4c3)CC2)=C(c2ccc(Cl)cc2)C1,XGYUZTQLPXMXRD-UHFFFAOYSA-N,1,LiverTox C,BCL2 inhibitor with hepatic events
Ceritinib,CC(C)Oc1cc(Nc2nccc(Nc3ccccc3S(C)(=O)=O)n2)c(C(C)C)cc1C1CCNCC1,CC(C)Oc1cc(Nc2nccc(Nc3ccccc3S(C)(=O)=O)n2)c(C(C)C)cc1C1CCNCC1,CPCUIMRSVZBKRN-UHFFFAOYSA-N,1,LiverTox B,ALK inhibitor with hepatic injury
Alectinib,CCc1cc2c(cc1C(=O)N1CCC(N3CCN(C)CC3)CC1)c1cc(C#N)ccc1n2C,CCc1cc2c(cc1C(=O)N1CCC(N3CCN(C)CC3)CC1)c1cc(C#N)ccc1n2C,MIHBNONISIIDSI-UHFFFAOYSA-N,1,LiverTox B,ALK inhibitor with hepatic injury
Brigatinib,COc1cc(N2CCC(N3CCN(C)CC3)CC2)c(C)cc1Nc1ncc(Cl)c(-c2ccccc2P(C)(C)=O)n1,COc1cc(N2CCC(N3CCN(C)CC3)CC2)c(C)cc1Nc1ncc(Cl)c(-c2ccccc2P(C)(C)=O)n1,RIGZDSMYYRABHJ-UHFFFAOYSA-N,1,LiverTox C,ALK inhibitor with hepatic events
Encorafenib,COC(=O)NC1CC1NS(=O)(=O)c1cccc(F)c1Cn1cc(-c2ncnc(Nc3ccc(Cl)c(C(F)(F)F)c3)n2)c2cccnc12,COC(=O)NC1CC1NS(=O)(=O)c1cccc(F)c1Cn1cc(-c2ncnc(Nc3ccc(Cl)c(C(F)(F)F)c3)n2)c2cccnc21,FYNXIOIQFUBZBQ-UHFFFAOYSA-N,1,LiverTox C,BRAF inhibitor with hepatic events
Binimetinib,OCCONC(=O)c1cc(F)c2c(c1F)NC(Nc1ccc(I)cc1Br)=NC2,O=C(NOCCO)c1cc(F)c2c(c1F)NC(Nc1ccc(I)cc1Br)=NC2,KUSZHPSWTZZKDM-UHFFFAOYSA-N,1,LiverTox C,MEK inhibitor with hepatic events
Selumetinib,CN1C=NC2=C1C(NC1=CC=C(Br)C=C1Cl)=C(F)C=C2C(=O)NOCCO,Cn1cnc2c(C(=O)NOCCO)cc(F)c(Nc3ccc(Br)cc3Cl)c21,OJWHVJLEMOSXEO-UHFFFAOYSA-N,1,LiverTox C,MEK inhibitor with hepatic events
Cobimetinib,OC1(CN2CCC(F)(F)CC2)CC1c1ccc(NC(=O)c2ccc(F)c(I)c2F)cc1F,O=C(Nc1ccc(C2CC2(O)CN2CCC(F)(F)CC2)c(F)c1)c1ccc(F)c(I)c1F,LWGLYGIWRPGNLF-UHFFFAOYSA-N,1,LiverTox B,MEK inhibitor with hepatic injury
Larotrectinib,O=C(c1ccc(F)c(F)c1)N1CCCC1c1ncc(C2CCNCC2)nn1,O=C(c1ccc(F)c(F)c1)N1CCCC1c1ncc(C2CCNCC2)nn1,CUMFWLBJGOTEJP-UHFFFAOYSA-N,1,LiverTox C,TRK inhibitor with hepatic events
Entrectinib,CN(C)C(=O)c1ccc(Cl)cc1NC(=O)c1cc(N2CCOCC2)cc(Oc2ccc(F)cc2)c1,CN(C)C(=O)c1ccc(Cl)cc1NC(=O)c1cc(Oc2ccc(F)cc2)cc(N2CCOCC2)c1,UAKAPTNCZZPTHH-UHFFFAOYSA-N,1,LiverTox C,TRK/ROS1 inhibitor with hepatic events
Tucatinib,Cc1cc(-c2ncnc3[nH]ccc23)nc(Nc2ccc3c(c2)nc(C(C)(C)C)n3C)n1,Cc1cc(-c2ncnc3[nH]ccc23)nc(Nc2ccc3c(c2)nc(C(C)(C)C)n3C)n1,FMRGSUOSAPLLJJ-UHFFFAOYSA-N,1,LiverTox C,HER2 TKI with hepatic injury
Neratinib,Cn1cnc2c1c(/C=C/C(=O)NCC(=O)NC1CCNC1)nc(Nc1ccc(OCc3ccccn3)c(Cl)c1)n2,Cn1cnc2nc(Nc3ccc(OCc4ccccn4)c(Cl)c3)nc(/C=C/C(=O)NCC(=O)NC3CCNC3)c21,RROARKQBNLXHMW-SOFGYWHQSA-N,1,LiverTox C,HER2 TKI with hepatic injury
Tepotinib,CC1=CN(C(=O)C=C1)Cc1ccc(Cn2cnc3c(c2=O)cnc(-c2ccc(CN4CCC(O)(C(F)(F)F)CC4)cc2)c3)cc1,Cc1ccc(=O)n(Cc2ccc(Cn3cnc4cc(-c5ccc(CN6CCC(O)(C(F)(F)F)CC6)cc5)ncc4c3=O)cc2)c1,YKILMCOLPVVCLH-UHFFFAOYSA-N,1,LiverTox C,MET inhibitor with hepatic injury
Capmatinib,Cc1nnc(CSc2cnc(C(N)=O)c3cccc(-c4ccc5ncccc5c4F)c23)n1C,Cc1nnc(CSc2cnc(C(N)=O)c3cccc(-c4ccc5ncccc5c4F)c23)n1C,JHDXNXZGSAXGOV-UHFFFAOYSA-N,1,LiverTox C,MET inhibitor with hepatic injury
Pralsetinib,CC(C)C1=NC=C(C=N1)C1=CC(=NC=N1)NC1=CN(C)N=C1C1CCN(C(=O)C2=CN=CC(F)=C2)CC1,CC(C)c1ncc(-c2cc(Nc3cn(C)nc3C3CCN(C(=O)c4cncc(F)c4)CC3)ncn2)cn1,RDNPTINMYVYHCC-UHFFFAOYSA-N,1,LiverTox C,RET inhibitor with hepatic events
Selpercatinib,COC1=CC2=C(N=CC(C3=CN(C)N=C3)=N2)C(=C1)C(C)(C)O,COc1cc(C(C)(C)O)c2ncc(-c3cnn(C)c3)nc2c1,KUHCESKWNODWCX-UHFFFAOYSA-N,1,LiverTox C,RET inhibitor with hepatic events
Pexidartinib,ClC1=CC2=C(C=C1)N=C(CNC1=NC=C(CC3=CC=NC=C3)C=C1)N2,Clc1ccc2nc(CNc3ccc(Cc4ccncc4)cn3)[nH]c2c1,JAKHOCPEBMDLQY-UHFFFAOYSA-N,1,LiverTox A,"CSF1R inhibitor, boxed warning hepatotoxicity"
Erdafitinib,CCC1=NN(C2=CC=C(N(C)C3=CC=CC(OC)=C3OC)N=C2)C2=CC=NC=C12,CCc1nn(-c2ccc(N(C)c3cccc(OC)c3OC)nc2)c2ccncc12,DCBXVRVVWMZSQV-UHFFFAOYSA-N,1,LiverTox C,FGFR inhibitor with hepatic events
Infigratinib,COC1=CC(NC2=NC=NC3=CC(N4CCN(CC4)CCO)=C(C)C=C23)=CC(OC)=C1Cl,COc1cc(Nc2ncnc3cc(N4CCN(CCO)CC4)c(C)cc23)cc(OC)c1Cl,KNPPJZLHSUOUOQ-UHFFFAOYSA-N,1,LiverTox C,FGFR inhibitor with hepatic injury
Pemigatinib,FC1=C(F)C=C2C(=CC3=CN(C)N=C13)N(C)C(=O)C1=CC2=CC=N1,CN1C(=O)c2cc(ccn2)C2=CC(F)=C(F)c3nn(C)cc3C=C21,OFHUJZQVQBFYAQ-UHFFFAOYSA-N,1,LiverTox C,FGFR inhibitor with hepatic injury
Asciminib,FC1=CC=C(NC2=NC=C(N3C=NC4=CC=CC=C34)C=C2NC(=O)C2=CC=CC(C(F)(F)F)=C2)C=C1Cl,O=C(Nc1cc(-n2cnc3ccccc32)cnc1Nc1ccc(F)c(Cl)c1)c1cccc(C(F)(F)F)c1,TVDOUWZRTZFKPD-UHFFFAOYSA-N,1,LiverTox C,BCR-ABL allosteric inhibitor
Talazoparib,CC1=NN2C(C(C(N(C2=N1)C)C3=CC(=C(C=C3F)F)C4=NNC=C4)F)C5=CC=C(C=C5)F,Cc1nc2n(n1)C(c1ccc(F)cc1)C(F)C(c1cc(-c3cc[nH]n3)c(F)cc1F)N2C,SNUSKILVQFITMU-UHFFFAOYSA-N,1,LiverTox C,PARP inhibitor with hepatic events
Veliparib,CC(C)(C(=O)N1CCNCC1)C2=NC=CC3=C2NC4=CC=CC=C34,CC(C)(C(=O)N1CCNCC1)c1nccc2c1[nH]c1ccccc12,RFCQUSCYXFROCV-UHFFFAOYSA-N,1,LiverTox C,PARP inhibitor with hepatic events
Glasdegib,C1=CC(=CC=C1NC2=CC3=C(N=C2)C(=NN3)C4=NC=CN=C4)C5CCCNC5,c1cnc(-c2n[nH]c3cc(Nc4ccc(C5CCCNC5)cc4)cnc23)cn1,HPPSEQMDCFCRKA-UHFFFAOYSA-N,1,LiverTox C,hedgehog inhibitor with hepatic events
Gilteritinib,CCC1=CC=C(N=C1)C1=NC(NC2CCN(CC2N(CC)CC)C(C)C)=NC(N2CCC(N)(C(N)=O)CC2)=N1,CCc1ccc(-c2nc(NC3CCN(C(C)C)CC3N(CC)CC)nc(N3CCC(N)(C(N)=O)CC3)n2)nc1,ZPGRWKBGYSKZHG-UHFFFAOYSA-N,1,LiverTox C,FLT3 inhibitor with hepatic events
Midostaurin,CC1OC2(O)CC3C4CCC5=C4N(C2C1NC(=O)C1=CC=CC=C1)C1=CC=CC=C1C5=C3C1=C2N(C3=CC=CC=C31)C(=O)N2,CC1OC2(O)CC3C(c4c5n(c6ccccc46)C(=O)N5)=C4C5=C(C3CC5)N(c3ccccc34)C2C1NC(=O)c1ccccc1,SQBZEHPLYOJIGN-UHFFFAOYSA-N,1,LiverTox B,FLT3 inhibitor with hepatic injury
Quizartinib,CC(C)(C)C1=NC(=CC=N1)NC(=O)NC1=CC2=C(C=C1)C=CC(OCCN1CCOCC1)=N2,CC(C)(C)c1nccc(NC(=O)Nc2ccc3ccc(OCCN4CCOCC4)nc3c2)n1,XTUSNLZTERFUDC-UHFFFAOYSA-N,1,LiverTox C,FLT3 inhibitor with hepatic events
Ribociclib,CC(C)N1CC(C)(C)N(C2=CC=C(N=C2)NC2=NC=NC3=CC=CN23)C1=O,CC(C)N1CC(C)(C)N(c2ccc(Nc3ncnc4cccn34)nc2)C1=O,WPPDMQMIPHTCQS-UHFFFAOYSA-N,1,LiverTox B,CDK4/6 inhibitor with hepatic injury
Palbociclib,CC(=O)C1=C(C)C2=NC(NC3=CC=C(N=C3)N3CCNCC3)=NC=C2N(C2CCCCC2)C1=O,CC(=O)c1c(C)c2nc(Nc3ccc(N4CCNCC4)nc3)ncc2n(C2CCCCC2)c1=O,JIBWQDRHLHBRLT-UHFFFAOYSA-N,1,LiverTox B,CDK4/6 inhibitor with hepatic injury
Abemaciclib,CCN1CCN(CC2=NC(NC3=NC=C(F)C(C4=CC5=NC(C)=NN5C=C4)=N3)=CC(F)=C2)CC1,CCN1CCN(Cc2cc(F)cc(Nc3ncc(F)c(-c4ccn5nc(C)nc5c4)n3)n2)CC1,MPLHRHIXHBOAJF-UHFFFAOYSA-N,1,LiverTox B,CDK4/6 inhibitor with hepatic injury
Trilaciclib,OC1CCN(CC1)CC1=NC2=CN3C(=O)N(C4CCCC4)C4=CC=CC=C4N3C2=N1,O=c1n(C2CCCC2)c2ccccc2n2c3nc(CN4CCC(O)CC4)nc-3cn12,WBQODIYLXLMOBQ-UHFFFAOYSA-N,1,LiverTox C,CDK4/6 inhibitor with hepatic events
Romidepsin,C[C@@H]1OC(=O)[C@H](C(C)C)NC(=O)C(=C[C@@H](C)CCC(=O)N[C@H](C(=O)N1)CSSC1=CCC1)NC,CNC1=C[C@@H](C)CCC(=O)N[C@@H](CSSC2=CCC2)C(=O)N[C@H](C)OC(=O)[C@H](C(C)C)NC1=O,KAQMSLQSZHFECF-OFVDUGFESA-N,1,LiverTox B,HDAC inhibitor with hepatic injury
Panobinostat,C[C@H](Cc1ccc(/C=C/C(=O)NO)cc1)NCCc1c[nH]c2ccccc12,C[C@H](Cc1ccc(/C=C/C(=O)NO)cc1)NCCc1c[nH]c2ccccc12,KJGIKORSDVOVPD-SIFUEBAJSA-N,1,LiverTox B,HDAC inhibitor with hepatic injury
Selinexor,CC(=O)N1N=C(C(F)(F)F)C=C1/C=N/NC(=O)c1cc(-c2cc(C(F)(F)F)cnc2)cn1C,CC(=O)n1nc(C(F)(F)F)cc1/C=N/NC(=O)c1cc(-c2cncc(C(F)(F)F)c2)cn1C,ZBNUUANXJAILBA-FLUNURKVSA-N,1,LiverTox C,XPO1 inhibitor with hepatic events
Tafamidis,OC(=O)c1cc2nc(-c3ccc(Cl)cc3Cl)oc2cc1,O=C(O)c1ccc2oc(-c3ccc(Cl)cc3Cl)nc2c1,LOHUSFMBKQLJQS-UHFFFAOYSA-N,1,LiverTox E,"TTR stabilizer, safe profile - actually negative"
Voxilaprevir,CC(C)(C)C(=O)NC1CC1c1n[nH]c(=O)c2cc(C3=Cc4ccccc4C3)cc(C3CC3)c12,CC(C)(C)C(=O)NC1CC1c1n[nH]c(=O)c2cc(C3=Cc4ccccc4C3)cc(C3CC3)c12,VTYSARVVFAGSBL-UHFFFAOYSA-N,1,LiverTox B,HCV protease inhibitor with hepatic events
Glecaprevir,FC1=CC=C(N2C=C(C3=CC=CC4=C3N(C2=O)C(C(=O)NS(=O)(=O)C2CC2)CC4)C(=O)NC)C=C1,CNC(=O)C1=CN(c2ccc(F)cc2)C(=O)N2c3c(cccc31)CCC2C(=O)NS(=O)(=O)C1CC1,JAJZOWKISIDYJK-UHFFFAOYSA-N,1,LiverTox B,HCV protease inhibitor with hepatic events
Ledipasvir,CC(C)C(NC(=O)OC)C(=O)N1CCCC1c1cc(-c2cc3ccc(-c4cc5c(cn4)C(c4ccccc4)N5C(=O)OC)cc3o2)cc(-c2ccc3c(c2)C(F)C4(F)CCC4c2ccccc23)c1,COC(=O)NC(C(=O)N1CCCC1c1cc(-c2ccc3c(c2)C(F)C2(F)CCC2c2ccccc2-3)cc(-c2cc3ccc(-c4cc5c(cn4)C(c4ccccc4)N5C(=O)OC)cc3o2)c1)C(C)C,JZKQOHCJCNBNGW-UHFFFAOYSA-N,1,LiverTox B,HCV NS5A inhibitor
Daclatasvir,CCC1=CC(=CN=C1)C1=CC2=C(C=C1)C1=CC=C(C=C1S2)C1=NC(=CN1)C1CCCN1C(=O)C(NC(=O)OC)C(C)C,CCc1cncc(-c2ccc3c(c2)sc2cc(-c4nc(C5CCCN5C(=O)C(NC(=O)OC)C(C)C)c[nH]4)ccc23)c1,IZAWPPOGFJUYJA-UHFFFAOYSA-N,1,LiverTox B,HCV NS5A inhibitor
Elbasvir,CC(C)C(NC(=O)OC)C(=O)N1CCCC1c1nc(-c2cc3ccc(-c4cc5ccc(-c6[nH]c(C7CCCN7C(=O)C(NC(=O)OC)C(C)C)nc6-c6ccccc6)cc5o4)cc3o2)c[nH]1,COC(=O)NC(C(=O)N1CCCC1c1nc(-c2cc3ccc(-c4cc5ccc(-c6[nH]c(C7CCCN7C(=O)C(NC(=O)OC)C(C)C)nc6-c6ccccc6)cc5o4)cc3o2)c[nH]1)C(C)C,QHYSCLXLBVLZTE-UHFFFAOYSA-N,1,LiverTox B,HCV NS5A inhibitor
Grazoprevir,O=C(NS(=O)(=O)C1CC1)C1CC1(NC(=O)C1CC(Oc2nc3ccc4cc5ccccc5cc4c3cc2)CN1C(=O)C(C(C)(C)C)NC(=O)OC)C(=O)OC,COC(=O)NC(C(=O)N1CC(Oc2ccc3c(ccc4cc5ccccc5cc43)n2)CC1C(=O)NC1(C(=O)OC)CC1C(=O)NS(=O)(=O)C1CC1)C(C)(C)C,GHMYKKRPUIWBSH-UHFFFAOYSA-N,1,LiverTox B,HCV protease inhibitor
Apremilast,CCOc1cc(C(C(=O)NCC2=CC=C(C=C2)NS(=O)(=O)C)CS(=O)(=O)C)ccc1OC,CCOc1cc(C(CS(C)(=O)=O)C(=O)NCc2ccc(NS(C)(=O)=O)cc2)ccc1OC,YCITZTIOFXTHGL-UHFFFAOYSA-N,0,LiverTox D,"PDE4 inhibitor, rare hepatic events"
Roflumilast,ClC1=CC(Cl)=CC=C1NC(=O)c1cnccc1OCC1CC1,O=C(Nc1ccc(Cl)cc1Cl)c1cnccc1OCC1CC1,FPUDAONPXREJRN-UHFFFAOYSA-N,0,LiverTox E,"PDE4 inhibitor, safe"
Ozanimod,CCC(NC1=CC=CC=C1)c1cccc(-c2ccc3oc(C(=N)N)nc3c2)c1,CCC(Nc1ccccc1)c1cccc(-c2ccc3oc(C(=N)N)nc3c2)c1,GZLXHXQLHLRDSY-UHFFFAOYSA-N,0,LiverTox D,"S1P modulator, rare hepatic events"
Siponimod,CC1=CC(=CC=C1OCC(F)(F)F)C(=NOCC(=O)O)CC1=CC=C(N2CC(C(F)(F)F)CC2)C=C1,Cc1cc(C(Cc2ccc(N3CCC(C(F)(F)F)C3)cc2)=NOCC(=O)O)ccc1OCC(F)(F)F,BUDQKBFJXBGGKB-UHFFFAOYSA-N,0,LiverTox C,S1P modulator with hepatic events
Ponesimod,CCCC(C)N(C(=O)c1nc(/N=C/c2ccc(OCC(F)(F)F)c(C(C)(C)C)c2)c(C)s1)C(CO)CO,CCCC(C)N(C(=O)c1nc(/N=C/c2ccc(OCC(F)(F)F)c(C(C)(C)C)c2)c(C)s1)C(CO)CO,ZIXXZAMISWDLJJ-PNQUVVCRSA-N,0,LiverTox D,"S1P modulator, rare hepatic events"
Dimethyl fumarate,COC(=O)/C=C/C(=O)OC,COC(=O)/C=C/C(=O)OC,LDCRTTXIJACKKU-ONEGZZNKSA-N,0,LiverTox D,"fumarate, rare hepatic events"
Edaravone,CC1=CC(=O)N(N1)c1ccccc1,Cc1cc(=O)n(-c2ccccc2)[nH]1,KZQYIMCESJLPQH-UHFFFAOYSA-N,0,LiverTox E,"free radical scavenger, safe"
Riluzole,Nc1nc2cc(OC(F)(F)F)ccc2s1,Nc1nc2cc(OC(F)(F)F)ccc2s1,XOCOZIHOJCULLE-UHFFFAOYSA-N,0,LiverTox B,"ALS drug, rare but real hepatic injury"
Nintedanib,COC(=O)c1ccc2c(c1)C(=O)N(C)/C2=C(\Nc1ccc(N(C)C(=O)CN2CCN(C)CC2)cc1)c1ccccc1,COC(=O)c1ccc2c(c1)C(=O)N(C)/C2=C(\Nc1ccc(N(C)C(=O)CN2CCN(C)CC2)cc1)c1ccccc1,SKUYHLVZJFGVNH-FLWNBWAVSA-N,0,LiverTox B,"antifibrotic, hepatic injury reported"
Apixaban,COc1ccc(-n2c(C(N)=O)c(C(=O)N(c3ccc(N4CCCCC4=O)cc3)CC)cn2)cc1,CCN(C(=O)c1cnn(-c2ccc(OC)cc2)c1C(N)=O)c1ccc(N2CCCCC2=O)cc1,HMCNZGSKFKCEKK-UHFFFAOYSA-N,0,LiverTox D,"FXa inhibitor, rare hepatic events"
Rivaroxaban,CN(C(=O)OCC1CN(c2ccc(N3CCOCC3=O)cc2)C1=O)CC1=CC=C(Cl)S1,CN(Cc1ccc(Cl)s1)C(=O)OCC1CN(c2ccc(N3CCOCC3=O)cc2)C1=O,SFBMTOCPYDGDBR-UHFFFAOYSA-N,0,LiverTox D,"FXa inhibitor, rare hepatic events"
Edoxaban,CN(C)C(=O)C1=CC=C(NC(=O)C2(NC(=O)c3ncc(Cl)s3)CC2)C=C1NS(=O)(=O)c1ccc(C(=O)N2CC[C@H](N(C)C)CC2)cc1,CN(C)C(=O)c1ccc(NC(=O)C2(NC(=O)c3ncc(Cl)s3)CC2)cc1NS(=O)(=O)c1ccc(C(=O)N2CCC(N(C)C)CC2)cc1,ISAPXLDJRSZNOO-UHFFFAOYSA-N,0,LiverTox D,"FXa inhibitor, rare hepatic events"
Betrixaban,COc1ccc(C(=O)Nc2ccc(C(=N)N(C)C)cc2)cc1NC(=O)c1cnc(Cl)cn1,COc1ccc(C(=O)Nc2ccc(C(=N)N(C)C)cc2)cc1NC(=O)c1cnc(Cl)cn1,NLCPINUDGQBBTD-UHFFFAOYSA-N,0,LiverTox D,"FXa inhibitor, rare hepatic events"
Argatroban,CC1CCCN(S(=O)(=O)c2ccc3ccccc3c2)C1C(=O)NC(CCCN=C(N)N)C(O)c1cccc(C)c1,Cc1cccc(C(O)C(CCCN=C(N)N)NC(=O)C2C(C)CCCN2S(=O)(=O)c2ccc3ccccc3c2)c1,AMNSFVRIOQGDKA-UHFFFAOYSA-N,0,LiverTox E,"thrombin inhibitor, safe"
Ticagrelor,CCCSC1N=C(N(C2CCC(O)(CO)C2O)c2ncnc(NC3CC3)c12)NC(=O)C(O)c1ccc(F)c(F)c1,CCCSC1N=C(NC(=O)C(O)c2ccc(F)c(F)c2)N(C2CCC(O)(CO)C2O)c2ncnc(NC3CC3)c21,BZWMPVKUEVPPTE-UHFFFAOYSA-N,0,LiverTox D,"P2Y12 antagonist, rare hepatic events"
Cangrelor,OC1C(O)C(N2C=NC3=C2N=C(SCCCC(F)(F)F)N(CC(F)(F)Cl)C3=O)OC1COP(=O)(O)OP(=O)(O)OP(=O)(O)O,O=c1c2ncn(C3OC(COP(=O)(O)OP(=O)(O)OP(=O)(O)O)C(O)C3O)c2nc(SCCCC(F)(F)F)n1CC(F)(F)Cl,FIEZNRKDMIJEMX-UHFFFAOYSA-N,0,LiverTox E,"P2Y12 antagonist, safe"
Vorapaxar,CC(=O)NC1CC2(CCC(C=C2)C(=O)OCC)C(C1c1ccc(/C=C/c2ncc(F)cc2)cc1)C(=O)NC,CCOC(=O)C1C=CC2(CC1)CC(NC(C)=O)C(c1ccc(/C=C/c3ccc(F)cn3)cc1)C2C(=O)NC,WUDJXLRGCOMAKB-YRNVUSSQSA-N,0,LiverTox E,"PAR1 antagonist, safe"
Articaine,CCCNC(C)C(=O)Nc1sc(C)c(C(=O)OC)c1C,CCCNC(C)C(=O)Nc1sc(C)c(C(=O)OC)c1C,FUHTYTJWUGZUCU-UHFFFAOYSA-N,0,LiverTox E,"local anesthetic, safe"
Prilocaine,CCCNC(C)C(=O)Nc1cccc(C)c1,CCCNC(C)C(=O)Nc1cccc(C)c1,HPKDESQTIVNIJZ-UHFFFAOYSA-N,0,LiverTox E,"local anesthetic, safe"
Dyclonine,CCCCNc1ccccc1C(=O)CCc1ccc(OCCCC)cc1,CCCCNc1ccccc1C(=O)CCc1ccc(OCCCC)cc1,SFYLDCCWTCMVHJ-UHFFFAOYSA-N,0,LiverTox E,"local anesthetic, safe"
Phenazopyridine,Nc1ccc(N=Nc2ccccc2N)nc1N,Nc1ccccc1N=Nc1ccc(N)c(N)n1,CDSMFWVAXZNGOD-UHFFFAOYSA-N,1,LiverTox D,urinary analgesic with hepatic injury
Tizanidine,ClC1=CC2=C(C=C1)SC(=N2)N=C1NCCN1,Clc1ccc2sc(N=C3NCCN3)nc2c1,QMNPLSQUPKATGL-UHFFFAOYSA-N,1,LiverTox B,"alpha-2 agonist muscle relaxant, hepatic injury"
Eperisone,CCC1CCCN1CC(=O)c1ccc(C)cc1,CCC1CCCN1CC(=O)c1ccc(C)cc1,GHAJDTPPEQHGOB-UHFFFAOYSA-N,0,LiverTox E,"muscle relaxant, safe"
Mexiletine,CC(CN)Oc1c(C)cccc1C,Cc1cccc(C)c1OC(C)CN,ILXUQFOWTYCVEK-UHFFFAOYSA-N,0,LiverTox D,"antiarrhythmic, rare hepatic injury"
Flecainide,CC1NCC1CONc1cc(C(F)(F)F)c(OCC(F)(F)F)cc1C(F)(F)F,CC1NCC1CONc1cc(C(F)(F)F)c(OCC(F)(F)F)cc1C(F)(F)F,ZWINDVCQWDTEFO-UHFFFAOYSA-N,0,LiverTox D,"antiarrhythmic, rare hepatic injury"
Trazodone,Clc1cccc(N2CCN(CCCn3nc4ccccc4n3)CC2)c1,Clc1cccc(N2CCN(CCCn3nc4ccccc4n3)CC2)c1,YNNLHPRACFMLCI-UHFFFAOYSA-N,0,LiverTox D,"antidepressant, rare hepatic injury"
Atomoxetine,CC(Cc1ccccc1Oc1ccccc1)NC,CNC(C)Cc1ccccc1Oc1ccccc1,ILKYLDRZWHXUOY-UHFFFAOYSA-N,1,LiverTox B,NRI with hepatic injury
Reboxetine,CCOc1ccccc1OC(C1CCOC1)c1ccccc1,CCOc1ccccc1OC(c1ccccc1)C1CCOC1,OGHUKACXHIQQAI-UHFFFAOYSA-N,0,LiverTox E,"NRI, safe"
Citalopram,N#Cc1ccc2c(c1)C(c1ccc(F)cc1)(CCCN(C)C)OC2,CN(C)CCCC1(c2ccc(F)cc2)OCc2ccc(C#N)cc21,UVTKXTHVLCYUJL-UHFFFAOYSA-N,0,LiverTox D,"SSRI, rare hepatic injury"
Escitalopram,N#Cc1ccc2c(c1)[C@](c1ccc(F)cc1)(CCCN(C)C)OC2,CN(C)CCC[C@]1(c2ccc(F)cc2)OCc2ccc(C#N)cc21,UVTKXTHVLCYUJL-HXUWFJFHSA-N,0,LiverTox D,"SSRI, rare hepatic injury"
Paroxetine,Fc1ccc([C@@H]2CCN[C@@H]2COc2ccc3OCOc3c2)cc1,Fc1ccc([C@@H]2CCN[C@@H]2COc2ccc3c(c2)OCO3)cc1,LSRIKOUXPSFRCR-JKSUJKDBSA-N,1,LiverTox C,SSRI with hepatic injury
Fluvoxamine,CCCCO/N=C(/CCCC1=CC=C(C(F)(F)F)C=C1)CCN,CCCCO/N=C(\CCN)CCCc1ccc(C(F)(F)F)cc1,VIQLMZHSNKODJG-JWGURIENSA-N,1,LiverTox C,SSRI with hepatic injury
Clomipramine,CN(C)CCCN1c2ccccc2CCc2cc(Cl)ccc21,CN(C)CCCN1c2ccccc2CCc2cc(Cl)ccc21,AKOQPVPWZWHWJJ-UHFFFAOYSA-N,0,LiverTox B,TCA with hepatic injury
Levocarbidopa,C(=O)O[C@@H](Cc1ccc(O)c(O)c1)C(C)(N)N,CC(N)(N)[C@H](Cc1ccc(O)c(O)c1)OC=O,UUBVBPPXCKXCCE-JTQLQIEISA-N,0,LiverTox E,"DOPA decarboxylase inhibitor, safe"
Ropinirole,CCCN(CCC)CCc1ccc2c(c1)CC(=O)N2,CCCN(CCC)CCc1ccc2c(c1)CC(=O)N2,RTQSAMVMLWUMFP-UHFFFAOYSA-N,0,LiverTox E,"dopamine agonist, safe"
Safinamide,Cc1ccc(OCc2ccc(F)cc2)cc1CC(NC(C)C(N)=O)C,Cc1ccc(OCc2ccc(F)cc2)cc1CC(C)NC(C)C(N)=O,VAIXBLBNMQBPSO-UHFFFAOYSA-N,0,LiverTox D,"MAO-B inhibitor, rare hepatic events"
Opicapone,[O-][N+](=O)c1cc(/C=C/c2ccccc2)oc1Oc1cc(Cl)c(Cl)cc1Cl,O=[N+]([O-])c1cc(/C=C/c2ccccc2)oc1Oc1cc(Cl)c(Cl)cc1Cl,CUVWBLRHBFYTMI-VOTSOKGWSA-N,0,LiverTox E,"COMT inhibitor, safe profile"
Oseltamivir,CCOC(=O)C1=C[C@H](OC(CC)CC)[C@@H](NC(C)=O)[C@H](N)C1,CCOC(=O)C1=C[C@H](OC(CC)CC)[C@@H](NC(C)=O)[C@H](N)C1,VSZGPKBBMSAYNT-ILXRZTDVSA-N,0,LiverTox D,"neuraminidase inhibitor, rare hepatic injury"
Zanamivir,CC(=O)N[C@@H]1C=C(C(=O)O)O[C@H]([C@@H](O)[C@@H](O)CO)[C@H]1N=C(N)N,CC(=O)N[C@@H]1C=C(C(=O)O)O[C@H]([C@@H](O)[C@@H](O)CO)[C@H]1N=C(N)N,BVWHVDJOYJSYOF-JDHIKQJOSA-N,0,LiverTox E,"neuraminidase inhibitor, safe"
Peramivir,CC(=O)N[C@@H]1[C@H](N=C(N)N)C[C@H](C(=O)O)[C@@H]1C(C)CC,CCC(C)[C@@H]1[C@H](NC(C)=O)[C@H](N=C(N)N)C[C@@H]1C(=O)O,ICTMIGIMOWVPJH-CZCXKHIWSA-N,0,LiverTox E,"neuraminidase inhibitor, safe"
Baloxavir,Cc1cnc2c(c1)c1cc(F)c(F)cc1C2=NN[C@@H]1OCCN(C(=O)CN2N=CC=CC2=O)C1,Cc1cnc2c(c1)-c1cc(F)c(F)cc1C2=NN[C@H]1CN(C(=O)Cn2ncccc2=O)CCO1,YIURLMKSPQFQSS-LJQANCHMSA-N,0,LiverTox E,"cap-endonuclease inhibitor, safe"
Remdesivir,CCC(CC)COC(=O)[C@H](C)N[P@@](=O)(OC[C@H]1O[C@](C#N)([C@H](O)[C@@H]1O)c1ccc2c(N)ncnn12)Oc1ccccc1,CCC(CC)COC(=O)[C@H](C)N[P@@](=O)(OC[C@H]1O[C@@](C#N)(c2ccc3c(N)ncnn23)[C@H](O)[C@@H]1O)Oc1ccccc1,RWWYLEGWBNMMLJ-QUGBOHHLSA-N,0,LiverTox B,antiviral with hepatic injury
Nirmatrelvir,CC1([C@@H]2CC1)[C@H](N(C(=O)[C@H](NC(=O)C(F)(F)F)C(C)(C)C)C(=O)C[C@H]2c1cccnc1)C#N,CC(C)(C)[C@@H](NC(=O)C(F)(F)F)C(=O)N1C(=O)C[C@@H](c2cccnc2)[C@H]2CCC2(C)[C@H]1C#N,XXUNWBUXJRRDGG-YGIRMHRMSA-N,0,LiverTox E,"SARS-CoV-2 protease inhibitor, safe"
Daridorexant,ClC1=CC=CC(C(=O)N2CCC(N3CCN4N=C(C)C(C)=CC4=C3)CC2)=C1OC,COc1c(Cl)cccc1C(=O)N1CCC(N2C=C3C=C(C)C(C)=NN3CC2)CC1,KHBFSRBKRMHVCD-UHFFFAOYSA-N,0,LiverTox E,"orexin antagonist, safe"
Suvorexant,ClC1=CC=NC2=C1C=NN2C1CCN(C(=O)C2(C)C=CC=CC2)CC1,CC1(C(=O)N2CCC(n3ncc4c(Cl)ccnc43)CC2)C=CC=CC1,ORSRQNMUOXXZPI-UHFFFAOYSA-N,0,LiverTox D,"orexin antagonist, rare hepatic events"
Lemborexant,Cc1nc(C2CCN(C(=O)C(C)C)CC2)ccc1NC(=O)c1ccc(F)cc1F,Cc1nc(C2CCN(C(=O)C(C)C)CC2)ccc1NC(=O)c1ccc(F)cc1F,MUKMUMHBFUVECL-UHFFFAOYSA-N,0,LiverTox D,"orexin antagonist, rare hepatic events"
Tasimelteon,CC1=CC=CC2=C1[C@@H](C(=O)CCC1CC1)C1CCC12,Cc1cccc2c1[C@@H](C(=O)CCC1CC1)C1CCC21,WBUXGFCQPQNUBT-LEHRNKBSSA-N,0,LiverTox E,"melatonin agonist, safe"
Ramelteon,CC(=O)NCC[C@H]1CCC2=C1C1=C(O2)CCC1,CC(=O)NCC[C@H]1CCc2oc3c(c21)CCC3,ZJVULICMXKEERJ-SNVBAGLBSA-N,0,LiverTox D,"melatonin agonist, rare hepatic injury"
Agomelatine,COc1ccc2cc(CCNC(C)=O)ccc2c1,COc1ccc2cc(CCNC(C)=O)ccc2c1,BQXJFFGRLDDTLC-UHFFFAOYSA-N,1,LiverTox B,melatonin agonist with hepatic injury
Lurasidone,O=C1N2CCCC[C@@H]2C(=O)N1C[C@@H]1CCCC[C@H]1CN1CCN(c2nsc3ccccc23)CC1,O=C1[C@H]2CCCCN2C(=O)N1C[C@@H]1CCCC[C@H]1CN1CCN(c2nsc3ccccc23)CC1,ZYELMVVAGHVJHF-JAXLGGSGSA-N,0,LiverTox E,"antipsychotic, safe"
Iloperidone,CCOc1cc(F)ccc1OCCCN1CCC(c2noc3cc(F)ccc23)CC1,CCOc1cc(F)ccc1OCCCN1CCC(c2noc3cc(F)ccc23)CC1,DVDHVNXHVLDHOI-UHFFFAOYSA-N,0,LiverTox D,"antipsychotic, rare hepatic events"
Asenapine,Cl[CH3+]N1C[C@@H]2[C@@H](C1)c1ccc(Cl)cc1Oc1ccccc1-2,Cl[CH3+]N1C[C@H]2c3ccccc3Oc3cc(Cl)ccc3[C@@H]2C1,ILAOQTSMGOUWJM-GJZGRUSLSA-N,0,LiverTox D,"antipsychotic, rare hepatic events"
Cariprazine,CCN(CC)CCNC(=O)NC1CCC(N2CCN(c3cc(Cl)ccc3Cl)CC2)CC1,CCN(CC)CCNC(=O)NC1CCC(N2CCN(c3cc(Cl)ccc3Cl)CC2)CC1,JATVBGZQLWVPKC-UHFFFAOYSA-N,0,LiverTox D,"antipsychotic, rare hepatic events"
Brexpiprazole,O=C1CC2=CC=CC=C2N1CCCCOC1=CC=C2N=C(N3CCN(CC4=CC=CC5=C4SC=C5)CC3)C=CC2=C1,O=C1Cc2ccccc2N1CCCCOc1ccc2nc(N3CCN(Cc4cccc5ccsc45)CC3)ccc2c1,FCQXDFQVHLCNCZ-UHFFFAOYSA-N,0,LiverTox D,"antipsychotic, rare hepatic events"
Aripiprazole,Clc1cccc(Cl)c1N1CCN(CCCCOc2ccc3c(c2)CCC(=O)N3)CC1,O=C1CCc2cc(OCCCCN3CCN(c4c(Cl)cccc4Cl)CC3)ccc2N1,XPOWQLXBUHCUCY-UHFFFAOYSA-N,0,LiverTox D,"antipsychotic, rare hepatic injury"
Pimavanserin,CC(C)COCC1=CC=C(C(=N1)CNC(=O)C2=CC=C(C=C2)CN3CCC(CC3)NC(=O)OC(C)(C)C)F,CC(C)COCc1ccc(F)c(CNC(=O)c2ccc(CN3CCC(NC(=O)OC(C)(C)C)CC3)cc2)n1,GXZSNHOTNAJJOJ-UHFFFAOYSA-N,0,LiverTox D,5HT2A inverse agonist
Valbenazine,CC(C)CC(=O)O[C@@H]1[C@@H]2CN3CCc4cc(OC)c(OC)cc4[C@@H]3C[C@@H]2CC(C)C1,COc1cc2c(cc1OC)[C@@H]1C[C@@H]3CC(C)C[C@H](OC(=O)CC(C)C)[C@@H]3CN1CC2,NWBCSFREPNUIJD-VDDSNCCASA-N,0,LiverTox D,"VMAT2 inhibitor, rare hepatic events"
Rosuvastatin,CC(C)c1nc(N(C)S(C)(=O)=O)nc(-c2ccc(F)cc2)c1/C=C/[C@@H](O)C[C@@H](O)CC(=O)O,CC(C)c1nc(N(C)S(C)(=O)=O)nc(-c2ccc(F)cc2)c1/C=C/[C@@H](O)C[C@@H](O)CC(=O)O,BPRHUIZQVSMCRT-VEUZHWNKSA-N,0,LiverTox B,"statin, hepatic injury reported"
Fluvastatin,CC(C)n1c2ccccc2c(-c2ccc(F)cc2)c1/C=C/C(O)CC(O)CC(=O)O,CC(C)n1c(/C=C/C(O)CC(O)CC(=O)O)c(-c2ccc(F)cc2)c2ccccc21,FJLGEFLZQAZZCD-VAWYXSNFSA-N,0,LiverTox B,"statin, hepatic injury reported"
Ezetimibe,OC(c1ccc(F)cc1)C[C@H]1[C@@H](c2ccc(O)cc2)N(c2ccc(F)cc2)C1=O,O=C1[C@@H](CC(O)c2ccc(F)cc2)[C@@H](c2ccc(O)cc2)N1c1ccc(F)cc1,HSMOHVDXYZAVBC-JAFNVKOHSA-N,0,LiverTox D,"cholesterol absorption inhibitor, rare events"
Bempedoic acid,CC(CCCCCCC(C)(C)C(=O)O)(CCCCCC(O)=O)CO,CC(CO)(CCCCCCC(C)(C)C(=O)O)CCCCCC(=O)O,FLYJJVVSVGWVIJ-UHFFFAOYSA-N,0,LiverTox E,"ATP citrate lyase inhibitor, safe"
Gemfibrozil,CC(C)(CCCOc1ccc(C)cc1C)C(=O)O,Cc1ccc(OCCCC(C)(C)C(=O)O)c(C)c1,STDPGZDKUIITHU-UHFFFAOYSA-N,0,LiverTox C,"fibrate, rare hepatic injury"
Clindamycin,CCCC1CC(C(=O)NC(C(=O)N(C)C)C(Cl)CC)N(C)C1C(C(O)C(O)C(SC)O)O,CCCC1CC(C(=O)NC(C(=O)N(C)C)C(Cl)CC)N(C)C1C(O)C(O)C(O)C(O)SC,QEQNOUIUOTVTDU-UHFFFAOYSA-N,0,LiverTox B,"lincosamide, rare hepatic injury"
Albendazole,CCCSC1=NC2=CC(NC(=O)OC)=CC=C2N1,CCCSc1nc2cc(NC(=O)OC)ccc2[nH]1,SSACEMUQJHKXFV-UHFFFAOYSA-N,1,LiverTox B,antiparasitic with hepatic injury
Praziquantel,O=C1N2CCN(C(=O)C3CCCCC3)CC2c2ccccc21,O=C(C1CCCCC1)N1CCN2C(=O)c3ccccc3C2C1,UDUCZQKYWPCKOB-UHFFFAOYSA-N,0,LiverTox D,"antiparasitic, rare hepatic injury"
Ivermectin,CCC(C)C1OC2(CC1C)CC1C(=CC(=O)O1)CC2CC1OC2(OC(=O)CC2C(C)C1C)C(C)C,CCC(C)C1OC2(CC3OC(=O)C=C3CC2CC2OC3(C(C)C)OC(=O)CC3C(C)C2C)CC1C,YCHOLJZCCNFKRV-UHFFFAOYSA-N,0,LiverTox D,"antiparasitic, rare hepatic injury"
Pyrantel,Cc1cccc(/C=C/c2nc(O)[nH]n2)c1,Cc1cccc(/C=C/c2n[nH]c(O)n2)c1,FHNLUVQFGBXMTE-AATRIKPKSA-N,0,LiverTox E,"antiparasitic, safe"
Atovaquone,C(C1=C(O)C(=O)C2=CC=CC=C2C1=O)1CCC(c2ccc(Cl)cc2)CC1,O=C1C(O)=C(C2CCC(c3ccc(Cl)cc3)CC2)C(=O)c2ccccc21,KUCQYCKVKVOKAY-UHFFFAOYSA-N,0,LiverTox D,"antimalarial, rare hepatic injury"
Proguanil,ClC1=CC=C(NC(=NC(N)=N)NC(C)C)C=C1,CC(C)NC(=NC(=N)N)Nc1ccc(Cl)cc1,GSSQHLAQWVFHIN-UHFFFAOYSA-N,0,LiverTox E,"antimalarial, safe"
Mefloquine,OC(c1ccnc2c1cc(C(F)(F)F)cc2C(F)(F)F)C1CCCCN1,OC(c1ccnc2c(C(F)(F)F)cc(C(F)(F)F)cc12)C1CCCCN1,USBANFPBHAJNEQ-UHFFFAOYSA-N,0,LiverTox C,"antimalarial, rare hepatic injury"
Primaquine,CC(CCCN)NC1=CC=NC2=CC(OC)=CC=C12,COc1ccc2c(NC(C)CCCN)ccnc2c1,KQULWPLRKPJYTM-UHFFFAOYSA-N,0,LiverTox D,"antimalarial, rare hepatic injury"
Artemether,CC1CCC2C(C)C(=O)OC3OC4(C)CCC1C23OO4,CC1CCC2C(C)C(=O)OC3OC4(C)CCC1C32OO4,BLUAFEHZUWYNDE-UHFFFAOYSA-N,0,LiverTox D,"antimalarial, rare hepatic injury"
Artesunate,CC1CCC2C(C)C(=O)OC3OC4(C)CCC1C23OO4.OC(=O)CCC(=O)O,CC1CCC2C(C)C(=O)OC3OC4(C)CCC1C32OO4.O=C(O)CCC(=O)O,NKIFNUCIAOUYCK-UHFFFAOYSA-N,0,LiverTox D,"antimalarial, rare hepatic injury"
