name,input,inchi_key,found,label,verdict,match,confidence,n_sources,conflict,db_name
,CCCCCN=C(N)NNC=C1C=Nc2c1cc(cc2)CO,URPUECXJHQGUDU-UHFFFAOYSA-N,False,,not_in_db,,,,,
,c1ccc(cc1)C2=c3c4c(sc3=NC(=O)CN2)CCCC4,CXEGHCTZKNQDGO-UHFFFAOYSA-N,False,,not_in_db,,,,,
,CCCN1C2CC(C3C1CC4(C2N(c5c4cccc5)C)C3O)C(CC)C=O,FNVKGPJJWIKOEY-UHFFFAOYSA-N,False,,not_in_db,,,,,
,CN1CCN(CC1)C2=C3C=CC=CC3=NC4=C(N2)C=C(C=C4)Cl,ZUXABONWMNSFBN-UHFFFAOYSA-N,False,,not_in_db,,,,,
,CN1C(=C(Nc2ccccn2)O)C(=O)c3c(ccs3)S1(=O)=O,WZWYJBNHTWCXIM-UHFFFAOYSA-N,False,,not_in_db,,,,,
,CC(=O)CC(c1ccc(cc1)[N+](=O)[O-])c2c(=O)c3ccccc3oc2O,WWBYDEQHYAEHLT-UHFFFAOYSA-N,False,,not_in_db,,,,,
,CC1(c2c(ccc(c2C(=C3C1CC4C(C(=O)C(=C(N)O)C(=O)C4(C3=O)O)N(C)C)O)O)Cl)O,WKZUQOQLOHMCQC-UHFFFAOYSA-N,False,,not_in_db,,,,,
,Cc1c(c2c3c4c1OC(C4=O)(OC=CC(C(C(C(C(C(C(C(C=CC=C(C(=O)NC(=C2O)C(=CNN5CCN(CC5)C6CCCC6)C3=O)C)C)O)C)O)C)OC(=O)C)C)OC)C)O,RISDZDVHYCURHD-UHFFFAOYSA-N,False,,not_in_db,,,,,
,CN1CCN(CC1)C1=C2C=CC=CC2=NC2=CC=C(Cl)C=C2N1,ZUXABONWMNSFBN-UHFFFAOYSA-N,False,,not_in_db,,,,,
,Clc1cc2NC(=c3c(=Nc2cc1)cccc3)N1CCN(CC1)C,ZUXABONWMNSFBN-UHFFFAOYSA-N,False,,not_in_db,,,,,
,COC1CC(=O)CC(C)C11OC2=C(C1=O)C(OC)=CC(OC)=C2Cl,IIUZTXTZRGLYTI-UHFFFAOYSA-N,False,,not_in_db,,,,,
,COC(=O)C(N)CC1=CC=C(O)C(O)=C1,XBBDACCLCFWBSI-UHFFFAOYSA-N,True,0,간독성 없음,skeleton,med,2,False,melevodopa
,CC(C)C1=NC(=NC(C2=CC=C(F)C=C2)=C1CCC(O)CC(O)CC(O)=O)N(C)S(C)(=O)=O,ZVPAUNJUMAQCNK-UHFFFAOYSA-N,False,,not_in_db,,,,,
,o1c(O)c([C@@H](CC(=O)C)c2ccccc2)c(=O)c2c1cccc2,QTXVAVXCBMYBJW-HNNXBMFYSA-N,False,,not_in_db,,,,,
,CC(=O)NC1C(O)OC(CO)C(OS(O)(=O)=O)C1OC1OC(C(O)C(O)C1O)C(O)=O,AVJBPWGFOQAPRH-UHFFFAOYSA-N,True,1,간독성 있음 ⚠,exact,med,1,False,Dermatan Sulfate
,O1C([C@H](OC)[C@@H](OC(=O)N)[C@@H](O)[C@@H]1Oc1c(c2oc(O)c(NC(=O)c3cc(CC=C(C)C)c(O)cc3)c(=O)c2cc1)C)(C)C,DYYIUCVAQGRACE-KGSXXDOSSA-N,False,,not_in_db,,,,,
,C1(C(C(C(C(C1Cl)Cl)Cl)Cl)Cl)Cl,JLYXXMFPNIAWKQ-UHFFFAOYSA-N,True,,vivo 라벨없음,exact,med,3,True,Hexachlorocyclohexane
,C(C(C(=O)O)N)OC(=C[N+]#N)[O-],AGNGYMCLFWQVGX-UHFFFAOYSA-N,False,,not_in_db,,,,,
,C1CCCN(CCC1)CCN=C(N)N,ACGDKVXYNVEAGU-UHFFFAOYSA-N,True,0,간독성 없음,exact,high,2,True,GUANETHIDINE
,C[Si](C)(C)O[Si](C)(C)O[Si](C)(C)C,CXQXSVUQTKDNFP-UHFFFAOYSA-N,True,,vivo 라벨없음,exact,no_signal,0,False,
,c1ccc2c(c1)c(=O)c(c(o2)O)Cc3c(=O)c4ccccc4oc3O,KSKRYQVHJQRUNC-UHFFFAOYSA-N,False,,not_in_db,,,,,
,CCC(c1ccccc1)c2c(=O)c3ccccc3oc2O,QNDUUBVQYBBRBW-UHFFFAOYSA-N,False,,not_in_db,,,,,
,c1cc(ccc1C(=O)NCCC(=O)O)NN=C2C=CC(=O)C(=C2)C(=O)O,KONZVQJABTUMFX-UHFFFAOYSA-N,False,,not_in_db,,,,,
,CC(=O)CC(c1ccccc1)c2c(=O)c3ccccc3oc2O,QTXVAVXCBMYBJW-UHFFFAOYSA-N,False,,not_in_db,,,,,
,CCCCC(C(=O)NC(CC(=O)O)C(=O)NC(Cc1ccccc1)C(=O)N)NC(=O)C(Cc2c[nH]c3c2cccc3)NC(=O)CNC(=O)C(C(C)O)NC(=O)C(Cc4ccc(cc4)OS(=O)(=O)O)N,GZCDGEPFXQGWOW-UHFFFAOYSA-N,False,,not_in_db,,,,,
,CC(C)CC1C(=O)NC(C(=O)NC(C(=O)NC(C(=O)NCCC(C(=O)NC(C(=O)NC(C(=O)N1)Cc2ccccc2)CCN)NC(=O)C(CCN)NC(=O)C(C(C)O)NC(=O)C(CCN)NC(=O)O)C(C)O)CCN)CCN,WGRSQPZAOZIPGC-UHFFFAOYSA-N,False,,not_in_db,,,,,
,Cl[C@H]1[C@H](Cl)[C@H](Cl)[C@H](Cl)[C@@H](Cl)[C@H]1Cl,JLYXXMFPNIAWKQ-DCLYFUHFSA-N,True,,vivo 라벨없음,skeleton,no_signal,0,False,
,NC(N)=NCCN1CCCCCCC1,ACGDKVXYNVEAGU-UHFFFAOYSA-N,True,0,간독성 없음,exact,high,2,True,GUANETHIDINE
,N1(CCCCCCC1)CCN=C(N)N,ACGDKVXYNVEAGU-UHFFFAOYSA-N,True,0,간독성 없음,exact,high,2,True,GUANETHIDINE
,o1c(O)c(Cc2c(=O)c3c(oc2O)cccc3)c(=O)c2c1cccc2,KSKRYQVHJQRUNC-UHFFFAOYSA-N,False,,not_in_db,,,,,
,o1c(O)c([C@H](CC)c2ccccc2)c(=O)c2c1cccc2,QNDUUBVQYBBRBW-CYBMUJFWSA-N,False,,not_in_db,,,,,
,S(=O)(=O)(Oc1ccc(C[C@H](N)C(=O)N[C@@H]([C@H](O)C)C(=O)NCC(=O)N[C@@H](Cc2c3c([nH]c2)cccc3)C(=O)N[C@H](CCCC)C(=O)N[C@@H](CC(=O)O)C(=O)N[C@@H](Cc2ccccc2)C(=O)N)cc1)O,GZCDGEPFXQGWOW-RMNOTBJOSA-N,False,,not_in_db,,,,,
,CN1C2=C(NC(Br)=N2)C(=O)N(C)C1=O,SKTFQHRVFFOHTQ-UHFFFAOYSA-N,True,0,간독성 없음,exact,low,3,False,Pamabrom
,CC1=CC=C(C=C1)N(CC1=NCCN1)C1=CC=C(O)C=C1,LBXLJKWLYGGOTD-UHFFFAOYSA-N,False,,not_in_db,,,,,
,CN1C2CCC1CC(=C3C4=CC=CC=C4CSC5=CC=CC=C53)C2,JOQKFRLFXDPXHX-UHFFFAOYSA-N,True,0,간독성 없음,exact,med,2,False,tropatepine
,C[N+]12CCCCC1CCC(=C(C3=CC=CS3)C4=CC=CS4)C2,ZGSDGGRVFIYKKE-UHFFFAOYSA-N,True,0,간독성 없음,skeleton,med,2,False,tiquizium
,CCOCC(COC1=CC=C(C=C1)NC(=O)CC[S+](C)C)O,DYZJXZOQQRXDLE-UHFFFAOYSA-O,True,1,간독성 있음 ⚠,exact,med,3,True,suplatast
,CC(C)C(C(=O)OCCOCN1C=NC2=C1N=C(NC2=O)N)N,HDOVUKNUBWVHOX-UHFFFAOYSA-N,True,1,간독성 있음 ⚠,exact,high,5,False,Valaciclovir
,CC1C=CC=C(C(=O)NC2=C(C3=C(C4=C(C(=C3O)C)OC(C4=O)(OC=CC(C(C(C(C(C(C1O)C)O)C)OC(=O)C)C)OC)C)C5=NC6(CCN(CC6)CC(C)C)N=C25)O)C,AZFBLLCNOQPJGJ-UHFFFAOYSA-N,True,1,간독성 있음 ⚠,exact,med,3,False,Rifabutin
,CC1(C(=C)N(C2=CC=CC=C21)CCCCCC(=O)O)C.Br,LVVRHAVPVOVPGG-UHFFFAOYSA-N,False,,not_in_db,,,,,
,CC(C)OC(=O)NC1=CC2=C(C=C1)N=C(N2)C3=CSC=N3,QZWHWHNCPFEXLL-UHFFFAOYSA-N,True,0,간독성 없음,exact,med,2,True,Cambendazole
,CC(C(C1CNC2=C(N1)C(=O)NC(=N2)N)O)O,FNKQXYHWGSIFBK-UHFFFAOYSA-N,True,0,간독성 없음,exact,high,1,False,Sapropterin dihydrochloride
,CC1CC=CC=CC(C(CC(C(C(C(CC(=O)O1)O)OC)OC2C(C(C(C(O2)C)OC3CC(C(C(O3)C)O)(C)O)N(C)C)O)CCO)C)OC4CC(C(C(O4)C)O)(C)O,CJKGNDLRMLFWEX-UHFFFAOYSA-N,True,0,간독성 없음,exact,low,2,False,Epoetin alfa
,C1C(N(C2=C(N1)N=C(NC2=O)N)C=O)CNC3=CC=C(C=C3)C(=O)NC(CCC(=O)O)C(=O)O,VVIAGPKUTFNRDU-UHFFFAOYSA-N,True,0,간독성 없음,exact,low,3,False,Leucovorin calcium
,CCO[C@H](COC1=CC=C(C=C1)C(F)(F)F)CSC2=CC(=C(C=C2)OCC(=O)O)C,JWHYSEDOYMYMNM-QGZVFWFLSA-N,True,0,간독성 없음,exact,med,2,False,SELADELPAR
,C1CCC(C1)C2=C(C=C(C=C2)COC3=CC4=C(C=C3)NC5=C4CC[C@@H]5CC(=O)O)C(F)(F)F,MVGWUTBTXDYMND-QGZVFWFLSA-N,True,0,간독성 없음,exact,med,2,False,ETRASIMOD
,CCOC(=O)C[N+]1(CC[C@H](C1)OC(=O)[C@@](C2CCCC2)(C3=CC=CC=C3)O)C,SEVCTUCCZYBJER-BSJAROSPSA-N,True,0,간독성 없음,exact,med,2,False,SOFPIRONIUM BROMIDE
,CCOC1=CC=C(C=C1)CC2=C(C=CC(=C2)[C@H]3[C@@H]([C@H]([C@@H]([C@H](O3)SC)O)O)O)Cl,QKDRXGFQVGOQKS-CRSSMBPESA-N,True,0,간독성 없음,exact,med,2,False,SOTAGLIFLOZIN
,C[C@@]12CC[C@]3(CCC(C[C@H]3[C@H]1C(=O)C=C4[C@]2(CC[C@@H]5[C@@]4(C=C(C(=O)C5(C)C)C#N)C)C)(C)C)NC(=O)C(C)(F)F,RJCWBNBKOKFWNY-IDPLTSGASA-N,True,0,간독성 없음,exact,med,2,False,OMAVELOXOLONE
,[2H]C1(C(C(C(C1([2H])[2H])([2H])[2H])([2H])[2H])[C@@H](CC#N)N2C=C(C=N2)C3=C4C=CNC4=NC=N3)[2H],HFNKQEVNSGCOJV-FBXGHSCESA-N,True,0,간독성 없음,exact,med,2,False,DEURUXOLITINIB PHOSPHATE
,C[C@]1(CCCN1C(=O)CN)C(=O)N[C@@H](CCC(=O)O)C(=O)O,BUSXWGRAOZQTEY-SDBXPKJASA-N,True,0,간독성 없음,exact,med,2,False,TROFINETIDE
,CC1(OC[C@H](O1)COC(=O)CCC2=CC=C(C=C2)OC[C@H](CNCCNC(=O)N3CCOCC3)O)C,WMDSZGFJQKSLLH-RBBKRZOGSA-N,True,0,간독성 없음,exact,med,2,False,LANDIOLOL
,C[C@]1(CC[C@H]2[C@@H](C1)CC[C@@H]3[C@@H]2CC[C@]4([C@H]3CC[C@@H]4C(=O)CN5C=C(C=N5)C#N)C)O,HARRKNSQXBRBGZ-GVKWWOCJSA-N,True,0,간독성 없음,exact,med,2,False,ZURANOLONE
,CC1(C)C[C@H]2CN1C1=NC(=CC=C1C(=O)NS(=O)(=O)C1=CC=CC(NCCC2)=N1)N1C=CC(OCCC2C3(CC3)C22CC2)=N1,VCSUIBJKYCVWNF-NRFANRHFSA-N,True,0,간독성 없음,exact,med,2,False,VANZACAFTOR
,CC1(CCC(C2=C1C=C(C(=C2)/C=C/C3=CC=C(C=C3)C(=O)O)CN4C=CC=N4)(C)C)C,YTFHCXIPDIHOIA-DHZHZOJOSA-N,True,0,간독성 없음,exact,med,2,False,PALOVAROTENE
,C1CCN(CC1)C[C@H](CO/N=C(\C2=C[N+](=CC=C2)[O-])/Cl)O,SGEIEGAXKLMUIZ-ZPTIMJQQSA-N,True,0,간독성 없음,skeleton,med,2,False,Arimoclomol
,C[C@@H]1C[C@H]2[C@@H]3CCC4=CC(=O)C=C[C@@]4(C3=CC[C@@]2([C@]1(C(=O)CO)O)C)C,ZYTXTXAMMDTYDQ-DGEXFFLYSA-N,True,0,간독성 없음,exact,med,2,False,VAMOROLONE
,CN(C)CC1=CN(N=C1C2=CC=CC=C2)C3=NC(=NC=C3)NC4=C(C=C(C(=C4)NC(=O)C=C)N5CCOCC5)OC,RRMJMHOQSALEJJ-UHFFFAOYSA-N,True,0,간독성 없음,exact,high,3,False,LAZERTINIB
,CC1=C(C2=C(O1)C=C(C=C2)OC3=NC=NC4=CC(=C(C=C43)OC)OC)C(=O)NC,BALLNEJQLSTPIO-UHFFFAOYSA-N,True,0,간독성 없음,exact,high,3,False,FRUQUINTINIB
,CCCCC1=NC2(CCCC2)C(=O)N1CC3=CC(=C(C=C3)C4=CC=CC=C4S(=O)(=O)NC5=NOC(=C5C)C)COCC,WRFHGDPIDHPWIQ-UHFFFAOYSA-N,True,0,간독성 없음,exact,high,3,False,SPARSENTAN
,CC1=CC(=CC2=C1NN=C2)C[C@H](C(=O)N3CCN(CC3)C4CCN(CC4)C)NC(=O)N5CCC(CC5)C6=CC7=CC=CC=C7NC6=O,JJVAPHYEOZSKJZ-JGCGQSQUSA-N,True,0,간독성 없음,exact,med,2,False,ZAVEGEPANT
,CCCCCCCCC(C(C(C(C(C(F)(F)F)(F)F)(F)F)(F)F)(F)F)(F)F,WRYIIOKOQSICTB-UHFFFAOYSA-N,True,0,간독성 없음,exact,med,2,False,PERFLUOROHEXYLOCTANE
,C1C[C@@H](C2=C(C1)C=CC=N2)N(CCCCN)CC3=NC4=CC=CC=C4N3,WVLHHLRVNDMIAR-IBGZPJMESA-N,True,0,간독성 없음,exact,med,2,False,MAVORIXAFOR
,C[C@H]1CNC(=O)C2=C3N=C(C=CN3N=C2)N[C@@H](C4=C(O1)C=CC(=C4)F)C,FIKPXCOQUIZNHB-WDEREUQCSA-N,True,0,간독성 없음,exact,med,2,False,REPOTRECTINIB
,C1CN(CCC1(C(=O)N[C@@H](CCO)C2=CC=C(C=C2)Cl)N)C3=NC=NC4=C3C=CN4,JDUBGYFRJFOXQC-KRWDZBQOSA-N,True,0,간독성 없음,exact,med,2,False,CAPIVASERTIB
,C[C@@H](C(F)(F)F)N1C(=C(C(=N1)C2=CC=C(C=C2)CNC(=O)C3=C(C=CC(=C3)F)OC)C(=O)N)N,FWZAWAUZXYCBKZ-NSHDSACASA-N,True,0,간독성 없음,exact,med,2,False,PIRTOBRUTINIB
,CC1=CC(=CC(=C1OC(C)(C)C(=O)O)C)/C=C/C(=O)C2=CC=C(C=C2)SC,AFLFKFHDSCQHOL-IZZDOVSWSA-N,True,1,간독성 있음 ⚠,exact,med,2,True,ELAFIBRANOR
,C1CCC(CC1)N2C(=O)C(C(=O)N(C2=O)C3CCCCC3)C(=O)NCC(=O)O,RUEYEZADQJCKGV-UHFFFAOYSA-N,True,0,간독성 없음,exact,high,3,False,DAPRODUSTAT
,C[C@H]1CC[C@H](CN1C(=O)C=C)NC2=NC=NC3=C2C=CN3,CBRJPFGIXUFMTM-WDEREUQCSA-N,True,0,간독성 없음,exact,med,2,False,RITLECITINIB
,C[C@H](C(F)(F)F)NC1=NC(=NC(=N1)C2=NC(=CC=C2)Cl)N[C@H](C)C(F)(F)F,QCZAWDGAVJMPTA-RNFRBKRXSA-N,True,0,간독성 없음,exact,med,2,False,VORASIDENIB
,CCN(C(C)C)C(=O)C1=C(C=CC(=C1)F)OC2=CN=CN=C2N3CC4(C3)CCN(CC4)CC5CCC(CC5)NS(=O)(=O)CC,FRVSRBKUQZKTOW-UHFFFAOYSA-N,True,0,간독성 없음,exact,high,1,False,Revumenib
,C[C@H]([C@@H]1[C@@H]2N(C1=O)C(=C(S2)S[C@H]3CC[S@@](=O)C3)C(=O)O)O,FLSUCZWOEMTFAQ-PRBGKLEPSA-N,True,0,간독성 없음,exact,med,2,False,Sulopenem
,CC1=CC(=C(C(=C1)C)N=C2C=C3C4=CC(=C(C=C4CCN3C(=O)N2CCNC(=O)N)OC)OC)C,CSOBIBXVIYAXFM-UHFFFAOYSA-N,True,0,간독성 없음,skeleton,med,2,False,ENSIFENTRINE
,C1=CC(=CC(=C1)Cl)C2=CC(=C(N=C2)C(=O)NCC(=O)O)O,JGRXMPYUTJLTKT-UHFFFAOYSA-N,True,0,간독성 없음,exact,med,2,False,VADADUSTAT
,CC1=C(SC(=C1)C2=NO[C@@](C2)(C3=CC(=C(C(=C3)Cl)Cl)Cl)C(F)(F)F)C(=O)NCC(=O)NCC(F)(F)F,HDKWFBCPLKNOCK-SFHVURJKSA-N,True,0,간독성 없음,exact,med,2,False,LOTILANER
,CCC[C@@H](C(=O)NC1=CN(C=N1)C(C)(C)CNCC(C)(C)C)N[C@H]2CCC3=C(C2)C(=CC(=C3)F)F,VFCRKLWBYMDAED-REWPJTCUSA-N,True,0,간독성 없음,exact,med,2,False,NIROGACESTAT
,CC1=NC=C(C=N1)C2=CC3=C(C=C2)N(N=C3C(=O)C)CC(=O)N4C[C@@H](C[C@H]4C(=O)NC5=NC(=CC=C5)Br)F,PIBARDGJJAGJAJ-NQIIRXRSSA-N,True,0,간독성 없음,exact,med,2,False,DANICOPAN
,C[C@@H]1C2=NN=C(N2CCN1C(=O)C3=CC=C(C=C3)F)C4=NC(=NS4)C,PPSNFPASKFYPMN-SECBINFHSA-N,True,0,간독성 없음,exact,med,2,False,FEZOLINETANT
,C[C@H](C1=NC=C(S1)C(=O)NC2=NC=C(C(=C2)C(F)(F)F)Cl)NC(=O)C3=C(C(=NC=N3)N)Cl,VWMJHAFYPMOMGF-ZCFIWIBFSA-N,True,0,간독성 없음,exact,med,2,False,TOVORAFENIB
,CC1=C(C(=NN1)C)CCCOC2=C(C=CC(=C2)C(=O)O)F,WBFUHHBPNXWNCC-UHFFFAOYSA-N,True,0,간독성 없음,exact,high,3,False,ACORAMIDIS
,C[C@@H](C(=O)N)NC1=CC2=C(C=C1)C3=NC(=CN3CCO2)N4[C@@H](COC4=O)C(F)F,SGEUNORSOZVTOL-CABZTGNLSA-N,True,0,간독성 없음,exact,med,2,False,INAVOLISIB
,CC(C)C1=CC(=NNC1=O)OC2=C(C=C(C=C2Cl)N3C(=O)NC(=O)C(=N3)C#N)Cl,FDBYIYFVSAHJLY-UHFFFAOYSA-N,True,1,간독성 있음 ⚠,exact,med,3,False,RESMETIROM
,O=C(O[Na])C1=CC=CC=C1NC2=C(Cl)C=CC(C)=C2Cl,SBDNJUWAMKYJOX-UHFFFAOYSA-N,True,,vivo 라벨없음,exact,ambiguous,0,False,Meclofenamate sodium
,O=C(C1=CN(C2=C(O[Na])C1=O)C[C@]3([H])OCC[C@@H](C)N3C2=O)NCC4=CC=C(F)C=C4F,RHWKPHLQXYSBKR-BMIGLBTASA-N,True,1,간독성 있음 ⚠,skeleton,high,3,False,Dolutegravir sodium
,O=C(C(N=C(C(NC(C1=NN=C(C)O1)=O)(C)C)N2C)=C(O[K])C2=O)NCC3=CC=C(F)C=C3,CZFFBEXEKNGXKS-UHFFFAOYSA-N,True,1,간독성 있음 ⚠,exact,low,3,False,Raltegravir potassium
,O=C(C1=CC(S(=O)(N)=O)=C(C=C1NCC2=CC=CO2)Cl)O[Na],ZZUFCTLCJUWOSV-UHFFFAOYSA-N,True,,vivo 라벨없음,exact,ambiguous,0,False,Furosemide
,CCCCC=CC=CC=CCCCCCCCC(=O)O,CUXYLFPMQMFGPL-UHFFFAOYSA-N,True,1,간독성 있음 ⚠,exact,med,1,False,eleostearic acid
,O=C1N(CC2=CC=C(C3=C(C4=NN=NN4)C=CC=C3)C=C2)C(CCCC)=NC15CCCC5,YOSHYTLCDANDAN-UHFFFAOYSA-N,True,1,간독성 있음 ⚠,exact,high,5,True,Irbesartan
,O=C(O[Na])C(C)C1=CC=C(CC(C)C)C=C1,HEFNNWSXXWATRW-UHFFFAOYSA-N,True,1,간독성 있음 ⚠,exact,high,6,False,Ibuprofen
,O=C(O[Na])C1=C(I)C(NC(C)=O)=C(I)C(NC(C)=O)=C1I,YVPYQUNUQOZFHG-UHFFFAOYSA-N,True,0,간독성 없음,exact,low,3,False,DIATRIZOATE SODIUM
,O=C(O)C1=C(N=C(N1CC2=CC=C(C=C2)C3=CC=CC=C3C4=NN=NN4)CCC)C(O)(C)C,VTRAEEWXHOVJFV-UHFFFAOYSA-N,True,1,간독성 있음 ⚠,exact,med,4,False,Olmesartan
,O[C@H]1[C@@H](O)[C@H](N2C3=NC(SCCC(F)(F)F)=NC(NCCSC)=C3N=C2)O[C@@H]1COP(OP(C(Cl)(P(O[Na])(O[Na])=O)Cl)(O[Na])=O)(O[Na])=O,PAEBIVWUMLRPSK-IDTAVKCVSA-N,True,0,간독성 없음,exact,high,2,False,CANGRELOR
,O=C(C1=CN(CC)C2=NC(C)=CC=C2C1=O)O[Na],MHWLWQUZZRMNGJ-UHFFFAOYSA-N,True,,vivo 라벨없음,exact,ambiguous,0,False,Nalidixic acid
,O=C(O)CC[C@@H](C(O)=O)NC(C1=CC=C(NCC2N(C=O)C3=C(N=C(N)NC3=O)NC2)C=C1)=O,VVIAGPKUTFNRDU-ABLWVSNPSA-N,True,0,간독성 없음,exact,high,2,False,LEUCOVORIN
,O=C(O[Na])CNC(C1=CC=C(N)C=C1)=O,HSMNQINEKMPTIC-UHFFFAOYSA-N,True,0,간독성 없음,exact,high,2,False,AMINOHIPPURIC ACID
,O=C([C@@H](C(C)(C)S[C@]1([H])[C@@H]2NC(C(C(O[Na])=O)C3=CSC=C3)=O)N1C2=O)O[Na],OHKOGUYZJXTSFX-IRHHVTTKSA-N,True,1,간독성 있음 ⚠,skeleton,med,2,True,TICARCILLIN
,O=C([C@H]([C@@]([C@H](OC)C([C@@H](O)[C@H](O)C)=O)([H])C1)O[C@@](O[C@H](C)[C@H]2O)([H])C[C@H]2O[C@@](O[C@H](C)[C@@H]3O)([H])C[C@H]3O[C@@](O[C@H](C)[C@H]4O)([H])C[C@@]4(O)C)C(C1=CC5=CC(O[C@H](O[C@H](C)[C@H]6O)C[C@H]6O[C@@](O[C@H](C)[C@H]7O)([H])C[C@H]7O)=C(C)C(O)=C85)=C8O,CFCUWKMKBJTWLW-BKHRDMLASA-N,True,0,간독성 없음,exact,med,2,False,plicamycin
,O=S(C1=NC2=CC=CC=C2N1)CC3=NC=CC(OCCCOC)=C3C,YREYEVIYCVEVJK-UHFFFAOYSA-N,True,1,간독성 있음 ⚠,exact,high,3,False,Rabeprazole sodium
,O[C@@H](CO)[C@]1([H])C(O[Na])=C(O)C(O1)=O,CIWBSHSKHKDKBQ-JLAZNSOCSA-N,True,0,간독성 없음,exact,med,2,False,ASCORBIC ACID
,C[C@]12[C@@](CC=C3[C@]2(CC[C@]4(C)[C@@]3([H])[C@H]([C@H](C)CC4)C)C)([H])[C@@]5([C@@]([C@](C)([C@H](O)CC5)C(O)=O)([H])CC1)C,NBGQZFQREPIKMG-PONOSELZSA-N,True,1,간독성 있음 ⚠,skeleton,med,1,False,boswellic acid
,O=C(O[Na])C1=C(O)C=CC(/N=N/C2=CC(C(O[Na])=O)=C(O)C=C2)=C1,QQBDLJCYGRGAKP-FOCLMDBBSA-N,True,1,간독성 있음 ⚠,exact,no_signal,0,False,CHEMBL425
,OC[C@@H]1[C@H](O)[C@H](O)[C@@H](O)[C@H](O[C@@H]([C@H](O)[C@@H](O)C=O)[C@H](O)CO)O1,DKXNBNKWCZZMJT-JVCRWLNRSA-N,False,,not_in_db,,,,,
,C[C@@]12C[C@@H](O[C@@]13C[C@@H]([C@H]4[C@H]2C[C@@H]5C[C@H]4C(=O)O5)OC3=O)C6=COC=C6,QEANLIISUSNNDX-YHPVUIEZSA-N,True,1,간독성 있음 ⚠,skeleton,med,1,False,diosbulbin B
,O=C1C([C@H]2CC[C@H](C3=CC=C(Cl)C=C3)CC2)=C(O)C(C4=C1C=CC=C4)=O,KUCQYCKVKVOKAY-CTYIDZIISA-N,True,,vivo 라벨없음,exact,ambiguous,0,False,ATOVAQUONE
,O=C(NC/C=C\COC1=NC=CC(CN2CCCCC2)=C1)CS(CC3=CC=CO3)=O,KMZQAVXSMUKBPD-DJWKRKHSSA-N,True,0,간독성 없음,exact,med,2,False,lafutidine
,CC(NC1=O)=NC2=C1C=C(CN(C)C3=CC=C(C(N[C@H](C(O)=O)CCC(O)=O)=O)S3)C=C2,IVTVGDXNLFLDRM-HNNXBMFYSA-N,True,0,간독성 없음,exact,med,2,True,RALTITREXED
,COC1=C(C=C(C=C1)CC=C)OC,ZYEMGPIYFIJGTP-UHFFFAOYSA-N,True,1,간독성 있음 ⚠,exact,med,1,True,methyleugenol
,FC(F)(F)OC(C=C1)=CC=C1CO[C@@H]2COC3=NC([N+]([O-])=O)=CN3C2,ZLHZLMOSPGACSZ-NSHDSACASA-N,True,,vivo 라벨없음,exact,ambiguous,0,False,PRETOMANID
,CC1/C=C(\C(=O)OC2CC[N+]3(C2(C(=CC3)COC(=O)C1(C)OC(=O)C)O)C)/C=C,NEHWGXHBNGZJNY-PTNGSMBKSA-N,False,,not_in_db,,,,,
,O=S(C1=NC2=CC=C(OC)C=C2N1[Na])CC3=NC=C(C)C(OC)=C3C,SUBDBMMJDZJVOS-UHFFFAOYSA-N,True,1,간독성 있음 ⚠,exact,high,6,False,Esomeprazole sodium
,SCCS(=O)(O[Na])=O,ZNEWHQLOPFWXOF-UHFFFAOYSA-N,True,,vivo 라벨없음,exact,ambiguous,0,False,MESNA
,N=C(C1=CC=C(C2=CC=C(C3=CC=C(C(NOC)=N)C=C3)O2)C=C1)NOC,UKOQVLAXCBRRGH-UHFFFAOYSA-N,True,1,간독성 있음 ⚠,exact,med,2,True,Pafuramidine
,CC1CCC2(CCC3(C(=CCC4C3(CCC5C4(CCC(=O)C5(C)C)C)C)C2C1(C)O)C)C(=O)O,KQTSQSVDAUIWJH-UHFFFAOYSA-N,False,,not_in_db,,,,,
,O=C(C)NC1=CC=C(OC(C)=O)C=C1,UJAOSPFULOFZRR-UHFFFAOYSA-N,True,,vivo 라벨없음,exact,no_signal,0,False,
,OCC([C@H]([C@@H]([C@@H](CO)O)O[C@H]1[C@@H]([C@H]([C@H]([C@@H](CO)O1)O)O)O)O)=O,PFCRQPBOOFTZGQ-VZXVHDRGSA-N,False,,not_in_db,,,,,
,O=C(N([C@@]1([H])[C@H](O)[C@H](O)[C@@]([H])(COC(C(C)C)=O)O1)C=C2)NC2=NO,HTNPEHXGEKVIHG-QCNRFFRDSA-N,True,0,간독성 없음,exact,med,2,False,EIDD-1931
,O=S(C1=CC=C(N)C=C1)(N([Na])C2=NC=CC=N2)=O,SEEPANYCNGTZFQ-UHFFFAOYSA-N,True,1,간독성 있음 ⚠,exact,high,3,True,Sulfadiazine
,O=C(C(C1=O)=C(O)[C@@H](N(C)C)[C@]2([H])C[C@]3([H])CC4=C(C(C3=C(O)[C@@]21O)=O)C(O)=C(NC(CNC(C)(C)C)=O)C=C4N(C)C)N,FPZLLRFZJZRHSY-HJYUBDRYSA-N,True,1,간독성 있음 ⚠,exact,med,2,True,TIGECYCLINE
,CCC1CC(=C)C(C(=O)OC/C/2=C/CN(CC[C@H](C2=O)OC1=O)C)(C)O,HISUXXSSPPIDKV-MTKURSTASA-N,False,,not_in_db,,,,,
,C[C@@H]1[C@@H]([C@@](C(=O)OC[C@@H]2CCN3[C@H]2[C@@H](CC3)OC1=O)(C)O)C,GXAPLLMJHZBIPX-VZYPABODSA-N,False,,not_in_db,,,,,
,C=CCC1=CC2=C(C=C1)OCO2,ZMQAAUBTXCXRIC-UHFFFAOYSA-N,True,1,간독성 있음 ⚠,exact,med,1,True,Safrole
,OCC(OCN1C=NC2=C1N=C(N)N=C2O[Na])CO,IRSCQMHQWWYFCW-UHFFFAOYSA-N,True,,vivo 라벨없음,exact,ambiguous,0,False,GANCICLOVIR SODIUM
,O=S(C1=NC2=CC=CC=C2N1[Na])CC3=NC=CC(OCCCOC)=C3C,YREYEVIYCVEVJK-UHFFFAOYSA-N,True,1,간독성 있음 ⚠,exact,high,3,False,Rabeprazole sodium
,CC(C(C)(C)C)N/C(NC1=CC=NC=C1)=N\C#N,IVVNZDGDKPTYHK-UHFFFAOYSA-N,True,,vivo 라벨없음,exact,med,3,True,PINACIDIL ANHYDROUS
,O=C(C(F)(F)CCCC)CC[C@@H]([C@@H](C1)O)[C@H](C1=O)CCCCCCC(O)=O,DBVFKLAGQHYVGQ-BFYDXBDKSA-N,False,,not_in_db,,,,,
,O=C(NCC(O)C1=CC=C(OC)C=C1)/C=C/C2=CC=CC=C2,QRFDENJATPJOKG-KPKJPENVSA-N,False,,not_in_db,,,,,
,COC1=CC=C(C=C1)CC=C,ZFMSMUAANRJZFM-UHFFFAOYSA-N,True,1,간독성 있음 ⚠,exact,med,1,True,estragole
,O=C1N=C(O[Na])NC1(C2=CC=CC=C2)C3=CC=CC=C3,CXOFVDLJLONNDW-UHFFFAOYSA-N,True,1,간독성 있음 ⚠,exact,high,5,True,Phenytoin
,C[C@@H]1O[C@@H]1P(O[Na])(O[Na])=O,YMDXZJFXQJVXBF-STHAYSLISA-N,True,0,간독성 없음,exact,med,2,False,FOSFOMYCIN
,NC(C1=C2N(N=C1C3=CC=C(OC4=CC=CC=C4)C=C3)[C@H](C5CCN(C(C=C)=O)CC5)CCN2)=O,RNOAOAWBMHREKO-QFIPXVFZSA-N,True,1,간독성 있음 ⚠,skeleton,low,2,False,Zanubrutinib
,O=C(OC1CCN(CCN(C(C2=CC=C(CN3CCC(C(N)=O)CC3)C=C2)=O)C)CC1)NC4=CC=CC=C4C5=CC=CC=C5,FYDWDCIFZSGNBU-UHFFFAOYSA-N,True,0,간독성 없음,exact,high,3,False,REVEFENACIN
,OC(P(O)(O[Na])=O)(P(O)(O[Na])=O)C,DBVJJBKOTRCVKF-UHFFFAOYSA-N,True,0,간독성 없음,exact,low,3,False,ETIDRONIC ACID
,O=S(C1=C(Cl)C=C(C2=C1)N=CNS2(=O)=O)(N)=O,JBMKAUGHUNFTOL-UHFFFAOYSA-N,True,1,간독성 있음 ⚠,exact,med,1,False,Chlorothiazide
,CC1=C(CSCC/N=C(NC)/NC#N)NC=N1,AQIXAKUUQRKLND-UHFFFAOYSA-N,True,1,간독성 있음 ⚠,exact,high,4,False,Cimetidine
,O=C1NC=C(F)C(N)=N1,XRECTZIEBJDKEO-UHFFFAOYSA-N,True,,vivo 라벨없음,exact,ambiguous,0,False,Flucytosine
,O=C([N-]C1=C[N+](N2CCOCC2)=NO1)OCC,IUVFAERPPHEQSB-UHFFFAOYSA-N,True,,vivo 라벨없음,exact,no_signal,0,False,
,O=C(N1C)N(C)C2=C(N=CN2)C1=O,ZFXYFBGIUFBOJW-UHFFFAOYSA-N,True,0,간독성 없음,exact,low,4,False,THEOPHYLLINE ANHYDROUS
,CN([C@H]1C[C@@H](NS(CCC)(=O)=O)C1)C2=C3C(NC=C3)=NC=N2,IUEWXNHSKRWHDY-PHIMTYICSA-N,True,0,간독성 없음,exact,med,2,False,ABROCITINIB
,NC(NC(NCCC1=CC=CC=C1)=N)=N,ICFJFFQQTFMIBG-UHFFFAOYSA-N,True,1,간독성 있음 ⚠,exact,med,1,False,Phenformin
,CC1=CC(=O)C(=C(C)C)CC1,HKZQJZIFODOLFR-UHFFFAOYSA-N,False,,not_in_db,,,,,
,CC1CCC2=C(C=CC=N2)C(=O)OCC3(C4C(C(C5(C(C(C(C(C5(C4OC(=O)C)O3)(C)O)OC1=O)OC(=O)C6=CC=CC=C6)OC(=O)C)COC(=O)C)OC(=O)C)OC(=O)C)C,ZOCKGJZEUVPPPI-UHFFFAOYSA-N,False,,not_in_db,,,,,
,O=C(NC1CCN(CC2CC=CCC2)CC1)C3=CC([N+]([O-])=O)=C(N)C=C3OCC,ZDLBNXXKDMLZMF-UHFFFAOYSA-N,True,0,간독성 없음,exact,med,2,False,cinitapride
,N=C(NS(=O)(N)=O)CCSCC1=CSC(NC(N)=N)=N1,XUFQPHANEAPEMJ-UHFFFAOYSA-N,True,1,간독성 있음 ⚠,exact,high,5,True,Famotidine
,O=S(C1=CC=C(Br)C=C1)(/N=C/NCCSCC2=CSC(NC(N)=N)=N2)=O,ZQHFZHPUZXNPMF-UHFFFAOYSA-N,True,1,간독성 있음 ⚠,exact,high,3,False,Ebrotidine
,FC1=C(N=C(N2CCN(C3=CC=CC(OC)=C3)CC2)N(C4=CC(C(F)(F)F)=CC=C4OC)[C@H]5CC(O)=O)C5=CC=C1,FWYSMLBETOMXAG-QHCPKHFHSA-N,True,1,간독성 있음 ⚠,skeleton,low,2,False,Letermovir
,O=C1C2=C(O)C=C(O)C3=C2C4=C(C5=C6C(O)=CC(C)=C5C7=C4C1=C(O)C=C7C)C8=C3C(O)=CC(O)=C8C6=O,BTXNYTINYBABQR-UHFFFAOYSA-N,False,,not_in_db,,,,,
,CN1C(C#N)=C2C(CN(C)C(C3=C([C@@H](C)OC4=C(N)N=CC2=C4)C=C(F)C=C3)=O)=N1,IIXWYSCJSQVBQM-LLVKDONJSA-N,True,,vivo 라벨없음,exact,ambiguous,0,False,LORLATINIB
,O=P(O[Na])(O[Na])C(O[Na])=O,ZJAOAACCNHFJAH-UHFFFAOYSA-N,True,,vivo 라벨없음,exact,ambiguous,0,False,FOSCARNET
,C[N@+]12CC[C@H]([C@]1(C(=CC2)CO)O)O,MHCDHCVYFDHGEB-UTLUCORTSA-N,False,,not_in_db,,,,,
,O=C1C2=C(N=C(/C=C/C3=CC(OC)=C(OC)C=C3)N2C)N(CC)C(N1CC)=O,IQVRBWUUXZMOPW-PKNBQFBNSA-N,True,0,간독성 없음,exact,high,2,False,ISTRADEFYLLINE
,CC(=O)CC1CCCCN1,JEIZLWNUBXHADF-UHFFFAOYSA-N,False,,not_in_db,,,,,
,C[C@H]1CCC[C@]2(C1=C[C@H]3[C@@H](C2)OC(=O)C3=C)C,PXOYOCNNSUAQNS-AGNJHWRGSA-N,False,,not_in_db,,,,,
,COC1=CC=CC2=C3C(=C(C=C21)[N+](=O)[O-])C(=CC4=C3OCO4)C(=O)O,BBFQZRXNYIEMAW-UHFFFAOYSA-N,True,1,간독성 있음 ⚠,exact,med,1,False,aristolochic acid I
,SC1=NC(N)=NC2=C1N=CN2,WYWHKKSPHMUBEB-UHFFFAOYSA-N,True,1,간독성 있음 ⚠,exact,high,4,False,Thioguanine
,OC1=CC=CC(OCC2=C(C3=CC=NN3C(C)C)N=CC=C2)=C1C=O,FWCVZAQENIZVMY-UHFFFAOYSA-N,True,0,간독성 없음,exact,high,2,False,Voxelotor
,O=C1N(C2=CC=CC=C2C)/C(S/C1=C\C3=CC=C(OC[C@H](O)CO)C(Cl)=C3)=N/CCC,LPAUOXUZGSBGDU-STDDISTJSA-N,True,,vivo 라벨없음,exact,ambiguous,0,False,PONESIMOD
,CC1=[N+]([O-])C(Cl)=C(C2=NOC(C3=CC([N+]([O-])=O)=C(O)C(O)=C3)=N2)C(C)=C1Cl,ASOADIZOVZTJSR-UHFFFAOYSA-N,True,0,간독성 없음,exact,high,3,False,OPICAPONE
,OCC(S)CS,WQABCVAJNWAXTE-UHFFFAOYSA-N,True,0,간독성 없음,exact,low,4,False,Dimercaprol
,NC1=NC(N2CCCCC2)=CC(N)=[N+]1[O-],ZFMITUMMTDLWHR-UHFFFAOYSA-N,True,0,간독성 없음,exact,med,2,False,MINOXIDIL
