name,canonical_smiles,inchi_key,label,db_label,sources,references
Ruzasvir,COC(=O)N[C@H](C(=O)N1CCC[C@H]1c1ncc(-c2cc(F)c3c(c2)O[C@@H](c2cnc(C4CC4)s2)n2c-3cc3cc(-c4cnc([C@@H]5CCCN5C(=O)[C@@H](NC(=O)OC)C(C)C)[nH]4)ccc32)[nH]1)C(C)C,AXWDHVUJXNOWCC-RAEGKSCOSA-N,1,0.0,targeted_antiviral.csv,https://www.ncbi.nlm.nih.gov/books/NBK548561/
Telaprevir,CCC[C@H](NC(=O)[C@@H]1[C@H]2CCC[C@H]2CN1C(=O)[C@@H](NC(=O)[C@@H](NC(=O)c1cnccn1)C1CCCCC1)C(C)(C)C)C(=O)C(=O)NC1CC1,BBAWEDCPNXPBQM-GDEBMMAJSA-N,1,0.0,targeted_antiviral.csv,https://www.ncbi.nlm.nih.gov/books/NBK548561/
Elbasvir,COC(=O)N[C@H](C(=O)N1CCC[C@H]1c1nc(-c2ccc3c(c2)O[C@@H](c2ccccc2)n2c-3cc3cc(-c4c[nH]c([C@@H]5CCCN5C(=O)[C@@H](NC(=O)OC)C(C)C)n4)ccc32)c[nH]1)C(C)C,BVAZQCUMNICBAQ-PZHYSIFUSA-N,1,0.0,targeted_antiviral.csv,https://www.ncbi.nlm.nih.gov/books/NBK385491/
Lobeglitazone,COc1ccc(Oc2cc(N(C)CCOc3ccc(CC4SC(=O)NC4=O)cc3)ncn2)cc1,CHHXEZSCHQVSRE-UHFFFAOYSA-N,1,0.0,diabetes_sleep.csv,https://pubchem.ncbi.nlm.nih.gov/compound/9826451
Nintedanib,COC(=O)c1ccc2c(C(=Nc3ccc(N(C)C(=O)CN4CCN(C)CC4)cc3)c3ccccc3)c(O)[nH]c2c1,CPMDPSXJELVGJG-UHFFFAOYSA-N,0,1.0,tki.csv,https://www.ncbi.nlm.nih.gov/books/NBK548135/
Isavuconazole,C[C@@H](c1nc(-c2ccc(C#N)cc2)cs1)[C@](O)(Cn1cncn1)c1cc(F)ccc1F,DDFOUSQFMYRUQK-RCDICMHDSA-N,1,0.0,anti_infective_misc.csv,https://www.ncbi.nlm.nih.gov/books/NBK548241/
Pamiparib,C[C@]12CCCN1CC1=NNC(=O)c3cc(F)cc4[nH]c2c1c34,DENYZIUJOTUUNY-MRXNPFEDSA-N,1,0.0,targeted_antiviral.csv,https://www.fda.gov/drugs/resources-information-approved-drugs
Osimertinib,C=CC(=O)Nc1cc(Nc2nccc(-c3cn(C)c4ccccc34)n2)c(OC)cc1N(C)CCN(C)C,DUYJMQONPNNFPI-UHFFFAOYSA-N,0,1.0,tki.csv,https://www.ncbi.nlm.nih.gov/books/NBK548495/
Velpatasvir,COC[C@H]1C[C@@H](c2nc(-c3ccc4c(c3)COc3cc5c(ccc6nc([C@@H]7CC[C@H](C)N7C(=O)[C@@H](NC(=O)OC)C(C)C)[nH]c65)cc3-4)c[nH]2)N(C(=O)[C@H](NC(=O)OC)c2ccccc2)C1,FHCUMDQMBHQXKK-CDIODLITSA-N,1,0.0,targeted_antiviral.csv,https://www.ncbi.nlm.nih.gov/books/NBK385497/
Panobinostat,Cc1[nH]c2ccccc2c1CCNCc1ccc(/C=C/C(=O)NO)cc1,FPOHNWQLNRZRFC-ZHACJKMWSA-N,1,0.0,targeted_antiviral.csv,https://www.ncbi.nlm.nih.gov/books/NBK548835/
Pirtobrutinib,COc1ccc(F)cc1C(=O)NCc1ccc(-c2nn([C@@H](C)C(F)(F)F)c(N)c2C(N)=O)cc1,FWZAWAUZXYCBKZ-NSHDSACASA-N,1,0.0,targeted_antiviral.csv,https://www.accessdata.fda.gov/drugsatfda_docs/label/2023/216059s000lbl.pdf
Ensartinib,CC1CN(C(=O)c2ccc(NC(=O)c3cc(OC(C)c4c(Cl)ccc(F)c4Cl)c(N)nn3)cc2)CC(C)N1,GLYMPHUVMRFTFV-UHFFFAOYSA-N,0,1.0,tki.csv,https://www.ncbi.nlm.nih.gov/books/NBK613924/
Vemurafenib,CCCS(=O)(=O)Nc1ccc(F)c(C(=O)c2c[nH]c3ncc(-c4ccc(Cl)cc4)cc23)c1F,GPXBXXGIAQBQNI-UHFFFAOYSA-N,0,1.0,tki.csv,https://www.ncbi.nlm.nih.gov/books/NBK548656/
Nilotinib,Cc1cn(-c2cc(NC(=O)c3ccc(C)c(Nc4nccc(-c5cccnc5)n4)c3)cc(C(F)(F)F)c2)cn1,HHZIURLSWUIHRB-UHFFFAOYSA-N,0,1.0,tki.csv,https://www.ncbi.nlm.nih.gov/books/NBK548443/
Everolimus,COC1CC2CCC(C)C(O)(O2)C(=O)C(=O)N2CCCCC2C(=O)OC(C(C)CC2CCC(OCCO)C(OC)C2)CC(=O)C(C)C=C(C)C(O)C(OC)C(=O)C(C)CC(C)C=CC=CC=C1C,HKVAMNSJSFKALM-UHFFFAOYSA-N,0,1.0,tki.csv,https://www.ncbi.nlm.nih.gov/books/NBK548857/
Pacritinib,C1=CCOCc2cc(ccc2OCCN2CCCC2)Nc2nccc(n2)-c2cccc(c2)COC1,HWXVIOGONBBTBY-UHFFFAOYSA-N,1,0.0,targeted_antiviral.csv;tki.csv,https://www.ncbi.nlm.nih.gov/books/NBK584180/;https://www.ncbi.nlm.nih.gov/books/NBK601409/
Idelalisib,CCC(Nc1ncnc2nc[nH]c12)c1nc2cccc(F)c2c(=O)n1-c1ccccc1,IFSDAJWBUCMOAH-UHFFFAOYSA-N,0,1.0,tki.csv,https://www.ncbi.nlm.nih.gov/books/NBK548840/
Veliparib,C[C@]1(c2nc3c(C(N)=O)cccc3[nH]2)CCCN1,JNAHVYVRKWKWKQ-CYBMUJFWSA-N,1,0.0,targeted_antiviral.csv,https://clinicaltrials.gov/study/NCT02163694
Simeprevir,COc1ccc2c(O[C@@H]3C[C@H]4C(=O)N[C@]5(C(=O)NS(=O)(=O)C6CC6)C[C@H]5/C=C\CCCCN(C)C(=O)[C@@H]4C3)cc(-c3nc(C(C)C)cs3)nc2c1C,JTZZSQYMACOLNN-VDWJNHBNSA-N,1,0.0,targeted_antiviral.csv,https://www.ncbi.nlm.nih.gov/books/NBK548858/
Boceprevir,CC(C)(C)NC(=O)N[C@H](C(=O)N1C[C@H]2[C@@H]([C@H]1C(=O)NC(CC1CCC1)C(=O)C(N)=O)C2(C)C)C(C)(C)C,LHHCSNFAOIFYRV-DOVBMPENSA-N,1,0.0,targeted_antiviral.csv,https://www.ncbi.nlm.nih.gov/books/NBK547852/
Capmatinib,CNC(=O)c1ccc(-c2cnc3ncc(Cc4ccc5ncccc5c4)n3n2)cc1F,LIOLIMKSCNQPLV-UHFFFAOYSA-N,0,1.0,tki.csv,https://www.ncbi.nlm.nih.gov/books/NBK595111/
Trametinib,CC(=O)Nc1cccc(-n2c(=O)n(C3CC3)c(=O)c3c(Nc4ccc(I)cc4F)n(C)c(=O)c(C)c32)c1,LIRYPHYGHXZJBZ-UHFFFAOYSA-N,0,1.0,tki.csv,https://www.ncbi.nlm.nih.gov/books/NBK548731/
Dacomitinib,COc1cc2ncnc(Nc3ccc(F)c(Cl)c3)c2cc1NC(=O)C=CCN1CCCCC1,LVXJQMNHJWSHET-UHFFFAOYSA-N,0,1.0,tki.csv,https://www.ncbi.nlm.nih.gov/books/NBK547996/
Glecaprevir,CC(C)(C)[C@@H]1NC(=O)O[C@@H]2CCC[C@H]2OC/C=C/C(F)(F)c2nc3ccccc3nc2O[C@@H]2C[C@@H](C(=O)N[C@]3(C(=O)NS(=O)(=O)C4(C)CC4)C[C@H]3C(F)F)N(C2)C1=O,MLSQGNCUYAMAHD-ITNVBOSISA-N,1,0.0,targeted_antiviral.csv,https://www.ncbi.nlm.nih.gov/books/NBK493517/
Ixazomib,CC(C)CC(NC(=O)CNC(=O)c1cc(Cl)ccc1Cl)B(O)O,MXAYKZJJDUDWDS-UHFFFAOYSA-N,1,0.0,targeted_antiviral.csv,https://www.ncbi.nlm.nih.gov/books/NBK548830/
Voxilaprevir,CC[C@@H]1[C@@H]2CN(C(=O)[C@H](C(C)(C)C)NC(=O)O[C@@H]3C[C@H]3CCCCC(F)(F)c3nc4ccc(OC)cc4nc3O2)[C@@H]1C(=O)N[C@]1(C(=O)NS(=O)(=O)C2(C)CC2)C[C@H]1C(F)F,MZBLZLWXUBZHSL-FZNJKFJKSA-N,1,0.0,targeted_antiviral.csv,https://www.ncbi.nlm.nih.gov/books/NBK500036/
Romidepsin,C/C=C1\NC(=O)[C@H]2CSSCC/C=C/[C@H](CC(=O)N[C@H](C(C)C)C(=O)N2)OC(=O)[C@H](C(C)C)NC1=O,OHRURASPPZQGQM-GCCNXGTGSA-N,1,0.0,targeted_antiviral.csv,https://www.ncbi.nlm.nih.gov/books/NBK548730/
Niraparib,NC(=O)c1cccc2cn(-c3ccc([C@@H]4CCCNC4)cc3)nc12,PCHKPVIQAHNQLW-CQSZACIVSA-N,1,0.0,targeted_antiviral.csv,https://www.ncbi.nlm.nih.gov/books/NBK493191/
Ombitasvir,COC(=O)N[C@H](C(=O)N1CCC[C@H]1C(=O)Nc1ccc([C@@H]2CC[C@@H](c3ccc(NC(=O)[C@@H]4CCCN4C(=O)[C@@H](NC(=O)OC)C(C)C)cc3)N2c2ccc(C(C)(C)C)cc2)cc1)C(C)C,PIDFDZJZLOTZTM-KHVQSSSXSA-N,1,0.0,targeted_antiviral.csv,https://www.ncbi.nlm.nih.gov/books/NBK548275/
Saxagliptin,N#CC1CC2CC2N1C(=O)C(N)C12CC3CC(CC(O)(C3)C1)C2,QGJUIPDUBHWZPV-UHFFFAOYSA-N,0,1.0,diabetes_sleep.csv,https://www.ncbi.nlm.nih.gov/books/NBK548688/
Filgotinib,O=C(Nc1nc2cccc(-c3ccc(CN4CCS(=O)(=O)CC4)cc3)n2n1)C1CC1,RIJLVEAXPNLDTC-UHFFFAOYSA-N,1,0.0,targeted_antiviral.csv;tki.csv,https://www.ncbi.nlm.nih.gov/books/NBK558959/;https://www.ema.europa.eu/en/documents/product-information/jyseleca-epar-product-information_en.pdf
Tirabrutinib,CC#CC(=O)N1CC[C@@H](n2c(=O)n(-c3ccc(Oc4ccccc4)cc3)c3c(N)ncnc32)C1,SEJLPXCPMNSRAM-GOSISDBHSA-N,1,0.0,targeted_antiviral.csv,https://www.pmda.go.jp/files/000234729.pdf
Alpelisib,Cc1nc(NC(=O)N2CCCC2C(N)=O)sc1-c1ccnc(C(C)(C)C(F)(F)F)c1,STUWGJZDJHPWGZ-UHFFFAOYSA-N,0,1.0,tki.csv,https://www.ncbi.nlm.nih.gov/books/NBK574353/
Paritaprevir,Cc1cnc(C(=O)N[C@H]2CCCCC/C=C\[C@@H]3C[C@@]3(C(=O)NS(=O)(=O)C3CC3)NC(=O)[C@@H]3C[C@@H](Oc4nc5ccccc5c5ccccc45)CN3C2=O)cn1,UAUIUKWPKRJZJV-QPLHLKROSA-N,1,0.0,targeted_antiviral.csv,https://www.ncbi.nlm.nih.gov/books/NBK548275/
Bosutinib,COc1cc(Nc2c(C#N)cnc3cc(OCCCN4CCN(C)CC4)c(OC)cc23)c(Cl)cc1Cl,UBPYILGKFZZVDX-UHFFFAOYSA-N,0,1.0,tki.csv,https://www.ncbi.nlm.nih.gov/books/NBK547951/
Ceritinib,Cc1cc(Nc2ncc(Cl)c(Nc3ccccc3S(=O)(=O)C(C)C)n2)c(OC(C)C)cc1C1CCNCC1,VERWOWGGCGHDQE-UHFFFAOYSA-N,0,1.0,tki.csv,https://www.ncbi.nlm.nih.gov/books/NBK548045/
Omadacycline,CN(C)c1cc(CNCC(C)(C)C)c(O)c2c1C[C@H]1C[C@H]3[C@H](N(C)C)C(=O)C(C(N)=O)=C(O)[C@@]3(O)C(=O)C1=C2O,VJYKVCURWJGLPG-IQZGDKDPSA-N,1,0.0,anti_infective_misc.csv,https://www.ncbi.nlm.nih.gov/books/NBK547852/
Pibrentasvir,COC(=O)N[C@H](C(=O)N1CCC[C@H]1c1nc2cc(F)c([C@H]3CC[C@H](c4cc5[nH]c([C@@H]6CCCN6C(=O)[C@@H](NC(=O)OC)[C@@H](C)OC)nc5cc4F)N3c3cc(F)c(N4CCC(c5ccc(F)cc5)CC4)c(F)c3)cc2[nH]1)[C@@H](C)OC,VJYSBPDEJWLKKJ-NLIMODCCSA-N,1,0.0,targeted_antiviral.csv,https://www.ncbi.nlm.nih.gov/books/NBK493517/
Ledipasvir,COC(=O)N[C@H](C(=O)N1CC2(CC2)C[C@H]1c1nc(-c2ccc3c(c2)C(F)(F)c2cc(-c4ccc5[nH]c([C@@H]6[C@H]7CC[C@H](C7)N6C(=O)[C@@H](NC(=O)OC)C(C)C)nc5c4)ccc2-3)c[nH]1)C(C)C,VRTWBAAJJOHBQU-KMWAZVGDSA-N,1,0.0,targeted_antiviral.csv,https://www.ncbi.nlm.nih.gov/books/NBK338429/
Vorinostat,O=C(CCCCCCC(=O)Nc1ccccc1)NO,WAEXFXRVDQXREF-UHFFFAOYSA-N,1,0.0,targeted_antiviral.csv,https://www.ncbi.nlm.nih.gov/books/NBK548299/
Asunaprevir,C=C[C@@H]1C[C@]1(NC(=O)[C@@H]1C[C@@H](Oc2ncc(OC)c3ccc(Cl)cc23)CN1C(=O)[C@@H](NC(=O)OC(C)(C)C)C(C)(C)C)C(=O)NS(=O)(=O)C1CC1,XRWSZZJLZRKHHD-WVWIJVSJSA-N,1,0.0,targeted_antiviral.csv,https://www.ncbi.nlm.nih.gov/books/NBK548768/
Canagliflozin,Cc1ccc(C2OC(CO)C(O)C(O)C2O)cc1Cc1ccc(-c2ccc(F)cc2)s1,XTNGUQKDFGDXSJ-UHFFFAOYSA-N,0,1.0,diabetes_sleep.csv,https://pubchem.ncbi.nlm.nih.gov/compound/24812758
Liraglutide,CCCCCCCCCCCCCCCC(=O)NC(CCC(=O)NCCCCC(NC(=O)C(C)NC(=O)C(C)NC(=O)C(CCC(N)=O)NC(=O)CNC(=O)C(CCC(=O)O)NC(=O)C(CC(C)C)NC(=O)C(Cc1ccc(O)cc1)NC(=O)C(CO)NC(=O)C(CO)NC(=O)C(NC(=O)C(CC(=O)O)NC(=O)C(CO)NC(=O)C(NC(=O)C(Cc1ccccc1)NC(=O)C(NC(=O)CNC(=O)C(CCC(=O)O)NC(=O)C(C)NC(=O)C(N)Cc1cnc[nH]1)C(C)O)C(C)O)C(C)C)C(=O)NC(CCC(=O)O)C(=O)NC(Cc1ccccc1)C(=O)NC(C(=O)NC(C)C(=O)NC(Cc1c[nH]c2ccccc12)C(=O)NC(CC(C)C)C(=O)NC(C(=O)NC(CCCNC(=N)N)C(=O)NCC(=O)NC(CCCNC(=N)N)C(=O)NCC(=O)O)C(C)C)C(C)CC)C(=O)O,YSDQQAXHVYUZIW-UHFFFAOYSA-N,0,1.0,diabetes_sleep.csv,https://www.ncbi.nlm.nih.gov/books/n/livertox/Liraglutide/
Dasatinib,Cc1nc(Nc2ncc(C(=O)Nc3c(C)cccc3Cl)s2)cc(N2CCN(CCO)CC2)n1,ZBNZXTGUTAYRHI-UHFFFAOYSA-N,0,1.0,tki.csv,https://www.ncbi.nlm.nih.gov/books/NBK548780/
Beclabuvir,COc1ccc2c(c1)[C@@H]1C[C@]1(C(=O)N1C3CCC1CN(C)C3)Cn1c-2c(C2CCCCC2)c2ccc(C(=O)NS(=O)(=O)N(C)C)cc21,ZTTKEBYSXUCBSE-VSBZUFFNSA-N,1,0.0,targeted_antiviral.csv,https://clinicaltrials.gov/study/NCT01911845
Momelotinib,N#CCNC(=O)c1ccc(-c2ccnc(Nc3ccc(N4CCOCC4)cc3)n2)cc1,ZVHNDZWQTBEVRY-UHFFFAOYSA-N,0,1.0,tki.csv,https://www.ncbi.nlm.nih.gov/books/NBK601410/
